[20:56:01] Autonomous Robot Node initialized. PID=10648, Start=(14, 1), Goal=(14, 20)
[20:56:01] Initial path planned (20 steps) to (14, 20).
[20:56:01] [Tick 0] Pos=(14, 2), Heading=SOUTH, State=EN_ROUTE_PICKUP, Action=MOVED, Priority=0.0, Battery=94.0%, Waits=0
[20:56:02] [Tick 1] Pos=(14, 3), Heading=SOUTH, State=EN_ROUTE_PICKUP, Action=MOVED, Priority=0.0, Battery=93.0%, Waits=0
[20:56:02] [Tick 2] Pos=(14, 4), Heading=SOUTH, State=EN_ROUTE_PICKUP, Action=MOVED, Priority=0.0, Battery=92.0%, Waits=0
[20:56:03] [Tick 3] Pos=(14, 5), Heading=SOUTH, State=EN_ROUTE_PICKUP, Action=MOVED, Priority=0.0, Battery=91.0%, Waits=0
[20:56:03] [Tick 4] Pos=(14, 6), Heading=SOUTH, State=EN_ROUTE_PICKUP, Action=MOVED, Priority=0.0, Battery=90.0%, Waits=0
[20:56:04] [Tick 5] Pos=(14, 7), Heading=SOUTH, State=EN_ROUTE_PICKUP, Action=MOVED, Priority=0.0, Battery=89.0%, Waits=0
[20:56:04] [Tick 6] Pos=(14, 8), Heading=SOUTH, State=EN_ROUTE_PICKUP, Action=MOVED, Priority=0.0, Battery=88.0%, Waits=0
[20:56:05] [Tick 7] Pos=(14, 9), Heading=SOUTH, State=EN_ROUTE_PICKUP, Action=MOVED, Priority=0.0, Battery=87.0%, Waits=0
[20:56:05] [Tick 8] Pos=(14, 10), Heading=SOUTH, State=EN_ROUTE_PICKUP, Action=MOVED, Priority=0.0, Battery=86.0%, Waits=0
[20:56:06] [Tick 9] Pos=(14, 11), Heading=SOUTH, State=EN_ROUTE_PICKUP, Action=MOVED, Priority=0.0, Battery=85.0%, Waits=0
[20:56:06] [Tick 10] Pos=(14, 12), Heading=SOUTH, State=EN_ROUTE_PICKUP, Action=MOVED, Priority=0.0, Battery=84.0%, Waits=0
[20:56:07] [Tick 11] Pos=(14, 13), Heading=SOUTH, State=EN_ROUTE_PICKUP, Action=MOVED, Priority=0.0, Battery=83.0%, Waits=0
[20:56:07] [Tick 12] Pos=(14, 14), Heading=SOUTH, State=EN_ROUTE_PICKUP, Action=MOVED, Priority=0.0, Battery=82.0%, Waits=0
[20:56:08] [Tick 13] Pos=(14, 15), Heading=SOUTH, State=EN_ROUTE_PICKUP, Action=MOVED, Priority=0.0, Battery=81.0%, Waits=0
[20:56:08] [Tick 14] Pos=(14, 16), Heading=SOUTH, State=EN_ROUTE_PICKUP, Action=MOVED, Priority=0.0, Battery=80.0%, Waits=0
[20:56:09] [Tick 15] Pos=(14, 17), Heading=SOUTH, State=EN_ROUTE_PICKUP, Action=MOVED, Priority=0.0, Battery=79.0%, Waits=0
[20:56:09] [Tick 16] Pos=(14, 18), Heading=SOUTH, State=EN_ROUTE_PICKUP, Action=MOVED, Priority=0.0, Battery=78.0%, Waits=0
[20:56:10] [Tick 17] Pos=(14, 19), Heading=SOUTH, State=EN_ROUTE_PICKUP, Action=MOVED, Priority=0.0, Battery=77.0%, Waits=0
[20:56:10] [Tick 18] Reached mission destination (14, 20)! Entering DROPPING state.
[20:56:10] [Tick 18] Pos=(14, 20), Heading=SOUTH, State=DROPPING, Action=MOVED, Priority=0.0, Battery=76.0%, Waits=0
[20:56:11] [Tick 19] Executing atomic dropoff at (14, 20)...
[20:56:11] [Tick 20] Pos=(14, 20), Heading=SOUTH, State=IDLE, Action=IDLE, Priority=0.0, Battery=76.0%, Waits=0
[20:56:12] [Tick 21] Pos=(14, 20), Heading=SOUTH, State=IDLE, Action=IDLE, Priority=0.0, Battery=76.0%, Waits=0
[20:56:12] [Tick 22] Pos=(14, 20), Heading=SOUTH, State=IDLE, Action=IDLE, Priority=0.0, Battery=76.0%, Waits=0
[20:56:13] [Tick 23] Pos=(14, 20), Heading=SOUTH, State=IDLE, Action=IDLE, Priority=0.0, Battery=76.0%, Waits=0
[20:56:13] [Tick 24] Pos=(14, 20), Heading=SOUTH, State=IDLE, Action=IDLE, Priority=0.0, Battery=76.0%, Waits=0
[20:56:14] [Tick 25] Pos=(14, 20), Heading=SOUTH, State=IDLE, Action=IDLE, Priority=0.0, Battery=76.0%, Waits=0
[20:56:14] [Tick 26] Pos=(14, 20), Heading=SOUTH, State=IDLE, Action=IDLE, Priority=0.0, Battery=76.0%, Waits=0
[20:56:15] [Tick 27] Pos=(14, 20), Heading=SOUTH, State=IDLE, Action=IDLE, Priority=0.0, Battery=76.0%, Waits=0
[20:56:15] [Tick 28] Pos=(14, 20), Heading=SOUTH, State=IDLE, Action=IDLE, Priority=0.0, Battery=76.0%, Waits=0
[20:56:16] [Tick 29] Triggered background audit mission to (14, 12).
[20:56:16] [Tick 29] Pos=(14, 19), Heading=NORTH, State=AUDITING, Action=MOVED, Priority=0.0, Battery=75.0%, Waits=0
[20:56:16] [Tick 30] Pos=(14, 18), Heading=NORTH, State=AUDITING, Action=MOVED, Priority=0.0, Battery=74.0%, Waits=0
[20:56:17] [Tick 31] Pos=(14, 17), Heading=NORTH, State=AUDITING, Action=MOVED, Priority=0.0, Battery=73.0%, Waits=0
[20:56:17] [Tick 32] Pos=(14, 16), Heading=NORTH, State=AUDITING, Action=MOVED, Priority=0.0, Battery=72.0%, Waits=0
[20:56:18] [Tick 33] Pos=(14, 15), Heading=NORTH, State=AUDITING, Action=MOVED, Priority=0.0, Battery=71.0%, Waits=0
[20:56:18] [Tick 34] Pos=(14, 14), Heading=NORTH, State=AUDITING, Action=MOVED, Priority=0.0, Battery=70.0%, Waits=0
[20:56:19] [Tick 35] Pos=(14, 13), Heading=NORTH, State=AUDITING, Action=MOVED, Priority=0.0, Battery=69.0%, Waits=0
[20:56:19] [Tick 36] [AUDIT SIMULATED] Checkpoint (14, 12): Shelf items verified (count=55, audit_id=AUDIT-4838)
[20:56:19] [Tick 36] Pos=(14, 12), Heading=NORTH, State=IDLE, Action=COMPLETED, Priority=0.0, Battery=68.0%, Waits=0
[20:56:20] [Tick 37] Pos=(14, 12), Heading=NORTH, State=IDLE, Action=IDLE, Priority=0.0, Battery=68.0%, Waits=0
[20:56:20] [Tick 38] Pos=(14, 12), Heading=NORTH, State=IDLE, Action=IDLE, Priority=0.0, Battery=68.0%, Waits=0
[20:56:21] [Tick 39] Pos=(14, 12), Heading=NORTH, State=IDLE, Action=IDLE, Priority=0.0, Battery=68.0%, Waits=0
[20:56:21] [Tick 40] Pos=(14, 12), Heading=NORTH, State=IDLE, Action=IDLE, Priority=0.0, Battery=68.0%, Waits=0
[20:56:22] [Tick 41] Pos=(14, 12), Heading=NORTH, State=IDLE, Action=IDLE, Priority=0.0, Battery=68.0%, Waits=0
[20:56:22] [Tick 42] Pos=(14, 12), Heading=NORTH, State=IDLE, Action=IDLE, Priority=0.0, Battery=68.0%, Waits=0
[20:56:23] [Tick 43] Pos=(14, 12), Heading=NORTH, State=IDLE, Action=IDLE, Priority=0.0, Battery=68.0%, Waits=0
[20:56:23] [Tick 44] Pos=(14, 12), Heading=NORTH, State=IDLE, Action=IDLE, Priority=0.0, Battery=68.0%, Waits=0
[20:56:24] [Tick 45] Pos=(14, 12), Heading=NORTH, State=IDLE, Action=IDLE, Priority=0.0, Battery=68.0%, Waits=0
[20:56:24] [Tick 46] Triggered background audit mission to (14, 6).
[20:56:24] [Tick 46] Pos=(14, 11), Heading=NORTH, State=AUDITING, Action=MOVED, Priority=0.0, Battery=67.0%, Waits=0
[20:56:25] [Tick 47] Pos=(14, 10), Heading=NORTH, State=AUDITING, Action=MOVED, Priority=0.0, Battery=66.0%, Waits=0
[20:56:25] [Tick 48] Pos=(14, 9), Heading=NORTH, State=AUDITING, Action=MOVED, Priority=0.0, Battery=65.0%, Waits=0
[20:56:26] [Tick 49] Pos=(14, 8), Heading=NORTH, State=AUDITING, Action=MOVED, Priority=0.0, Battery=64.0%, Waits=0
[20:56:26] [Tick 50] Pos=(14, 7), Heading=NORTH, State=AUDITING, Action=MOVED, Priority=0.0, Battery=63.0%, Waits=0
[20:56:27] [Tick 51] CONFLICT DETECTED with AMR-01 (CELL_OVERLAP) at cell (14, 6)! My Priority=0.0, Peer Priority=0.0
[20:56:27] [Tick 51] ARBITRATION RESULT: LOST to AMR-01. Action=YIELD. Yielded right-of-way.
[20:56:27] [Tick 51] Replanned alternate detour path (2 steps).
[20:56:27] [Tick 51] Pos=(14, 7), Heading=NORTH, State=CONFLICT_NEGOTIATING, Action=YIELDED / BRAKED, Priority=0.0, Battery=63.0%, Waits=1
[20:56:27] [Tick 52] CONFLICT DETECTED with AMR-01 (CELL_OVERLAP) at cell (14, 6)! My Priority=0.0, Peer Priority=0.0
[20:56:27] [Tick 52] ARBITRATION RESULT: LOST to AMR-01. Action=YIELD. Yielded right-of-way.
[20:56:27] [Tick 52] Replanned alternate detour path (2 steps).
[20:56:27] [Tick 52] Pos=(14, 7), Heading=NORTH, State=CONFLICT_NEGOTIATING, Action=YIELDED / BRAKED, Priority=0.0, Battery=63.0%, Waits=2
[20:56:28] [Tick 53] Deadlock/livelock detected (4 wait ticks). Seeking alternate route/nook...
[20:56:28] [Tick 53] Alternate route found to goal (31 steps).
[20:56:28] [Tick 53] Pos=(14, 7), Heading=NORTH, State=CONFLICT_NEGOTIATING, Action=WAITING, Priority=0.0, Battery=62.9%, Waits=3
[20:56:28] [Tick 54] Deadlock/livelock detected (5 wait ticks). Seeking alternate route/nook...
[20:56:28] [Tick 54] Alternate route found to goal (31 steps).
[20:56:28] [Tick 54] Pos=(14, 7), Heading=NORTH, State=CONFLICT_NEGOTIATING, Action=WAITING, Priority=0.0, Battery=62.8%, Waits=4
[20:56:29] [Tick 55] Deadlock/livelock detected (6 wait ticks). Seeking alternate route/nook...
[20:56:29] [Tick 55] Alternate route found to goal (31 steps).
[20:56:29] [Tick 55] Pos=(14, 7), Heading=NORTH, State=CONFLICT_NEGOTIATING, Action=WAITING, Priority=0.0, Battery=62.7%, Waits=5
[20:56:29] [Tick 56] Deadlock/livelock detected (7 wait ticks). Seeking alternate route/nook...
[20:56:29] [Tick 56] Alternate route found to goal (31 steps).
[20:56:29] [Tick 56] Pos=(14, 7), Heading=NORTH, State=CONFLICT_NEGOTIATING, Action=WAITING, Priority=0.0, Battery=62.6%, Waits=6
[20:56:30] [Tick 57] Deadlock/livelock detected (8 wait ticks). Seeking alternate route/nook...
[20:56:30] [Tick 57] Alternate route found to goal (31 steps).
[20:56:30] [Tick 57] Pos=(14, 7), Heading=NORTH, State=CONFLICT_NEGOTIATING, Action=WAITING, Priority=0.0, Battery=62.5%, Waits=7
[20:56:30] [Tick 58] Deadlock/livelock detected (9 wait ticks). Seeking alternate route/nook...
[20:56:30] [Tick 58] Alternate route found to goal (31 steps).
[20:56:30] [Tick 58] Pos=(14, 7), Heading=NORTH, State=CONFLICT_NEGOTIATING, Action=WAITING, Priority=0.0, Battery=62.4%, Waits=8
[20:56:31] [Tick 59] Deadlock/livelock detected (10 wait ticks). Seeking alternate route/nook...
[20:56:31] [Tick 59] Alternate route found to goal (2 steps).
[20:56:31] [Tick 59] Conflict cleared: resumed state AUDITING.
[20:56:31] [Tick 59] [AUDIT SIMULATED] Checkpoint (14, 6): Shelf items verified (count=19, audit_id=AUDIT-3663)
[20:56:31] [Tick 59] Pos=(14, 6), Heading=NORTH, State=IDLE, Action=COMPLETED, Priority=0.0, Battery=61.4%, Waits=0
[20:56:31] [Tick 60] Pos=(14, 6), Heading=NORTH, State=IDLE, Action=IDLE, Priority=0.0, Battery=61.4%, Waits=0
[20:56:32] [Tick 61] Pos=(14, 6), Heading=NORTH, State=IDLE, Action=IDLE, Priority=0.0, Battery=61.4%, Waits=0
[20:56:32] [Tick 62] Pos=(14, 6), Heading=NORTH, State=IDLE, Action=IDLE, Priority=0.0, Battery=61.4%, Waits=0
[20:56:33] [Tick 63] Pos=(14, 6), Heading=NORTH, State=IDLE, Action=IDLE, Priority=0.0, Battery=61.4%, Waits=0
[20:56:33] [Tick 64] Pos=(14, 6), Heading=NORTH, State=IDLE, Action=IDLE, Priority=0.0, Battery=61.4%, Waits=0
[20:56:34] [Tick 65] Pos=(14, 6), Heading=NORTH, State=IDLE, Action=IDLE, Priority=0.0, Battery=61.4%, Waits=0
[20:56:34] [Tick 66] Pos=(14, 6), Heading=NORTH, State=IDLE, Action=IDLE, Priority=0.0, Battery=61.4%, Waits=0
[20:56:35] [Tick 67] Pos=(14, 6), Heading=NORTH, State=IDLE, Action=IDLE, Priority=0.0, Battery=61.4%, Waits=0
[20:56:35] [Tick 68] Pos=(14, 6), Heading=NORTH, State=IDLE, Action=IDLE, Priority=0.0, Battery=61.4%, Waits=0
[20:56:36] [Tick 69] Triggered background audit mission to (20, 6).
[20:56:36] [Tick 69] Pos=(15, 6), Heading=EAST, State=AUDITING, Action=MOVED, Priority=0.0, Battery=60.4%, Waits=0
[20:56:36] [Tick 70] Pos=(16, 6), Heading=EAST, State=AUDITING, Action=MOVED, Priority=0.0, Battery=59.4%, Waits=0
[20:56:37] [Tick 71] Pos=(17, 6), Heading=EAST, State=AUDITING, Action=MOVED, Priority=0.0, Battery=58.4%, Waits=0
[20:56:37] [Tick 72] Pos=(18, 6), Heading=EAST, State=AUDITING, Action=MOVED, Priority=0.0, Battery=57.4%, Waits=0
[20:56:38] [Tick 73] Pos=(19, 6), Heading=EAST, State=AUDITING, Action=MOVED, Priority=0.0, Battery=56.4%, Waits=0
[20:56:38] [Tick 74] CONFLICT DETECTED with AMR-01 (CELL_OVERLAP) at cell (20, 6)! My Priority=0.0, Peer Priority=0.0
[20:56:38] [Tick 74] ARBITRATION RESULT: LOST to AMR-01. Action=YIELD. Yielded right-of-way.
[20:56:38] [Tick 74] Replanned alternate detour path (2 steps).
[20:56:38] [Tick 74] Pos=(19, 6), Heading=EAST, State=CONFLICT_NEGOTIATING, Action=YIELDED / BRAKED, Priority=0.0, Battery=56.4%, Waits=1
[20:56:39] [Tick 75] CONFLICT DETECTED with AMR-01 (SWAP_CONFLICT) at cell (20, 6)! My Priority=0.0, Peer Priority=0.0
[20:56:39] [Tick 75] ARBITRATION RESULT: LOST to AMR-01. Action=YIELD. Yielded right-of-way.
[20:56:39] [Tick 75] Pos=(19, 6), Heading=EAST, State=CONFLICT_NEGOTIATING, Action=YIELDED / BRAKED, Priority=0.0, Battery=56.4%, Waits=2
[20:56:39] [Tick 76] Deadlock/livelock detected (4 wait ticks). Seeking alternate route/nook...
[20:56:39] [Tick 76] Stepping aside into free nook (19, 7) to let oncoming peer pass.
[20:56:39] [Tick 76] Conflict cleared: resumed state AUDITING.
[20:56:39] [Tick 76] Pos=(19, 7), Heading=SOUTH, State=AUDITING, Action=MOVED, Priority=0.0, Battery=55.4%, Waits=0
[20:56:40] [Tick 77] Pos=(20, 7), Heading=EAST, State=AUDITING, Action=MOVED, Priority=0.0, Battery=54.4%, Waits=0
[20:56:40] [Tick 78] Pos=(20, 7), Heading=EAST, State=AUDITING, Action=WAITING, Priority=0.0, Battery=54.3%, Waits=1
[20:56:41] [Tick 79] Pos=(20, 7), Heading=EAST, State=AUDITING, Action=WAITING, Priority=0.0, Battery=54.2%, Waits=2
[20:56:41] [Tick 80] Pos=(20, 7), Heading=EAST, State=AUDITING, Action=WAITING, Priority=0.0, Battery=54.1%, Waits=3
[20:56:42] [Tick 81] Deadlock/livelock detected (3 wait ticks). Seeking alternate route/nook...
[20:56:42] [Tick 81] Alternate route found to goal (2 steps).
[20:56:42] [Tick 81] [AUDIT SIMULATED] Checkpoint (20, 6): Shelf items verified (count=77, audit_id=AUDIT-7869)
[20:56:42] [Tick 81] Pos=(20, 6), Heading=NORTH, State=IDLE, Action=COMPLETED, Priority=0.0, Battery=53.1%, Waits=0
[20:56:42] [Tick 82] Pos=(20, 6), Heading=NORTH, State=IDLE, Action=IDLE, Priority=0.0, Battery=53.1%, Waits=0
[20:56:43] [Tick 83] Pos=(20, 6), Heading=NORTH, State=IDLE, Action=IDLE, Priority=0.0, Battery=53.1%, Waits=0
[20:56:43] [Tick 84] Pos=(20, 6), Heading=NORTH, State=IDLE, Action=IDLE, Priority=0.0, Battery=53.1%, Waits=0
[20:56:44] [Tick 85] Pos=(20, 6), Heading=NORTH, State=IDLE, Action=IDLE, Priority=0.0, Battery=53.1%, Waits=0
[20:56:44] [Tick 86] Pos=(20, 6), Heading=NORTH, State=IDLE, Action=IDLE, Priority=0.0, Battery=53.1%, Waits=0
[20:56:45] [Tick 87] Pos=(20, 6), Heading=NORTH, State=IDLE, Action=IDLE, Priority=0.0, Battery=53.1%, Waits=0
[20:56:45] [Tick 88] Pos=(20, 6), Heading=NORTH, State=IDLE, Action=IDLE, Priority=0.0, Battery=53.1%, Waits=0
[20:56:46] [Tick 89] Pos=(20, 6), Heading=NORTH, State=IDLE, Action=IDLE, Priority=0.0, Battery=53.1%, Waits=0
[20:56:46] [Tick 90] Pos=(20, 6), Heading=NORTH, State=IDLE, Action=IDLE, Priority=0.0, Battery=53.1%, Waits=0
[20:56:47] [Tick 91] Triggered background audit mission to (14, 6).
[20:56:47] [Tick 91] Pos=(19, 6), Heading=WEST, State=AUDITING, Action=MOVED, Priority=0.0, Battery=52.1%, Waits=0
[20:56:47] [Tick 92] Pos=(18, 6), Heading=WEST, State=AUDITING, Action=MOVED, Priority=0.0, Battery=51.1%, Waits=0
[20:56:48] [Tick 93] Pos=(18, 6), Heading=WEST, State=AUDITING, Action=WAITING, Priority=0.0, Battery=51.0%, Waits=1
[20:56:48] [Tick 94] Pos=(18, 6), Heading=WEST, State=AUDITING, Action=WAITING, Priority=0.0, Battery=50.9%, Waits=2
[20:56:49] [Tick 95] Pos=(18, 6), Heading=WEST, State=AUDITING, Action=WAITING, Priority=0.0, Battery=50.8%, Waits=3
[20:56:49] [Tick 96] Deadlock/livelock detected (3 wait ticks). Seeking alternate route/nook...
[20:56:49] [Tick 96] Stepping aside into free nook (18, 7) to let oncoming peer pass.
[20:56:49] [Tick 96] Pos=(18, 7), Heading=SOUTH, State=AUDITING, Action=MOVED, Priority=0.0, Battery=49.8%, Waits=0
[20:56:50] [Tick 97] Pos=(17, 7), Heading=WEST, State=AUDITING, Action=MOVED, Priority=0.0, Battery=48.8%, Waits=0
[20:56:50] [Tick 98] Pos=(16, 7), Heading=WEST, State=AUDITING, Action=MOVED, Priority=0.0, Battery=47.8%, Waits=0
[20:56:51] [Tick 99] Pos=(15, 7), Heading=WEST, State=AUDITING, Action=MOVED, Priority=0.0, Battery=46.8%, Waits=0
[20:56:51] [Tick 100] Pos=(14, 7), Heading=WEST, State=AUDITING, Action=MOVED, Priority=0.0, Battery=45.8%, Waits=0
[20:56:52] [Tick 101] Pos=(14, 7), Heading=WEST, State=AUDITING, Action=WAITING, Priority=0.0, Battery=45.7%, Waits=1
[20:56:52] [Tick 102] Pos=(14, 7), Heading=WEST, State=AUDITING, Action=WAITING, Priority=0.0, Battery=45.6%, Waits=2
[20:56:53] [Tick 103] Pos=(14, 7), Heading=WEST, State=AUDITING, Action=WAITING, Priority=0.0, Battery=45.5%, Waits=3
[20:56:53] [Tick 104] Deadlock/livelock detected (3 wait ticks). Seeking alternate route/nook...
[20:56:53] [Tick 104] Alternate route found to goal (2 steps).
[20:56:53] [Tick 104] [AUDIT SIMULATED] Checkpoint (14, 6): Shelf items verified (count=66, audit_id=AUDIT-5983)
[20:56:53] [Tick 104] Pos=(14, 6), Heading=NORTH, State=IDLE, Action=COMPLETED, Priority=0.0, Battery=44.5%, Waits=0
[20:56:54] [Tick 105] Pos=(14, 6), Heading=NORTH, State=IDLE, Action=IDLE, Priority=0.0, Battery=44.5%, Waits=0
[20:56:54] [Tick 106] Pos=(14, 6), Heading=NORTH, State=IDLE, Action=IDLE, Priority=0.0, Battery=44.5%, Waits=0
[20:56:55] [Tick 107] Pos=(14, 6), Heading=NORTH, State=IDLE, Action=IDLE, Priority=0.0, Battery=44.5%, Waits=0
[20:56:55] [Tick 108] Pos=(14, 6), Heading=NORTH, State=IDLE, Action=IDLE, Priority=0.0, Battery=44.5%, Waits=0
[20:56:56] [Tick 109] Pos=(14, 6), Heading=NORTH, State=IDLE, Action=IDLE, Priority=0.0, Battery=44.5%, Waits=0
[20:56:56] [Tick 110] Pos=(14, 6), Heading=NORTH, State=IDLE, Action=IDLE, Priority=0.0, Battery=44.5%, Waits=0
[20:56:57] [Tick 111] Pos=(14, 6), Heading=NORTH, State=IDLE, Action=IDLE, Priority=0.0, Battery=44.5%, Waits=0
[20:56:57] [Tick 112] Pos=(14, 6), Heading=NORTH, State=IDLE, Action=IDLE, Priority=0.0, Battery=44.5%, Waits=0
[20:56:58] [Tick 113] Pos=(14, 6), Heading=NORTH, State=IDLE, Action=IDLE, Priority=0.0, Battery=44.5%, Waits=0
[20:56:58] [Tick 114] Triggered background audit mission to (20, 6).
[20:56:58] [Tick 114] CONFLICT DETECTED with AMR-01 (SWAP_CONFLICT) at cell (15, 6)! My Priority=0.0, Peer Priority=0.0
[20:56:58] [Tick 114] ARBITRATION RESULT: LOST to AMR-01. Action=YIELD. Yielded right-of-way.
[20:56:58] [Tick 114] Replanned alternate detour path (7 steps).
[20:56:58] [Tick 114] Pos=(14, 6), Heading=NORTH, State=CONFLICT_NEGOTIATING, Action=YIELDED / BRAKED, Priority=0.0, Battery=44.5%, Waits=1
[20:56:59] [Tick 115] CONFLICT DETECTED with AMR-01 (SWAP_CONFLICT) at cell (15, 6)! My Priority=0.0, Peer Priority=0.0
[20:56:59] [Tick 115] ARBITRATION RESULT: LOST to AMR-01. Action=YIELD. Yielded right-of-way.
[20:56:59] [Tick 115] Replanned alternate detour path (7 steps).
[20:56:59] [Tick 115] Pos=(14, 6), Heading=NORTH, State=CONFLICT_NEGOTIATING, Action=YIELDED / BRAKED, Priority=0.0, Battery=44.5%, Waits=2
[20:56:59] [Tick 116] Deadlock/livelock detected (4 wait ticks). Seeking alternate route/nook...
[20:56:59] [Tick 116] Alternate route found to goal (14 steps).
[20:56:59] [Tick 116] Pos=(14, 6), Heading=NORTH, State=CONFLICT_NEGOTIATING, Action=WAITING, Priority=0.0, Battery=44.4%, Waits=3
[20:57:00] [Tick 117] Deadlock/livelock detected (5 wait ticks). Seeking alternate route/nook...
[20:57:00] [Tick 117] Alternate route found to goal (7 steps).
[20:57:00] [Tick 117] Conflict cleared: resumed state AUDITING.
[20:57:00] [Tick 117] Pos=(15, 6), Heading=EAST, State=AUDITING, Action=MOVED, Priority=0.0, Battery=43.4%, Waits=0
[20:57:00] [Tick 118] Pos=(16, 6), Heading=EAST, State=AUDITING, Action=MOVED, Priority=0.0, Battery=42.4%, Waits=0
[20:57:01] [Tick 119] Pos=(17, 6), Heading=EAST, State=AUDITING, Action=MOVED, Priority=0.0, Battery=41.4%, Waits=0
[20:57:01] [Tick 120] Pos=(18, 6), Heading=EAST, State=AUDITING, Action=MOVED, Priority=0.0, Battery=40.4%, Waits=0
[20:57:02] [Tick 121] Pos=(19, 6), Heading=EAST, State=AUDITING, Action=MOVED, Priority=0.0, Battery=39.4%, Waits=0
[20:57:02] [Tick 122] [AUDIT SIMULATED] Checkpoint (20, 6): Shelf items verified (count=67, audit_id=AUDIT-3307)
[20:57:02] [Tick 122] Pos=(20, 6), Heading=EAST, State=IDLE, Action=COMPLETED, Priority=0.0, Battery=38.4%, Waits=0
[20:57:03] [Tick 123] Pos=(20, 6), Heading=EAST, State=IDLE, Action=IDLE, Priority=0.0, Battery=38.4%, Waits=0
[20:57:03] [Tick 124] Pos=(20, 6), Heading=EAST, State=IDLE, Action=IDLE, Priority=0.0, Battery=38.4%, Waits=0
[20:57:04] [Tick 125] Pos=(20, 6), Heading=EAST, State=IDLE, Action=IDLE, Priority=0.0, Battery=38.4%, Waits=0
[20:57:04] [Tick 126] Pos=(20, 6), Heading=EAST, State=IDLE, Action=IDLE, Priority=0.0, Battery=38.4%, Waits=0
[20:57:05] [Tick 127] Pos=(20, 6), Heading=EAST, State=IDLE, Action=IDLE, Priority=0.0, Battery=38.4%, Waits=0
[20:57:05] [Tick 128] Pos=(20, 6), Heading=EAST, State=IDLE, Action=IDLE, Priority=0.0, Battery=38.4%, Waits=0
[20:57:06] [Tick 129] Pos=(20, 6), Heading=EAST, State=IDLE, Action=IDLE, Priority=0.0, Battery=38.4%, Waits=0
[20:57:06] [Tick 130] Pos=(20, 6), Heading=EAST, State=IDLE, Action=IDLE, Priority=0.0, Battery=38.4%, Waits=0
[20:57:07] [Tick 131] Pos=(20, 6), Heading=EAST, State=IDLE, Action=IDLE, Priority=0.0, Battery=38.4%, Waits=0
[20:57:07] [Tick 132] Triggered background audit mission to (14, 6).
[20:57:07] [Tick 132] Pos=(19, 6), Heading=WEST, State=AUDITING, Action=MOVED, Priority=0.0, Battery=37.4%, Waits=0
[20:57:08] [Tick 133] Pos=(18, 6), Heading=WEST, State=AUDITING, Action=MOVED, Priority=0.0, Battery=36.4%, Waits=0
[20:57:08] [Tick 134] Pos=(18, 6), Heading=WEST, State=AUDITING, Action=WAITING, Priority=0.0, Battery=36.3%, Waits=1
[20:57:09] [Tick 135] Pos=(18, 6), Heading=WEST, State=AUDITING, Action=WAITING, Priority=0.0, Battery=36.2%, Waits=2
[20:57:09] [Tick 136] Pos=(18, 6), Heading=WEST, State=AUDITING, Action=WAITING, Priority=0.0, Battery=36.1%, Waits=3
[20:57:10] [Tick 137] Deadlock/livelock detected (3 wait ticks). Seeking alternate route/nook...
[20:57:10] [Tick 137] Stepping aside into free nook (18, 7) to let oncoming peer pass.
[20:57:10] [Tick 137] Pos=(18, 7), Heading=SOUTH, State=AUDITING, Action=MOVED, Priority=0.0, Battery=35.1%, Waits=0
[20:57:10] [Tick 138] Pos=(17, 7), Heading=WEST, State=AUDITING, Action=MOVED, Priority=0.0, Battery=34.1%, Waits=0
[20:57:11] [Tick 139] Pos=(16, 7), Heading=WEST, State=AUDITING, Action=MOVED, Priority=0.0, Battery=33.1%, Waits=0
[20:57:11] [Tick 140] Pos=(15, 7), Heading=WEST, State=AUDITING, Action=MOVED, Priority=0.0, Battery=32.1%, Waits=0
[20:57:12] [Tick 141] Pos=(14, 7), Heading=WEST, State=AUDITING, Action=MOVED, Priority=0.0, Battery=31.1%, Waits=0
[20:57:12] [Tick 142] Pos=(14, 7), Heading=WEST, State=AUDITING, Action=WAITING, Priority=0.0, Battery=31.0%, Waits=1
[20:57:13] [Tick 143] Pos=(14, 7), Heading=WEST, State=AUDITING, Action=WAITING, Priority=0.0, Battery=30.9%, Waits=2
[20:57:13] [Tick 144] Pos=(14, 7), Heading=WEST, State=AUDITING, Action=WAITING, Priority=0.0, Battery=30.8%, Waits=3
[20:57:14] [Tick 145] Deadlock/livelock detected (3 wait ticks). Seeking alternate route/nook...
[20:57:14] [Tick 145] Alternate route found to goal (2 steps).
[20:57:14] [Tick 145] [AUDIT SIMULATED] Checkpoint (14, 6): Shelf items verified (count=97, audit_id=AUDIT-6180)
[20:57:14] [Tick 145] Pos=(14, 6), Heading=NORTH, State=IDLE, Action=COMPLETED, Priority=0.0, Battery=29.8%, Waits=0
[20:57:14] [Tick 146] Pos=(14, 6), Heading=NORTH, State=IDLE, Action=IDLE, Priority=0.0, Battery=29.8%, Waits=0
[20:57:15] [Tick 147] Pos=(14, 6), Heading=NORTH, State=IDLE, Action=IDLE, Priority=0.0, Battery=29.8%, Waits=0
[20:57:15] [Tick 148] Pos=(14, 6), Heading=NORTH, State=IDLE, Action=IDLE, Priority=0.0, Battery=29.8%, Waits=0
[20:57:16] [Tick 149] Pos=(14, 6), Heading=NORTH, State=IDLE, Action=IDLE, Priority=0.0, Battery=29.8%, Waits=0
[20:57:16] [Tick 150] Pos=(14, 6), Heading=NORTH, State=IDLE, Action=IDLE, Priority=0.0, Battery=29.8%, Waits=0
[20:57:17] [Tick 151] Pos=(14, 6), Heading=NORTH, State=IDLE, Action=IDLE, Priority=0.0, Battery=29.8%, Waits=0
[20:57:17] [Tick 152] Pos=(14, 6), Heading=NORTH, State=IDLE, Action=IDLE, Priority=0.0, Battery=29.8%, Waits=0
[20:57:18] [Tick 153] Pos=(14, 6), Heading=NORTH, State=IDLE, Action=IDLE, Priority=0.0, Battery=29.8%, Waits=0
[20:57:18] [Tick 154] Pos=(14, 6), Heading=NORTH, State=IDLE, Action=IDLE, Priority=0.0, Battery=29.8%, Waits=0
[20:57:19] [Tick 155] Triggered background audit mission to (20, 6).
[20:57:19] [Tick 155] CONFLICT DETECTED with AMR-01 (SWAP_CONFLICT) at cell (15, 6)! My Priority=0.0, Peer Priority=0.0
[20:57:19] [Tick 155] ARBITRATION RESULT: LOST to AMR-01. Action=YIELD. Yielded right-of-way.
[20:57:19] [Tick 155] Replanned alternate detour path (7 steps).
[20:57:19] [Tick 155] Pos=(14, 6), Heading=NORTH, State=CONFLICT_NEGOTIATING, Action=YIELDED / BRAKED, Priority=0.0, Battery=29.8%, Waits=1
[20:57:19] [Tick 156] CONFLICT DETECTED with AMR-01 (SWAP_CONFLICT) at cell (15, 6)! My Priority=0.0, Peer Priority=0.0
[20:57:19] [Tick 156] ARBITRATION RESULT: LOST to AMR-01. Action=YIELD. Yielded right-of-way.
[20:57:19] [Tick 156] Replanned alternate detour path (7 steps).
[20:57:19] [Tick 156] Pos=(14, 6), Heading=NORTH, State=CONFLICT_NEGOTIATING, Action=YIELDED / BRAKED, Priority=0.0, Battery=29.8%, Waits=2
[20:57:20] [Tick 157] Deadlock/livelock detected (4 wait ticks). Seeking alternate route/nook...
[20:57:20] [Tick 157] Alternate route found to goal (14 steps).
[20:57:20] [Tick 157] Pos=(14, 6), Heading=NORTH, State=CONFLICT_NEGOTIATING, Action=WAITING, Priority=0.0, Battery=29.7%, Waits=3
[20:57:20] [Tick 158] Deadlock/livelock detected (5 wait ticks). Seeking alternate route/nook...
[20:57:20] [Tick 158] Alternate route found to goal (7 steps).
[20:57:20] [Tick 158] Conflict cleared: resumed state AUDITING.
[20:57:20] [Tick 158] Pos=(15, 6), Heading=EAST, State=AUDITING, Action=MOVED, Priority=0.0, Battery=28.7%, Waits=0
[20:57:21] [Tick 159] Pos=(16, 6), Heading=EAST, State=AUDITING, Action=MOVED, Priority=0.0, Battery=27.7%, Waits=0
[20:57:21] [Tick 160] Pos=(17, 6), Heading=EAST, State=AUDITING, Action=MOVED, Priority=0.0, Battery=26.7%, Waits=0
[20:57:22] [Tick 161] Pos=(18, 6), Heading=EAST, State=AUDITING, Action=MOVED, Priority=0.0, Battery=25.7%, Waits=0
[20:57:22] [Tick 162] Pos=(19, 6), Heading=EAST, State=AUDITING, Action=MOVED, Priority=0.0, Battery=24.7%, Waits=0
[20:57:23] [Tick 163] [AUDIT SIMULATED] Checkpoint (20, 6): Shelf items verified (count=83, audit_id=AUDIT-4495)
[20:57:23] [Tick 163] Pos=(20, 6), Heading=EAST, State=IDLE, Action=COMPLETED, Priority=0.0, Battery=23.7%, Waits=0
[20:57:23] [Tick 164] Pos=(20, 6), Heading=EAST, State=IDLE, Action=IDLE, Priority=0.0, Battery=23.7%, Waits=0
[20:57:24] [Tick 165] Pos=(20, 6), Heading=EAST, State=IDLE, Action=IDLE, Priority=0.0, Battery=23.7%, Waits=0
[20:57:24] [Tick 166] Pos=(20, 6), Heading=EAST, State=IDLE, Action=IDLE, Priority=0.0, Battery=23.7%, Waits=0
[20:57:25] [Tick 167] Pos=(20, 6), Heading=EAST, State=IDLE, Action=IDLE, Priority=0.0, Battery=23.7%, Waits=0
[20:57:25] [Tick 168] Pos=(20, 6), Heading=EAST, State=IDLE, Action=IDLE, Priority=0.0, Battery=23.7%, Waits=0
[20:57:26] [Tick 169] Pos=(20, 6), Heading=EAST, State=IDLE, Action=IDLE, Priority=0.0, Battery=23.7%, Waits=0
[20:57:26] [Tick 170] Pos=(20, 6), Heading=EAST, State=IDLE, Action=IDLE, Priority=0.0, Battery=23.7%, Waits=0
[20:57:27] [Tick 171] Pos=(20, 6), Heading=EAST, State=IDLE, Action=IDLE, Priority=0.0, Battery=23.7%, Waits=0
[20:57:27] [Tick 172] Pos=(20, 6), Heading=EAST, State=IDLE, Action=IDLE, Priority=0.0, Battery=23.7%, Waits=0
[20:57:28] [Tick 173] Triggered background audit mission to (14, 6).
[20:57:28] [Tick 173] Pos=(19, 6), Heading=WEST, State=AUDITING, Action=MOVED, Priority=0.0, Battery=22.7%, Waits=0
[20:57:28] [Tick 174] Pos=(18, 6), Heading=WEST, State=AUDITING, Action=MOVED, Priority=0.0, Battery=21.7%, Waits=0
[20:57:29] [Tick 175] Pos=(18, 6), Heading=WEST, State=AUDITING, Action=WAITING, Priority=0.0, Battery=21.6%, Waits=1
[20:57:30] [Tick 176] Pos=(18, 6), Heading=WEST, State=AUDITING, Action=WAITING, Priority=0.0, Battery=21.5%, Waits=2
[20:57:30] [Tick 177] Pos=(18, 6), Heading=WEST, State=AUDITING, Action=WAITING, Priority=0.0, Battery=21.4%, Waits=3
[20:57:30] [Tick 178] Deadlock/livelock detected (3 wait ticks). Seeking alternate route/nook...
[20:57:30] [Tick 178] Alternate route found to goal (10 steps).
[20:57:30] [Tick 178] Pos=(18, 6), Heading=WEST, State=AUDITING, Action=WAITING, Priority=0.0, Battery=21.3%, Waits=4
[20:57:31] [Tick 179] Deadlock/livelock detected (4 wait ticks). Seeking alternate route/nook...
[20:57:31] [Tick 179] Alternate route found to goal (10 steps).
[20:57:31] [Tick 179] Pos=(18, 6), Heading=WEST, State=AUDITING, Action=WAITING, Priority=0.0, Battery=21.2%, Waits=5
[20:57:31] [Tick 180] Deadlock/livelock detected (5 wait ticks). Seeking alternate route/nook...
[20:57:31] [Tick 180] Alternate route found to goal (10 steps).
[20:57:31] [Tick 180] Pos=(18, 6), Heading=WEST, State=AUDITING, Action=WAITING, Priority=0.0, Battery=21.1%, Waits=6
[20:57:32] [Tick 181] Deadlock/livelock detected (6 wait ticks). Seeking alternate route/nook...
[20:57:32] [Tick 181] Alternate route found to goal (10 steps).
[20:57:32] [Tick 181] Pos=(18, 6), Heading=WEST, State=AUDITING, Action=WAITING, Priority=0.0, Battery=21.0%, Waits=7
[20:57:32] [Tick 182] Deadlock/livelock detected (7 wait ticks). Seeking alternate route/nook...
[20:57:32] [Tick 182] Alternate route found to goal (10 steps).
[20:57:32] [Tick 182] Pos=(18, 6), Heading=WEST, State=AUDITING, Action=WAITING, Priority=0.0, Battery=20.9%, Waits=8
[20:57:33] [Tick 183] Deadlock/livelock detected (8 wait ticks). Seeking alternate route/nook...
[20:57:33] [Tick 183] Alternate route found to goal (10 steps).
[20:57:33] [Tick 183] Pos=(18, 6), Heading=WEST, State=AUDITING, Action=WAITING, Priority=0.0, Battery=20.8%, Waits=9
[20:57:33] [Tick 184] Deadlock/livelock detected (9 wait ticks). Seeking alternate route/nook...
[20:57:33] [Tick 184] Alternate route found to goal (10 steps).
[20:57:33] [Tick 184] Pos=(18, 6), Heading=WEST, State=AUDITING, Action=WAITING, Priority=0.0, Battery=20.7%, Waits=10
[20:57:34] [Tick 185] Deadlock/livelock detected (10 wait ticks). Seeking alternate route/nook...
[20:57:34] [Tick 185] Alternate route found to goal (10 steps).
[20:57:34] [Tick 185] Pos=(18, 6), Heading=WEST, State=AUDITING, Action=WAITING, Priority=0.0, Battery=20.6%, Waits=11
[20:57:34] [Tick 186] Deadlock/livelock detected (11 wait ticks). Seeking alternate route/nook...
[20:57:34] [Tick 186] Alternate route found to goal (10 steps).
[20:57:34] [Tick 186] Pos=(18, 6), Heading=WEST, State=AUDITING, Action=WAITING, Priority=0.0, Battery=20.5%, Waits=12
[20:57:35] [Tick 187] Deadlock/livelock detected (12 wait ticks). Seeking alternate route/nook...
[20:57:35] [Tick 187] Alternate route found to goal (10 steps).
[20:57:35] [Tick 187] Pos=(18, 6), Heading=WEST, State=AUDITING, Action=WAITING, Priority=0.0, Battery=20.4%, Waits=13
[20:57:35] [Tick 188] Deadlock/livelock detected (13 wait ticks). Seeking alternate route/nook...
[20:57:35] [Tick 188] Alternate route found to goal (10 steps).
[20:57:35] [Tick 188] Pos=(18, 6), Heading=WEST, State=AUDITING, Action=WAITING, Priority=0.0, Battery=20.3%, Waits=14
[20:57:36] [Tick 189] Deadlock/livelock detected (14 wait ticks). Seeking alternate route/nook...
[20:57:36] [Tick 189] Alternate route found to goal (10 steps).
[20:57:36] [Tick 189] Pos=(18, 6), Heading=WEST, State=AUDITING, Action=WAITING, Priority=0.0, Battery=20.2%, Waits=15
[20:57:36] [Tick 190] Deadlock/livelock detected (15 wait ticks). Seeking alternate route/nook...
[20:57:36] [Tick 190] Alternate route found to goal (10 steps).
[20:57:36] [Tick 190] Pos=(18, 6), Heading=WEST, State=AUDITING, Action=WAITING, Priority=0.0, Battery=20.1%, Waits=16
[20:57:37] [Tick 191] Deadlock/livelock detected (16 wait ticks). Seeking alternate route/nook...
[20:57:37] [Tick 191] Alternate route found to goal (10 steps).
[20:57:37] [Tick 191] Pos=(18, 6), Heading=WEST, State=AUDITING, Action=WAITING, Priority=0.0, Battery=20.0%, Waits=17
[20:57:37] [Tick 192] Low battery (20.0% <= 20.0%). Entering CHARGING.
[20:57:38] [Tick 193] Pos=(18, 6), Heading=WEST, State=CHARGING, Action=WAITING, Priority=0.0, Battery=19.9%, Waits=18
[20:57:38] [Tick 194] Pos=(18, 6), Heading=WEST, State=CHARGING, Action=WAITING, Priority=0.0, Battery=19.8%, Waits=19
[20:57:39] [Tick 195] Pos=(18, 6), Heading=WEST, State=CHARGING, Action=WAITING, Priority=0.0, Battery=19.7%, Waits=20
[20:57:39] [Tick 196] Pos=(18, 6), Heading=WEST, State=CHARGING, Action=WAITING, Priority=0.0, Battery=19.6%, Waits=21
[20:57:40] [Tick 197] Pos=(18, 6), Heading=WEST, State=CHARGING, Action=WAITING, Priority=0.0, Battery=19.5%, Waits=22
[20:57:40] [Tick 198] Pos=(18, 6), Heading=WEST, State=CHARGING, Action=WAITING, Priority=0.0, Battery=19.4%, Waits=23
[20:57:41] [Tick 199] Pos=(18, 6), Heading=WEST, State=CHARGING, Action=WAITING, Priority=0.0, Battery=19.3%, Waits=24
[20:57:41] [Tick 200] Pos=(18, 6), Heading=WEST, State=CHARGING, Action=WAITING, Priority=0.0, Battery=19.2%, Waits=25
[20:57:42] [Tick 201] Pos=(18, 6), Heading=WEST, State=CHARGING, Action=WAITING, Priority=0.0, Battery=19.1%, Waits=26
[20:57:42] [Tick 202] Pos=(18, 6), Heading=WEST, State=CHARGING, Action=WAITING, Priority=0.0, Battery=19.0%, Waits=27
[20:57:43] [Tick 203] Pos=(18, 6), Heading=WEST, State=CHARGING, Action=WAITING, Priority=0.0, Battery=18.9%, Waits=28
[20:57:43] [Tick 204] Pos=(18, 6), Heading=WEST, State=CHARGING, Action=WAITING, Priority=0.0, Battery=18.8%, Waits=29
[20:57:44] [Tick 205] Pos=(18, 6), Heading=WEST, State=CHARGING, Action=WAITING, Priority=0.0, Battery=18.7%, Waits=30
[20:57:44] [Tick 206] Pos=(18, 6), Heading=WEST, State=CHARGING, Action=WAITING, Priority=0.0, Battery=18.6%, Waits=31
[20:57:45] [Tick 207] Pos=(18, 6), Heading=WEST, State=CHARGING, Action=WAITING, Priority=0.0, Battery=18.5%, Waits=32
[20:57:45] [Tick 208] Pos=(18, 6), Heading=WEST, State=CHARGING, Action=WAITING, Priority=0.0, Battery=18.4%, Waits=33
[20:57:46] [Tick 209] Pos=(18, 6), Heading=WEST, State=CHARGING, Action=WAITING, Priority=0.0, Battery=18.3%, Waits=34
[20:57:46] [Tick 210] Pos=(18, 6), Heading=WEST, State=CHARGING, Action=WAITING, Priority=0.0, Battery=18.2%, Waits=35
[20:57:47] [Tick 211] Pos=(18, 6), Heading=WEST, State=CHARGING, Action=WAITING, Priority=0.0, Battery=18.1%, Waits=36
[20:57:47] [Tick 212] Pos=(18, 6), Heading=WEST, State=CHARGING, Action=WAITING, Priority=0.0, Battery=18.0%, Waits=37
[20:57:48] [Tick 213] Pos=(18, 6), Heading=WEST, State=CHARGING, Action=WAITING, Priority=0.0, Battery=17.9%, Waits=38
[20:57:48] [Tick 214] Pos=(18, 6), Heading=WEST, State=CHARGING, Action=WAITING, Priority=0.0, Battery=17.8%, Waits=39
[20:57:49] [Tick 215] Pos=(18, 6), Heading=WEST, State=CHARGING, Action=WAITING, Priority=0.0, Battery=17.7%, Waits=40
[20:57:49] [Tick 216] Pos=(18, 6), Heading=WEST, State=CHARGING, Action=WAITING, Priority=0.0, Battery=17.6%, Waits=41
[20:57:50] [Tick 217] Pos=(18, 6), Heading=WEST, State=CHARGING, Action=WAITING, Priority=0.0, Battery=17.5%, Waits=42
[20:57:50] [Tick 218] Pos=(18, 6), Heading=WEST, State=CHARGING, Action=WAITING, Priority=0.0, Battery=17.4%, Waits=43
[20:57:51] [Tick 219] Pos=(18, 6), Heading=WEST, State=CHARGING, Action=WAITING, Priority=0.0, Battery=17.3%, Waits=44
[20:57:51] [Tick 220] Pos=(18, 6), Heading=WEST, State=CHARGING, Action=WAITING, Priority=0.0, Battery=17.2%, Waits=45
[20:57:52] [Tick 221] Pos=(18, 6), Heading=WEST, State=CHARGING, Action=WAITING, Priority=0.0, Battery=17.1%, Waits=46
[20:57:52] [Tick 222] Pos=(18, 6), Heading=WEST, State=CHARGING, Action=WAITING, Priority=0.0, Battery=17.0%, Waits=47
[20:57:53] [Tick 223] Pos=(18, 6), Heading=WEST, State=CHARGING, Action=WAITING, Priority=0.0, Battery=16.9%, Waits=48
[20:57:53] [Tick 224] Pos=(18, 6), Heading=WEST, State=CHARGING, Action=WAITING, Priority=0.0, Battery=16.8%, Waits=49
[20:57:54] [Tick 225] Pos=(18, 6), Heading=WEST, State=CHARGING, Action=WAITING, Priority=0.0, Battery=16.7%, Waits=50
[20:57:54] [Tick 226] Pos=(18, 6), Heading=WEST, State=CHARGING, Action=WAITING, Priority=0.0, Battery=16.6%, Waits=51
[20:57:55] [Tick 227] Pos=(18, 6), Heading=WEST, State=CHARGING, Action=WAITING, Priority=0.0, Battery=16.5%, Waits=52
[20:57:55] [Tick 228] Pos=(18, 6), Heading=WEST, State=CHARGING, Action=WAITING, Priority=0.0, Battery=16.4%, Waits=53
[20:57:56] [Tick 229] Pos=(18, 6), Heading=WEST, State=CHARGING, Action=WAITING, Priority=0.0, Battery=16.3%, Waits=54
[20:57:56] [Tick 230] Pos=(18, 6), Heading=WEST, State=CHARGING, Action=WAITING, Priority=0.0, Battery=16.2%, Waits=55
[20:57:57] [Tick 231] Pos=(18, 6), Heading=WEST, State=CHARGING, Action=WAITING, Priority=0.0, Battery=16.1%, Waits=56
[20:57:57] [Tick 232] Pos=(18, 6), Heading=WEST, State=CHARGING, Action=WAITING, Priority=0.0, Battery=16.0%, Waits=57
[20:57:58] [Tick 233] Pos=(18, 6), Heading=WEST, State=CHARGING, Action=WAITING, Priority=0.0, Battery=15.9%, Waits=58
[20:57:58] [Tick 234] Pos=(18, 6), Heading=WEST, State=CHARGING, Action=WAITING, Priority=0.0, Battery=15.8%, Waits=59
[20:57:59] [Tick 235] Pos=(18, 6), Heading=WEST, State=CHARGING, Action=WAITING, Priority=0.0, Battery=15.7%, Waits=60
[20:57:59] [Tick 236] Pos=(18, 6), Heading=WEST, State=CHARGING, Action=WAITING, Priority=0.0, Battery=15.6%, Waits=61
[20:58:00] [Tick 237] Pos=(18, 6), Heading=WEST, State=CHARGING, Action=WAITING, Priority=0.0, Battery=15.5%, Waits=62
[20:58:00] [Tick 238] Pos=(18, 6), Heading=WEST, State=CHARGING, Action=WAITING, Priority=0.0, Battery=15.4%, Waits=63
[20:58:01] [Tick 239] Pos=(18, 6), Heading=WEST, State=CHARGING, Action=WAITING, Priority=0.0, Battery=15.3%, Waits=64
[20:58:01] [Tick 240] Pos=(18, 6), Heading=WEST, State=CHARGING, Action=WAITING, Priority=0.0, Battery=15.2%, Waits=65
[20:58:02] [Tick 241] Pos=(18, 6), Heading=WEST, State=CHARGING, Action=WAITING, Priority=0.0, Battery=15.1%, Waits=66
[20:58:02] [Tick 242] Pos=(18, 6), Heading=WEST, State=CHARGING, Action=WAITING, Priority=0.0, Battery=15.0%, Waits=67
[20:58:03] [Tick 243] Pos=(18, 6), Heading=WEST, State=CHARGING, Action=WAITING, Priority=0.0, Battery=14.9%, Waits=68
[20:58:03] [Tick 244] Pos=(18, 6), Heading=WEST, State=CHARGING, Action=WAITING, Priority=0.0, Battery=14.8%, Waits=69
[20:58:04] [Tick 245] Pos=(18, 6), Heading=WEST, State=CHARGING, Action=WAITING, Priority=0.0, Battery=14.7%, Waits=70
[20:58:04] [Tick 246] Pos=(18, 6), Heading=WEST, State=CHARGING, Action=WAITING, Priority=0.0, Battery=14.6%, Waits=71
[20:58:05] [Tick 247] Pos=(18, 6), Heading=WEST, State=CHARGING, Action=WAITING, Priority=0.0, Battery=14.5%, Waits=72
[20:58:05] [Tick 248] Pos=(18, 6), Heading=WEST, State=CHARGING, Action=WAITING, Priority=0.0, Battery=14.4%, Waits=73
[20:58:06] [Tick 249] Pos=(18, 6), Heading=WEST, State=CHARGING, Action=WAITING, Priority=0.0, Battery=14.3%, Waits=74
[20:58:06] [Tick 250] Pos=(18, 6), Heading=WEST, State=CHARGING, Action=WAITING, Priority=0.0, Battery=14.2%, Waits=75
[20:58:07] [Tick 251] Pos=(18, 6), Heading=WEST, State=CHARGING, Action=WAITING, Priority=0.0, Battery=14.1%, Waits=76
[20:58:07] [Tick 252] Pos=(18, 6), Heading=WEST, State=CHARGING, Action=WAITING, Priority=0.0, Battery=14.0%, Waits=77
[20:58:08] [Tick 253] Pos=(18, 6), Heading=WEST, State=CHARGING, Action=WAITING, Priority=0.0, Battery=13.9%, Waits=78
[20:58:08] [Tick 254] Pos=(18, 6), Heading=WEST, State=CHARGING, Action=WAITING, Priority=0.0, Battery=13.8%, Waits=79
[20:58:09] [Tick 255] Pos=(18, 6), Heading=WEST, State=CHARGING, Action=WAITING, Priority=0.0, Battery=13.7%, Waits=80
[20:58:09] [Tick 256] Pos=(18, 6), Heading=WEST, State=CHARGING, Action=WAITING, Priority=0.0, Battery=13.6%, Waits=81
[20:58:10] [Tick 257] Pos=(18, 6), Heading=WEST, State=CHARGING, Action=WAITING, Priority=0.0, Battery=13.5%, Waits=82
[20:58:10] [Tick 258] Pos=(18, 6), Heading=WEST, State=CHARGING, Action=WAITING, Priority=0.0, Battery=13.4%, Waits=83
[20:58:11] [Tick 259] Pos=(18, 6), Heading=WEST, State=CHARGING, Action=WAITING, Priority=0.0, Battery=13.3%, Waits=84
[20:58:11] [Tick 260] Pos=(18, 6), Heading=WEST, State=CHARGING, Action=WAITING, Priority=0.0, Battery=13.2%, Waits=85
[20:58:12] [Tick 261] Pos=(18, 6), Heading=WEST, State=CHARGING, Action=WAITING, Priority=0.0, Battery=13.1%, Waits=86
[20:58:12] [Tick 262] Pos=(18, 6), Heading=WEST, State=CHARGING, Action=WAITING, Priority=0.0, Battery=13.0%, Waits=87
[20:58:13] [Tick 263] Pos=(18, 6), Heading=WEST, State=CHARGING, Action=WAITING, Priority=0.0, Battery=12.9%, Waits=88
[20:58:13] [Tick 264] Pos=(18, 6), Heading=WEST, State=CHARGING, Action=WAITING, Priority=0.0, Battery=12.8%, Waits=89
[20:58:14] [Tick 265] Pos=(18, 6), Heading=WEST, State=CHARGING, Action=WAITING, Priority=0.0, Battery=12.7%, Waits=90
[20:58:14] [Tick 266] Pos=(18, 6), Heading=WEST, State=CHARGING, Action=WAITING, Priority=0.0, Battery=12.6%, Waits=91
[20:58:15] [Tick 267] Pos=(18, 6), Heading=WEST, State=CHARGING, Action=WAITING, Priority=0.0, Battery=12.5%, Waits=92
[20:58:15] [Tick 268] Pos=(18, 6), Heading=WEST, State=CHARGING, Action=WAITING, Priority=0.0, Battery=12.4%, Waits=93
[20:58:16] [Tick 269] Pos=(18, 6), Heading=WEST, State=CHARGING, Action=WAITING, Priority=0.0, Battery=12.3%, Waits=94
[20:58:16] [Tick 270] Pos=(18, 6), Heading=WEST, State=CHARGING, Action=WAITING, Priority=0.0, Battery=12.2%, Waits=95
[20:58:17] [Tick 271] Pos=(18, 6), Heading=WEST, State=CHARGING, Action=WAITING, Priority=0.0, Battery=12.1%, Waits=96
[20:58:17] [Tick 272] Pos=(18, 6), Heading=WEST, State=CHARGING, Action=WAITING, Priority=0.0, Battery=12.0%, Waits=97
[20:58:18] [Tick 273] Pos=(18, 6), Heading=WEST, State=CHARGING, Action=WAITING, Priority=0.0, Battery=11.9%, Waits=98
[20:58:18] [Tick 274] Pos=(18, 6), Heading=WEST, State=CHARGING, Action=WAITING, Priority=0.0, Battery=11.8%, Waits=99
[20:58:19] [Tick 275] Pos=(18, 6), Heading=WEST, State=CHARGING, Action=WAITING, Priority=0.0, Battery=11.7%, Waits=100
[20:58:19] [Tick 276] Pos=(18, 6), Heading=WEST, State=CHARGING, Action=WAITING, Priority=0.0, Battery=11.6%, Waits=101
[20:58:20] [Tick 277] Pos=(18, 6), Heading=WEST, State=CHARGING, Action=WAITING, Priority=0.0, Battery=11.5%, Waits=102
[20:58:20] [Tick 278] Pos=(18, 6), Heading=WEST, State=CHARGING, Action=WAITING, Priority=0.0, Battery=11.4%, Waits=103
[20:58:21] [Tick 279] Pos=(18, 6), Heading=WEST, State=CHARGING, Action=WAITING, Priority=0.0, Battery=11.3%, Waits=104
[20:58:21] [Tick 280] Pos=(18, 6), Heading=WEST, State=CHARGING, Action=WAITING, Priority=0.0, Battery=11.2%, Waits=105
[20:58:22] [Tick 281] Pos=(18, 6), Heading=WEST, State=CHARGING, Action=WAITING, Priority=0.0, Battery=11.1%, Waits=106
[20:58:22] [Tick 282] Pos=(18, 6), Heading=WEST, State=CHARGING, Action=WAITING, Priority=0.0, Battery=11.0%, Waits=107
[20:58:23] [Tick 283] Pos=(18, 6), Heading=WEST, State=CHARGING, Action=WAITING, Priority=0.0, Battery=10.9%, Waits=108
[20:58:23] [Tick 284] Pos=(18, 6), Heading=WEST, State=CHARGING, Action=WAITING, Priority=0.0, Battery=10.8%, Waits=109
[20:58:24] [Tick 285] Pos=(18, 6), Heading=WEST, State=CHARGING, Action=WAITING, Priority=0.0, Battery=10.7%, Waits=110
[20:58:24] [Tick 286] Pos=(18, 6), Heading=WEST, State=CHARGING, Action=WAITING, Priority=0.0, Battery=10.6%, Waits=111
[20:58:25] [Tick 287] Pos=(18, 6), Heading=WEST, State=CHARGING, Action=WAITING, Priority=0.0, Battery=10.5%, Waits=112
[20:58:25] [Tick 288] Pos=(18, 6), Heading=WEST, State=CHARGING, Action=WAITING, Priority=0.0, Battery=10.4%, Waits=113
[20:58:26] [Tick 289] Pos=(18, 6), Heading=WEST, State=CHARGING, Action=WAITING, Priority=0.0, Battery=10.3%, Waits=114
[20:58:26] [Tick 290] Pos=(18, 6), Heading=WEST, State=CHARGING, Action=WAITING, Priority=0.0, Battery=10.2%, Waits=115
[20:58:27] [Tick 291] Pos=(18, 6), Heading=WEST, State=CHARGING, Action=WAITING, Priority=0.0, Battery=10.1%, Waits=116
[20:58:27] [Tick 292] Pos=(18, 6), Heading=WEST, State=CHARGING, Action=WAITING, Priority=0.0, Battery=10.0%, Waits=117
[20:58:28] [Tick 293] Pos=(18, 6), Heading=WEST, State=CHARGING, Action=WAITING, Priority=0.0, Battery=9.9%, Waits=118
[20:58:28] [Tick 294] Pos=(18, 6), Heading=WEST, State=CHARGING, Action=WAITING, Priority=0.0, Battery=9.8%, Waits=119
[20:58:29] [Tick 295] Pos=(18, 6), Heading=WEST, State=CHARGING, Action=WAITING, Priority=0.0, Battery=9.7%, Waits=120
[20:58:29] [Tick 296] Pos=(18, 6), Heading=WEST, State=CHARGING, Action=WAITING, Priority=0.0, Battery=9.6%, Waits=121
[20:58:30] [Tick 297] Pos=(18, 6), Heading=WEST, State=CHARGING, Action=WAITING, Priority=0.0, Battery=9.5%, Waits=122
[20:58:30] [Tick 298] Pos=(18, 6), Heading=WEST, State=CHARGING, Action=WAITING, Priority=0.0, Battery=9.4%, Waits=123
[20:58:31] [Tick 299] Pos=(18, 6), Heading=WEST, State=CHARGING, Action=WAITING, Priority=0.0, Battery=9.3%, Waits=124
[20:58:31] [Tick 300] Pos=(18, 6), Heading=WEST, State=CHARGING, Action=WAITING, Priority=0.0, Battery=9.2%, Waits=125
[20:58:32] [Tick 301] Pos=(18, 6), Heading=WEST, State=CHARGING, Action=WAITING, Priority=0.0, Battery=9.1%, Waits=126
[20:58:32] [Tick 302] Pos=(18, 6), Heading=WEST, State=CHARGING, Action=WAITING, Priority=0.0, Battery=9.0%, Waits=127
[20:58:33] [Tick 303] Pos=(18, 6), Heading=WEST, State=CHARGING, Action=WAITING, Priority=0.0, Battery=8.9%, Waits=128
[20:58:33] [Tick 304] Pos=(18, 6), Heading=WEST, State=CHARGING, Action=WAITING, Priority=0.0, Battery=8.8%, Waits=129
[20:58:34] [Tick 305] Pos=(18, 6), Heading=WEST, State=CHARGING, Action=WAITING, Priority=0.0, Battery=8.7%, Waits=130
[20:58:34] [Tick 306] Pos=(18, 6), Heading=WEST, State=CHARGING, Action=WAITING, Priority=0.0, Battery=8.6%, Waits=131
[20:58:35] [Tick 307] Pos=(18, 6), Heading=WEST, State=CHARGING, Action=WAITING, Priority=0.0, Battery=8.5%, Waits=132
[20:58:35] [Tick 308] Pos=(18, 6), Heading=WEST, State=CHARGING, Action=WAITING, Priority=0.0, Battery=8.4%, Waits=133
[20:58:36] [Tick 309] Pos=(18, 6), Heading=WEST, State=CHARGING, Action=WAITING, Priority=0.0, Battery=8.3%, Waits=134
[20:58:36] [Tick 310] Pos=(18, 6), Heading=WEST, State=CHARGING, Action=WAITING, Priority=0.0, Battery=8.2%, Waits=135
[20:58:37] [Tick 311] Pos=(18, 6), Heading=WEST, State=CHARGING, Action=WAITING, Priority=0.0, Battery=8.1%, Waits=136
[20:58:37] [Tick 312] Pos=(18, 6), Heading=WEST, State=CHARGING, Action=WAITING, Priority=0.0, Battery=8.0%, Waits=137
[20:58:38] [Tick 313] Pos=(18, 6), Heading=WEST, State=CHARGING, Action=WAITING, Priority=0.0, Battery=7.9%, Waits=138
[20:58:38] [Tick 314] Pos=(18, 6), Heading=WEST, State=CHARGING, Action=WAITING, Priority=0.0, Battery=7.8%, Waits=139
[20:58:39] [Tick 315] Pos=(18, 6), Heading=WEST, State=CHARGING, Action=WAITING, Priority=0.0, Battery=7.7%, Waits=140
[20:58:39] [Tick 316] Pos=(18, 6), Heading=WEST, State=CHARGING, Action=WAITING, Priority=0.0, Battery=7.6%, Waits=141
[20:58:40] [Tick 317] Pos=(18, 6), Heading=WEST, State=CHARGING, Action=WAITING, Priority=0.0, Battery=7.5%, Waits=142
[20:58:40] [Tick 318] Pos=(18, 6), Heading=WEST, State=CHARGING, Action=WAITING, Priority=0.0, Battery=7.4%, Waits=143
[20:58:41] [Tick 319] Pos=(18, 6), Heading=WEST, State=CHARGING, Action=WAITING, Priority=0.0, Battery=7.3%, Waits=144
[20:58:41] [Tick 320] Pos=(18, 6), Heading=WEST, State=CHARGING, Action=WAITING, Priority=0.0, Battery=7.2%, Waits=145
[20:58:42] [Tick 321] Pos=(18, 6), Heading=WEST, State=CHARGING, Action=WAITING, Priority=0.0, Battery=7.1%, Waits=146
[20:58:42] [Tick 322] Pos=(18, 6), Heading=WEST, State=CHARGING, Action=WAITING, Priority=0.0, Battery=7.0%, Waits=147
[20:58:43] [Tick 323] Pos=(18, 6), Heading=WEST, State=CHARGING, Action=WAITING, Priority=0.0, Battery=6.9%, Waits=148
[20:58:43] [Tick 324] Pos=(18, 6), Heading=WEST, State=CHARGING, Action=WAITING, Priority=0.0, Battery=6.8%, Waits=149
[20:58:44] [Tick 325] Pos=(18, 6), Heading=WEST, State=CHARGING, Action=WAITING, Priority=0.0, Battery=6.7%, Waits=150
[20:58:44] [Tick 326] Pos=(18, 6), Heading=WEST, State=CHARGING, Action=WAITING, Priority=0.0, Battery=6.6%, Waits=151
[20:58:45] [Tick 327] Pos=(18, 6), Heading=WEST, State=CHARGING, Action=WAITING, Priority=0.0, Battery=6.5%, Waits=152
[20:58:45] [Tick 328] Pos=(18, 6), Heading=WEST, State=CHARGING, Action=WAITING, Priority=0.0, Battery=6.4%, Waits=153
[20:58:46] [Tick 329] Pos=(18, 6), Heading=WEST, State=CHARGING, Action=WAITING, Priority=0.0, Battery=6.3%, Waits=154
[20:58:46] [Tick 330] Pos=(18, 6), Heading=WEST, State=CHARGING, Action=WAITING, Priority=0.0, Battery=6.2%, Waits=155
[20:58:47] [Tick 331] Pos=(18, 6), Heading=WEST, State=CHARGING, Action=WAITING, Priority=0.0, Battery=6.1%, Waits=156
[20:58:47] [Tick 332] Pos=(18, 6), Heading=WEST, State=CHARGING, Action=WAITING, Priority=0.0, Battery=6.0%, Waits=157
[20:58:48] [Tick 333] Pos=(18, 6), Heading=WEST, State=CHARGING, Action=WAITING, Priority=0.0, Battery=5.9%, Waits=158
[20:58:48] [Tick 334] Pos=(18, 6), Heading=WEST, State=CHARGING, Action=WAITING, Priority=0.0, Battery=5.8%, Waits=159
[20:58:49] [Tick 335] Pos=(18, 6), Heading=WEST, State=CHARGING, Action=WAITING, Priority=0.0, Battery=5.7%, Waits=160
[20:58:49] [Tick 336] Pos=(18, 6), Heading=WEST, State=CHARGING, Action=WAITING, Priority=0.0, Battery=5.6%, Waits=161
[20:58:50] [Tick 337] Pos=(18, 6), Heading=WEST, State=CHARGING, Action=WAITING, Priority=0.0, Battery=5.5%, Waits=162
[20:58:50] [Tick 338] Pos=(18, 6), Heading=WEST, State=CHARGING, Action=WAITING, Priority=0.0, Battery=5.4%, Waits=163
[20:58:51] [Tick 339] Pos=(18, 6), Heading=WEST, State=CHARGING, Action=WAITING, Priority=0.0, Battery=5.3%, Waits=164
[20:58:51] [Tick 340] Pos=(18, 6), Heading=WEST, State=CHARGING, Action=WAITING, Priority=0.0, Battery=5.2%, Waits=165
[20:58:52] [Tick 341] Pos=(18, 6), Heading=WEST, State=CHARGING, Action=WAITING, Priority=0.0, Battery=5.1%, Waits=166
[20:58:52] [Tick 342] Pos=(18, 6), Heading=WEST, State=CHARGING, Action=WAITING, Priority=0.0, Battery=5.0%, Waits=167
[20:58:53] [Tick 343] Pos=(18, 6), Heading=WEST, State=CHARGING, Action=WAITING, Priority=0.0, Battery=4.9%, Waits=168
[20:58:53] [Tick 344] Pos=(18, 6), Heading=WEST, State=CHARGING, Action=WAITING, Priority=0.0, Battery=4.8%, Waits=169
[20:58:54] [Tick 345] Pos=(18, 6), Heading=WEST, State=CHARGING, Action=WAITING, Priority=0.0, Battery=4.7%, Waits=170
[20:58:54] [Tick 346] Pos=(18, 6), Heading=WEST, State=CHARGING, Action=WAITING, Priority=0.0, Battery=4.6%, Waits=171
[20:58:55] [Tick 347] Pos=(18, 6), Heading=WEST, State=CHARGING, Action=WAITING, Priority=0.0, Battery=4.5%, Waits=172
[20:58:55] [Tick 348] Pos=(18, 6), Heading=WEST, State=CHARGING, Action=WAITING, Priority=0.0, Battery=4.4%, Waits=173
[20:58:56] [Tick 349] Pos=(18, 6), Heading=WEST, State=CHARGING, Action=WAITING, Priority=0.0, Battery=4.3%, Waits=174
[20:58:56] [Tick 350] Pos=(18, 6), Heading=WEST, State=CHARGING, Action=WAITING, Priority=0.0, Battery=4.2%, Waits=175
[20:58:57] [Tick 351] Pos=(18, 6), Heading=WEST, State=CHARGING, Action=WAITING, Priority=0.0, Battery=4.1%, Waits=176
[20:58:57] [Tick 352] Pos=(18, 6), Heading=WEST, State=CHARGING, Action=WAITING, Priority=0.0, Battery=4.0%, Waits=177
[20:58:58] [Tick 353] Pos=(18, 6), Heading=WEST, State=CHARGING, Action=WAITING, Priority=0.0, Battery=3.9%, Waits=178
[20:58:58] [Tick 354] Pos=(18, 6), Heading=WEST, State=CHARGING, Action=WAITING, Priority=0.0, Battery=3.8%, Waits=179
[20:58:59] [Tick 355] Pos=(18, 6), Heading=WEST, State=CHARGING, Action=WAITING, Priority=0.0, Battery=3.7%, Waits=180
[20:58:59] [Tick 356] Pos=(18, 6), Heading=WEST, State=CHARGING, Action=WAITING, Priority=0.0, Battery=3.6%, Waits=181
[20:59:00] [Tick 357] Pos=(18, 6), Heading=WEST, State=CHARGING, Action=WAITING, Priority=0.0, Battery=3.5%, Waits=182
[20:59:00] [Tick 358] Pos=(18, 6), Heading=WEST, State=CHARGING, Action=WAITING, Priority=0.0, Battery=3.4%, Waits=183
[20:59:01] [Tick 359] Pos=(18, 6), Heading=WEST, State=CHARGING, Action=WAITING, Priority=0.0, Battery=3.3%, Waits=184
[20:59:01] [Tick 360] Pos=(18, 6), Heading=WEST, State=CHARGING, Action=WAITING, Priority=0.0, Battery=3.2%, Waits=185
[20:59:02] [Tick 361] Pos=(18, 6), Heading=WEST, State=CHARGING, Action=WAITING, Priority=0.0, Battery=3.1%, Waits=186
[20:59:02] [Tick 362] Pos=(18, 6), Heading=WEST, State=CHARGING, Action=WAITING, Priority=0.0, Battery=3.0%, Waits=187
[20:59:03] [Tick 363] Pos=(18, 6), Heading=WEST, State=CHARGING, Action=WAITING, Priority=0.0, Battery=2.9%, Waits=188
[20:59:03] [Tick 364] Pos=(18, 6), Heading=WEST, State=CHARGING, Action=WAITING, Priority=0.0, Battery=2.8%, Waits=189
[20:59:04] [Tick 365] Pos=(18, 6), Heading=WEST, State=CHARGING, Action=WAITING, Priority=0.0, Battery=2.7%, Waits=190
[20:59:04] [Tick 366] Pos=(18, 6), Heading=WEST, State=CHARGING, Action=WAITING, Priority=0.0, Battery=2.6%, Waits=191
[20:59:05] [Tick 367] Pos=(18, 6), Heading=WEST, State=CHARGING, Action=WAITING, Priority=0.0, Battery=2.5%, Waits=192
[20:59:05] [Tick 368] Pos=(18, 6), Heading=WEST, State=CHARGING, Action=WAITING, Priority=0.0, Battery=2.4%, Waits=193
[20:59:06] [Tick 369] Pos=(18, 6), Heading=WEST, State=CHARGING, Action=WAITING, Priority=0.0, Battery=2.3%, Waits=194
[20:59:06] [Tick 370] Pos=(18, 6), Heading=WEST, State=CHARGING, Action=WAITING, Priority=0.0, Battery=2.2%, Waits=195
[20:59:07] [Tick 371] Pos=(18, 6), Heading=WEST, State=CHARGING, Action=WAITING, Priority=0.0, Battery=2.1%, Waits=196
[20:59:07] [Tick 372] Pos=(18, 6), Heading=WEST, State=CHARGING, Action=WAITING, Priority=0.0, Battery=2.0%, Waits=197
[20:59:08] [Tick 373] Pos=(18, 6), Heading=WEST, State=CHARGING, Action=WAITING, Priority=0.0, Battery=1.9%, Waits=198
[20:59:08] [Tick 374] Pos=(18, 6), Heading=WEST, State=CHARGING, Action=WAITING, Priority=0.0, Battery=1.8%, Waits=199
[20:59:09] [Tick 375] Pos=(18, 6), Heading=WEST, State=CHARGING, Action=WAITING, Priority=0.0, Battery=1.7%, Waits=200
[20:59:09] [Tick 376] Pos=(18, 6), Heading=WEST, State=CHARGING, Action=WAITING, Priority=0.0, Battery=1.6%, Waits=201
[20:59:10] [Tick 377] Pos=(18, 6), Heading=WEST, State=CHARGING, Action=WAITING, Priority=0.0, Battery=1.5%, Waits=202
[20:59:10] [Tick 378] Pos=(18, 6), Heading=WEST, State=CHARGING, Action=WAITING, Priority=0.0, Battery=1.4%, Waits=203
[20:59:11] [Tick 379] Pos=(18, 6), Heading=WEST, State=CHARGING, Action=WAITING, Priority=0.0, Battery=1.3%, Waits=204
[20:59:11] [Tick 380] Pos=(18, 6), Heading=WEST, State=CHARGING, Action=WAITING, Priority=0.0, Battery=1.2%, Waits=205
[20:59:12] [Tick 381] Pos=(18, 6), Heading=WEST, State=CHARGING, Action=WAITING, Priority=0.0, Battery=1.1%, Waits=206
[20:59:12] [Tick 382] Pos=(18, 6), Heading=WEST, State=CHARGING, Action=WAITING, Priority=0.0, Battery=1.0%, Waits=207
[20:59:13] [Tick 383] Pos=(18, 6), Heading=WEST, State=CHARGING, Action=WAITING, Priority=0.0, Battery=0.9%, Waits=208
[20:59:13] [Tick 384] Pos=(18, 6), Heading=WEST, State=CHARGING, Action=WAITING, Priority=0.0, Battery=0.8%, Waits=209
[20:59:14] [Tick 385] Pos=(18, 6), Heading=WEST, State=CHARGING, Action=WAITING, Priority=0.0, Battery=0.7%, Waits=210
[20:59:14] [Tick 386] Pos=(18, 6), Heading=WEST, State=CHARGING, Action=WAITING, Priority=0.0, Battery=0.6%, Waits=211
[20:59:15] [Tick 387] Pos=(18, 6), Heading=WEST, State=CHARGING, Action=WAITING, Priority=0.0, Battery=0.5%, Waits=212
[20:59:15] [Tick 388] Pos=(18, 6), Heading=WEST, State=CHARGING, Action=WAITING, Priority=0.0, Battery=0.4%, Waits=213
[20:59:16] [Tick 389] Pos=(18, 6), Heading=WEST, State=CHARGING, Action=WAITING, Priority=0.0, Battery=0.3%, Waits=214
[20:59:16] [Tick 390] Pos=(18, 6), Heading=WEST, State=CHARGING, Action=WAITING, Priority=0.0, Battery=0.2%, Waits=215
[20:59:17] [Tick 391] Pos=(18, 6), Heading=WEST, State=CHARGING, Action=WAITING, Priority=0.0, Battery=0.1%, Waits=216
[20:59:17] [Tick 392] Pos=(18, 6), Heading=WEST, State=CHARGING, Action=WAITING, Priority=0.0, Battery=0.0%, Waits=217
[20:59:18] [Tick 393] Pos=(18, 6), Heading=WEST, State=CHARGING, Action=WAITING, Priority=0.0, Battery=0.0%, Waits=218
[20:59:18] [Tick 394] Pos=(18, 6), Heading=WEST, State=CHARGING, Action=WAITING, Priority=0.0, Battery=0.0%, Waits=219
[20:59:19] [Tick 395] Pos=(18, 6), Heading=WEST, State=CHARGING, Action=WAITING, Priority=0.0, Battery=0.0%, Waits=220
[20:59:19] [Tick 396] Pos=(18, 6), Heading=WEST, State=CHARGING, Action=WAITING, Priority=0.0, Battery=0.0%, Waits=221
[20:59:20] [Tick 397] Pos=(18, 6), Heading=WEST, State=CHARGING, Action=WAITING, Priority=0.0, Battery=0.0%, Waits=222
[20:59:20] [Tick 398] Pos=(18, 6), Heading=WEST, State=CHARGING, Action=WAITING, Priority=0.0, Battery=0.0%, Waits=223
[20:59:21] [Tick 399] Pos=(18, 6), Heading=WEST, State=CHARGING, Action=WAITING, Priority=0.0, Battery=0.0%, Waits=224
[20:59:21] [Tick 400] Pos=(18, 6), Heading=WEST, State=CHARGING, Action=WAITING, Priority=0.0, Battery=0.0%, Waits=225
[20:59:22] [Tick 401] Pos=(18, 6), Heading=WEST, State=CHARGING, Action=WAITING, Priority=0.0, Battery=0.0%, Waits=226
[20:59:22] [Tick 402] Pos=(18, 6), Heading=WEST, State=CHARGING, Action=WAITING, Priority=0.0, Battery=0.0%, Waits=227
[20:59:23] [Tick 403] Pos=(18, 6), Heading=WEST, State=CHARGING, Action=WAITING, Priority=0.0, Battery=0.0%, Waits=228
[20:59:23] [Tick 404] Pos=(18, 6), Heading=WEST, State=CHARGING, Action=WAITING, Priority=0.0, Battery=0.0%, Waits=229
[20:59:24] [Tick 405] Pos=(18, 6), Heading=WEST, State=CHARGING, Action=WAITING, Priority=0.0, Battery=0.0%, Waits=230
[20:59:24] [Tick 406] Pos=(18, 6), Heading=WEST, State=CHARGING, Action=WAITING, Priority=0.0, Battery=0.0%, Waits=231
[20:59:25] [Tick 407] Pos=(18, 6), Heading=WEST, State=CHARGING, Action=WAITING, Priority=0.0, Battery=0.0%, Waits=232
[20:59:25] [Tick 408] Pos=(18, 6), Heading=WEST, State=CHARGING, Action=WAITING, Priority=0.0, Battery=0.0%, Waits=233
[20:59:26] [Tick 409] Pos=(18, 6), Heading=WEST, State=CHARGING, Action=WAITING, Priority=0.0, Battery=0.0%, Waits=234
[20:59:26] [Tick 410] Pos=(18, 6), Heading=WEST, State=CHARGING, Action=WAITING, Priority=0.0, Battery=0.0%, Waits=235
[20:59:27] [Tick 411] Pos=(18, 6), Heading=WEST, State=CHARGING, Action=WAITING, Priority=0.0, Battery=0.0%, Waits=236
[20:59:27] [Tick 412] Pos=(18, 6), Heading=WEST, State=CHARGING, Action=WAITING, Priority=0.0, Battery=0.0%, Waits=237
[20:59:28] [Tick 413] Pos=(18, 6), Heading=WEST, State=CHARGING, Action=WAITING, Priority=0.0, Battery=0.0%, Waits=238
[20:59:28] [Tick 414] Pos=(18, 6), Heading=WEST, State=CHARGING, Action=WAITING, Priority=0.0, Battery=0.0%, Waits=239
[20:59:29] [Tick 415] Pos=(18, 6), Heading=WEST, State=CHARGING, Action=WAITING, Priority=0.0, Battery=0.0%, Waits=240
[20:59:29] [Tick 416] Pos=(18, 6), Heading=WEST, State=CHARGING, Action=WAITING, Priority=0.0, Battery=0.0%, Waits=241
[20:59:30] [Tick 417] Pos=(18, 6), Heading=WEST, State=CHARGING, Action=WAITING, Priority=0.0, Battery=0.0%, Waits=242
[20:59:30] [Tick 418] Pos=(18, 6), Heading=WEST, State=CHARGING, Action=WAITING, Priority=0.0, Battery=0.0%, Waits=243
[20:59:31] [Tick 419] Pos=(18, 6), Heading=WEST, State=CHARGING, Action=WAITING, Priority=0.0, Battery=0.0%, Waits=244
[20:59:31] [Tick 420] Pos=(18, 6), Heading=WEST, State=CHARGING, Action=WAITING, Priority=0.0, Battery=0.0%, Waits=245
[20:59:32] [Tick 421] Pos=(18, 6), Heading=WEST, State=CHARGING, Action=WAITING, Priority=0.0, Battery=0.0%, Waits=246
[20:59:32] [Tick 422] Pos=(18, 6), Heading=WEST, State=CHARGING, Action=WAITING, Priority=0.0, Battery=0.0%, Waits=247
[20:59:33] [Tick 423] Pos=(18, 6), Heading=WEST, State=CHARGING, Action=WAITING, Priority=0.0, Battery=0.0%, Waits=248
[20:59:33] [Tick 424] Pos=(18, 6), Heading=WEST, State=CHARGING, Action=WAITING, Priority=0.0, Battery=0.0%, Waits=249
[20:59:34] [Tick 425] Pos=(18, 6), Heading=WEST, State=CHARGING, Action=WAITING, Priority=0.0, Battery=0.0%, Waits=250
[20:59:34] [Tick 426] Pos=(18, 6), Heading=WEST, State=CHARGING, Action=WAITING, Priority=0.0, Battery=0.0%, Waits=251
[20:59:35] [Tick 427] Pos=(18, 6), Heading=WEST, State=CHARGING, Action=WAITING, Priority=0.0, Battery=0.0%, Waits=252
[20:59:35] [Tick 428] Pos=(18, 6), Heading=WEST, State=CHARGING, Action=WAITING, Priority=0.0, Battery=0.0%, Waits=253
[20:59:36] [Tick 429] Pos=(18, 6), Heading=WEST, State=CHARGING, Action=WAITING, Priority=0.0, Battery=0.0%, Waits=254
[20:59:36] [Tick 430] Pos=(18, 6), Heading=WEST, State=CHARGING, Action=WAITING, Priority=0.0, Battery=0.0%, Waits=255
[20:59:37] [Tick 431] Pos=(18, 6), Heading=WEST, State=CHARGING, Action=WAITING, Priority=0.0, Battery=0.0%, Waits=256
[20:59:37] [Tick 432] Pos=(18, 6), Heading=WEST, State=CHARGING, Action=WAITING, Priority=0.0, Battery=0.0%, Waits=257
[20:59:38] [Tick 433] Pos=(18, 6), Heading=WEST, State=CHARGING, Action=WAITING, Priority=0.0, Battery=0.0%, Waits=258
[20:59:38] [Tick 434] Pos=(18, 6), Heading=WEST, State=CHARGING, Action=WAITING, Priority=0.0, Battery=0.0%, Waits=259
[20:59:39] [Tick 435] Pos=(18, 6), Heading=WEST, State=CHARGING, Action=WAITING, Priority=0.0, Battery=0.0%, Waits=260
[20:59:39] [Tick 436] Pos=(18, 6), Heading=WEST, State=CHARGING, Action=WAITING, Priority=0.0, Battery=0.0%, Waits=261
[20:59:40] [Tick 437] Pos=(18, 6), Heading=WEST, State=CHARGING, Action=WAITING, Priority=0.0, Battery=0.0%, Waits=262
[20:59:40] [Tick 438] Pos=(18, 6), Heading=WEST, State=CHARGING, Action=WAITING, Priority=0.0, Battery=0.0%, Waits=263
[20:59:41] [Tick 439] Pos=(18, 6), Heading=WEST, State=CHARGING, Action=WAITING, Priority=0.0, Battery=0.0%, Waits=264
[20:59:41] [Tick 440] Pos=(18, 6), Heading=WEST, State=CHARGING, Action=WAITING, Priority=0.0, Battery=0.0%, Waits=265
[20:59:42] [Tick 441] Pos=(18, 6), Heading=WEST, State=CHARGING, Action=WAITING, Priority=0.0, Battery=0.0%, Waits=266
[20:59:42] [Tick 442] Pos=(18, 6), Heading=WEST, State=CHARGING, Action=WAITING, Priority=0.0, Battery=0.0%, Waits=267
[20:59:43] [Tick 443] Pos=(18, 6), Heading=WEST, State=CHARGING, Action=WAITING, Priority=0.0, Battery=0.0%, Waits=268
[20:59:43] [Tick 444] Pos=(18, 6), Heading=WEST, State=CHARGING, Action=WAITING, Priority=0.0, Battery=0.0%, Waits=269
[20:59:44] [Tick 445] Pos=(18, 6), Heading=WEST, State=CHARGING, Action=WAITING, Priority=0.0, Battery=0.0%, Waits=270
[20:59:44] [Tick 446] Pos=(18, 6), Heading=WEST, State=CHARGING, Action=WAITING, Priority=0.0, Battery=0.0%, Waits=271
[20:59:45] [Tick 447] Pos=(18, 6), Heading=WEST, State=CHARGING, Action=WAITING, Priority=0.0, Battery=0.0%, Waits=272
[20:59:45] [Tick 448] Pos=(18, 6), Heading=WEST, State=CHARGING, Action=WAITING, Priority=0.0, Battery=0.0%, Waits=273
[20:59:46] [Tick 449] Pos=(18, 6), Heading=WEST, State=CHARGING, Action=WAITING, Priority=0.0, Battery=0.0%, Waits=274
[20:59:46] [Tick 450] Pos=(18, 6), Heading=WEST, State=CHARGING, Action=WAITING, Priority=0.0, Battery=0.0%, Waits=275
[20:59:47] [Tick 451] Pos=(18, 6), Heading=WEST, State=CHARGING, Action=WAITING, Priority=0.0, Battery=0.0%, Waits=276
[20:59:47] [Tick 452] Pos=(18, 6), Heading=WEST, State=CHARGING, Action=WAITING, Priority=0.0, Battery=0.0%, Waits=277
[20:59:48] [Tick 453] Pos=(18, 6), Heading=WEST, State=CHARGING, Action=WAITING, Priority=0.0, Battery=0.0%, Waits=278
[20:59:48] [Tick 454] Pos=(18, 6), Heading=WEST, State=CHARGING, Action=WAITING, Priority=0.0, Battery=0.0%, Waits=279
[20:59:49] [Tick 455] Pos=(18, 6), Heading=WEST, State=CHARGING, Action=WAITING, Priority=0.0, Battery=0.0%, Waits=280
[20:59:49] [Tick 456] Pos=(18, 6), Heading=WEST, State=CHARGING, Action=WAITING, Priority=0.0, Battery=0.0%, Waits=281
[20:59:50] [Tick 457] Pos=(18, 6), Heading=WEST, State=CHARGING, Action=WAITING, Priority=0.0, Battery=0.0%, Waits=282
[20:59:50] [Tick 458] Pos=(18, 6), Heading=WEST, State=CHARGING, Action=WAITING, Priority=0.0, Battery=0.0%, Waits=283
[20:59:51] [Tick 459] Pos=(18, 6), Heading=WEST, State=CHARGING, Action=WAITING, Priority=0.0, Battery=0.0%, Waits=284
[20:59:51] [Tick 460] Pos=(18, 6), Heading=WEST, State=CHARGING, Action=WAITING, Priority=0.0, Battery=0.0%, Waits=285
[20:59:52] [Tick 461] Pos=(18, 6), Heading=WEST, State=CHARGING, Action=WAITING, Priority=0.0, Battery=0.0%, Waits=286
[20:59:52] [Tick 462] Pos=(18, 6), Heading=WEST, State=CHARGING, Action=WAITING, Priority=0.0, Battery=0.0%, Waits=287
[20:59:53] [Tick 463] Pos=(18, 6), Heading=WEST, State=CHARGING, Action=WAITING, Priority=0.0, Battery=0.0%, Waits=288
[20:59:53] [Tick 464] Pos=(18, 6), Heading=WEST, State=CHARGING, Action=WAITING, Priority=0.0, Battery=0.0%, Waits=289
[20:59:54] [Tick 465] Pos=(18, 6), Heading=WEST, State=CHARGING, Action=WAITING, Priority=0.0, Battery=0.0%, Waits=290
[20:59:54] [Tick 466] Pos=(18, 6), Heading=WEST, State=CHARGING, Action=WAITING, Priority=0.0, Battery=0.0%, Waits=291
[20:59:55] [Tick 467] Pos=(18, 6), Heading=WEST, State=CHARGING, Action=WAITING, Priority=0.0, Battery=0.0%, Waits=292
[20:59:55] [Tick 468] Pos=(18, 6), Heading=WEST, State=CHARGING, Action=WAITING, Priority=0.0, Battery=0.0%, Waits=293
[20:59:56] [Tick 469] Pos=(18, 6), Heading=WEST, State=CHARGING, Action=WAITING, Priority=0.0, Battery=0.0%, Waits=294
[20:59:56] [Tick 470] Pos=(18, 6), Heading=WEST, State=CHARGING, Action=WAITING, Priority=0.0, Battery=0.0%, Waits=295
[20:59:57] [Tick 471] Pos=(18, 6), Heading=WEST, State=CHARGING, Action=WAITING, Priority=0.0, Battery=0.0%, Waits=296
[20:59:57] [Tick 472] Pos=(18, 6), Heading=WEST, State=CHARGING, Action=WAITING, Priority=0.0, Battery=0.0%, Waits=297
[20:59:58] [Tick 473] Pos=(18, 6), Heading=WEST, State=CHARGING, Action=WAITING, Priority=0.0, Battery=0.0%, Waits=298
[20:59:58] [Tick 474] Pos=(18, 6), Heading=WEST, State=CHARGING, Action=WAITING, Priority=0.0, Battery=0.0%, Waits=299
[20:59:59] [Tick 475] Pos=(18, 6), Heading=WEST, State=CHARGING, Action=WAITING, Priority=0.0, Battery=0.0%, Waits=300
[20:59:59] [Tick 476] Pos=(18, 6), Heading=WEST, State=CHARGING, Action=WAITING, Priority=0.0, Battery=0.0%, Waits=301
[21:00:00] [Tick 477] Pos=(18, 6), Heading=WEST, State=CHARGING, Action=WAITING, Priority=0.0, Battery=0.0%, Waits=302
[21:00:00] [Tick 478] Pos=(18, 6), Heading=WEST, State=CHARGING, Action=WAITING, Priority=0.0, Battery=0.0%, Waits=303
[21:00:01] [Tick 479] Pos=(18, 6), Heading=WEST, State=CHARGING, Action=WAITING, Priority=0.0, Battery=0.0%, Waits=304
[21:00:01] [Tick 480] Pos=(18, 6), Heading=WEST, State=CHARGING, Action=WAITING, Priority=0.0, Battery=0.0%, Waits=305
[21:00:02] [Tick 481] Pos=(18, 6), Heading=WEST, State=CHARGING, Action=WAITING, Priority=0.0, Battery=0.0%, Waits=306
[21:00:02] [Tick 482] Pos=(18, 6), Heading=WEST, State=CHARGING, Action=WAITING, Priority=0.0, Battery=0.0%, Waits=307
[21:00:03] [Tick 483] Pos=(18, 6), Heading=WEST, State=CHARGING, Action=WAITING, Priority=0.0, Battery=0.0%, Waits=308
[21:00:03] [Tick 484] Pos=(18, 6), Heading=WEST, State=CHARGING, Action=WAITING, Priority=0.0, Battery=0.0%, Waits=309
[21:00:04] [Tick 485] Pos=(18, 6), Heading=WEST, State=CHARGING, Action=WAITING, Priority=0.0, Battery=0.0%, Waits=310
[21:00:04] [Tick 486] Pos=(18, 6), Heading=WEST, State=CHARGING, Action=WAITING, Priority=0.0, Battery=0.0%, Waits=311
[21:00:05] [Tick 487] Pos=(18, 6), Heading=WEST, State=CHARGING, Action=WAITING, Priority=0.0, Battery=0.0%, Waits=312
[21:00:05] [Tick 488] Pos=(18, 6), Heading=WEST, State=CHARGING, Action=WAITING, Priority=0.0, Battery=0.0%, Waits=313
[21:00:06] [Tick 489] Pos=(18, 6), Heading=WEST, State=CHARGING, Action=WAITING, Priority=0.0, Battery=0.0%, Waits=314
[21:00:06] [Tick 490] Pos=(18, 6), Heading=WEST, State=CHARGING, Action=WAITING, Priority=0.0, Battery=0.0%, Waits=315
[21:00:07] [Tick 491] Pos=(18, 6), Heading=WEST, State=CHARGING, Action=WAITING, Priority=0.0, Battery=0.0%, Waits=316
[21:00:07] [Tick 492] Pos=(18, 6), Heading=WEST, State=CHARGING, Action=WAITING, Priority=0.0, Battery=0.0%, Waits=317
[21:00:08] [Tick 493] Pos=(18, 6), Heading=WEST, State=CHARGING, Action=WAITING, Priority=0.0, Battery=0.0%, Waits=318
[21:00:08] [Tick 494] Pos=(18, 6), Heading=WEST, State=CHARGING, Action=WAITING, Priority=0.0, Battery=0.0%, Waits=319
[21:00:09] [Tick 495] Pos=(18, 6), Heading=WEST, State=CHARGING, Action=WAITING, Priority=0.0, Battery=0.0%, Waits=320
[21:00:09] [Tick 496] Pos=(18, 6), Heading=WEST, State=CHARGING, Action=WAITING, Priority=0.0, Battery=0.0%, Waits=321
[21:00:10] [Tick 497] Pos=(18, 6), Heading=WEST, State=CHARGING, Action=WAITING, Priority=0.0, Battery=0.0%, Waits=322
[21:00:10] [Tick 498] Pos=(18, 6), Heading=WEST, State=CHARGING, Action=WAITING, Priority=0.0, Battery=0.0%, Waits=323
[21:00:11] [Tick 499] Pos=(18, 6), Heading=WEST, State=CHARGING, Action=WAITING, Priority=0.0, Battery=0.0%, Waits=324
[21:00:11] [Tick 500] Pos=(18, 6), Heading=WEST, State=CHARGING, Action=WAITING, Priority=0.0, Battery=0.0%, Waits=325
[21:00:12] [Tick 501] Pos=(18, 6), Heading=WEST, State=CHARGING, Action=WAITING, Priority=0.0, Battery=0.0%, Waits=326
[21:00:12] [Tick 502] Pos=(18, 6), Heading=WEST, State=CHARGING, Action=WAITING, Priority=0.0, Battery=0.0%, Waits=327
[21:00:13] [Tick 503] Pos=(18, 6), Heading=WEST, State=CHARGING, Action=WAITING, Priority=0.0, Battery=0.0%, Waits=328
[21:00:13] [Tick 504] Pos=(18, 6), Heading=WEST, State=CHARGING, Action=WAITING, Priority=0.0, Battery=0.0%, Waits=329
[21:00:14] [Tick 505] Pos=(18, 6), Heading=WEST, State=CHARGING, Action=WAITING, Priority=0.0, Battery=0.0%, Waits=330
[21:00:14] [Tick 506] Pos=(18, 6), Heading=WEST, State=CHARGING, Action=WAITING, Priority=0.0, Battery=0.0%, Waits=331
[21:00:15] [Tick 507] Pos=(18, 6), Heading=WEST, State=CHARGING, Action=WAITING, Priority=0.0, Battery=0.0%, Waits=332
[21:00:15] [Tick 508] Pos=(18, 6), Heading=WEST, State=CHARGING, Action=WAITING, Priority=0.0, Battery=0.0%, Waits=333
[21:00:16] [Tick 509] Pos=(18, 6), Heading=WEST, State=CHARGING, Action=WAITING, Priority=0.0, Battery=0.0%, Waits=334
[21:00:16] [Tick 510] Pos=(18, 6), Heading=WEST, State=CHARGING, Action=WAITING, Priority=0.0, Battery=0.0%, Waits=335
[21:00:17] [Tick 511] Pos=(18, 6), Heading=WEST, State=CHARGING, Action=WAITING, Priority=0.0, Battery=0.0%, Waits=336
[21:00:17] [Tick 512] Pos=(18, 6), Heading=WEST, State=CHARGING, Action=WAITING, Priority=0.0, Battery=0.0%, Waits=337
[21:00:18] [Tick 513] Pos=(18, 6), Heading=WEST, State=CHARGING, Action=WAITING, Priority=0.0, Battery=0.0%, Waits=338
[21:00:18] [Tick 514] Pos=(18, 6), Heading=WEST, State=CHARGING, Action=WAITING, Priority=0.0, Battery=0.0%, Waits=339
[21:00:19] [Tick 515] Pos=(18, 6), Heading=WEST, State=CHARGING, Action=WAITING, Priority=0.0, Battery=0.0%, Waits=340
[21:00:19] [Tick 516] Pos=(18, 6), Heading=WEST, State=CHARGING, Action=WAITING, Priority=0.0, Battery=0.0%, Waits=341
[21:00:20] [Tick 517] Pos=(18, 6), Heading=WEST, State=CHARGING, Action=WAITING, Priority=0.0, Battery=0.0%, Waits=342
[21:00:20] [Tick 518] Pos=(18, 6), Heading=WEST, State=CHARGING, Action=WAITING, Priority=0.0, Battery=0.0%, Waits=343
[21:00:21] [Tick 519] Pos=(18, 6), Heading=WEST, State=CHARGING, Action=WAITING, Priority=0.0, Battery=0.0%, Waits=344
[21:00:21] [Tick 520] Pos=(18, 6), Heading=WEST, State=CHARGING, Action=WAITING, Priority=0.0, Battery=0.0%, Waits=345
[21:00:22] [Tick 521] Pos=(18, 6), Heading=WEST, State=CHARGING, Action=WAITING, Priority=0.0, Battery=0.0%, Waits=346
[21:00:22] [Tick 522] Pos=(18, 6), Heading=WEST, State=CHARGING, Action=WAITING, Priority=0.0, Battery=0.0%, Waits=347
[21:00:23] [Tick 523] Pos=(18, 6), Heading=WEST, State=CHARGING, Action=WAITING, Priority=0.0, Battery=0.0%, Waits=348
[21:00:23] [Tick 524] Pos=(18, 6), Heading=WEST, State=CHARGING, Action=WAITING, Priority=0.0, Battery=0.0%, Waits=349
[21:00:24] [Tick 525] Pos=(18, 6), Heading=WEST, State=CHARGING, Action=WAITING, Priority=0.0, Battery=0.0%, Waits=350
[21:00:24] [Tick 526] Pos=(18, 6), Heading=WEST, State=CHARGING, Action=WAITING, Priority=0.0, Battery=0.0%, Waits=351
[21:00:25] [Tick 527] Pos=(18, 6), Heading=WEST, State=CHARGING, Action=WAITING, Priority=0.0, Battery=0.0%, Waits=352
[21:00:25] [Tick 528] Pos=(18, 6), Heading=WEST, State=CHARGING, Action=WAITING, Priority=0.0, Battery=0.0%, Waits=353
[21:00:26] [Tick 529] Pos=(18, 6), Heading=WEST, State=CHARGING, Action=WAITING, Priority=0.0, Battery=0.0%, Waits=354
[21:00:26] [Tick 530] Pos=(18, 6), Heading=WEST, State=CHARGING, Action=WAITING, Priority=0.0, Battery=0.0%, Waits=355
[21:00:27] [Tick 531] Pos=(18, 6), Heading=WEST, State=CHARGING, Action=WAITING, Priority=0.0, Battery=0.0%, Waits=356
[21:00:27] [Tick 532] Pos=(18, 6), Heading=WEST, State=CHARGING, Action=WAITING, Priority=0.0, Battery=0.0%, Waits=357
[21:00:28] [Tick 533] Pos=(18, 6), Heading=WEST, State=CHARGING, Action=WAITING, Priority=0.0, Battery=0.0%, Waits=358
[21:00:28] [Tick 534] Pos=(18, 6), Heading=WEST, State=CHARGING, Action=WAITING, Priority=0.0, Battery=0.0%, Waits=359
[21:00:29] [Tick 535] Pos=(18, 6), Heading=WEST, State=CHARGING, Action=WAITING, Priority=0.0, Battery=0.0%, Waits=360
[21:00:29] [Tick 536] Pos=(18, 6), Heading=WEST, State=CHARGING, Action=WAITING, Priority=0.0, Battery=0.0%, Waits=361
[21:00:30] [Tick 537] Pos=(18, 6), Heading=WEST, State=CHARGING, Action=WAITING, Priority=0.0, Battery=0.0%, Waits=362
[21:00:30] [Tick 538] Pos=(18, 6), Heading=WEST, State=CHARGING, Action=WAITING, Priority=0.0, Battery=0.0%, Waits=363
[21:00:31] [Tick 539] Pos=(18, 6), Heading=WEST, State=CHARGING, Action=WAITING, Priority=0.0, Battery=0.0%, Waits=364
[21:00:31] [Tick 540] Pos=(18, 6), Heading=WEST, State=CHARGING, Action=WAITING, Priority=0.0, Battery=0.0%, Waits=365
[21:00:32] [Tick 541] Pos=(18, 6), Heading=WEST, State=CHARGING, Action=WAITING, Priority=0.0, Battery=0.0%, Waits=366
[21:00:32] [Tick 542] Pos=(18, 6), Heading=WEST, State=CHARGING, Action=WAITING, Priority=0.0, Battery=0.0%, Waits=367
[21:00:33] [Tick 543] Pos=(18, 6), Heading=WEST, State=CHARGING, Action=WAITING, Priority=0.0, Battery=0.0%, Waits=368
[21:00:33] [Tick 544] Pos=(18, 6), Heading=WEST, State=CHARGING, Action=WAITING, Priority=0.0, Battery=0.0%, Waits=369
[21:00:34] [Tick 545] Pos=(18, 6), Heading=WEST, State=CHARGING, Action=WAITING, Priority=0.0, Battery=0.0%, Waits=370
[21:00:34] [Tick 546] Pos=(18, 6), Heading=WEST, State=CHARGING, Action=WAITING, Priority=0.0, Battery=0.0%, Waits=371
[21:00:35] [Tick 547] Pos=(18, 6), Heading=WEST, State=CHARGING, Action=WAITING, Priority=0.0, Battery=0.0%, Waits=372
[21:00:35] [Tick 548] Pos=(18, 6), Heading=WEST, State=CHARGING, Action=WAITING, Priority=0.0, Battery=0.0%, Waits=373
[21:00:36] [Tick 549] Pos=(18, 6), Heading=WEST, State=CHARGING, Action=WAITING, Priority=0.0, Battery=0.0%, Waits=374
[21:00:36] [Tick 550] Pos=(18, 6), Heading=WEST, State=CHARGING, Action=WAITING, Priority=0.0, Battery=0.0%, Waits=375
[21:00:37] [Tick 551] Pos=(18, 6), Heading=WEST, State=CHARGING, Action=WAITING, Priority=0.0, Battery=0.0%, Waits=376
[21:00:37] [Tick 552] Pos=(18, 6), Heading=WEST, State=CHARGING, Action=WAITING, Priority=0.0, Battery=0.0%, Waits=377
[21:00:38] [Tick 553] Pos=(18, 6), Heading=WEST, State=CHARGING, Action=WAITING, Priority=0.0, Battery=0.0%, Waits=378
[21:00:38] [Tick 554] Pos=(18, 6), Heading=WEST, State=CHARGING, Action=WAITING, Priority=0.0, Battery=0.0%, Waits=379
[21:00:39] [Tick 555] Pos=(18, 6), Heading=WEST, State=CHARGING, Action=WAITING, Priority=0.0, Battery=0.0%, Waits=380
[21:00:39] [Tick 556] Pos=(18, 6), Heading=WEST, State=CHARGING, Action=WAITING, Priority=0.0, Battery=0.0%, Waits=381
[21:00:40] [Tick 557] Pos=(18, 6), Heading=WEST, State=CHARGING, Action=WAITING, Priority=0.0, Battery=0.0%, Waits=382
[21:00:40] [Tick 558] Pos=(18, 6), Heading=WEST, State=CHARGING, Action=WAITING, Priority=0.0, Battery=0.0%, Waits=383
[21:00:41] [Tick 559] Pos=(18, 6), Heading=WEST, State=CHARGING, Action=WAITING, Priority=0.0, Battery=0.0%, Waits=384
[21:00:41] [Tick 560] Pos=(18, 6), Heading=WEST, State=CHARGING, Action=WAITING, Priority=0.0, Battery=0.0%, Waits=385
[21:00:42] [Tick 561] Pos=(18, 6), Heading=WEST, State=CHARGING, Action=WAITING, Priority=0.0, Battery=0.0%, Waits=386
[21:00:42] [Tick 562] Pos=(18, 6), Heading=WEST, State=CHARGING, Action=WAITING, Priority=0.0, Battery=0.0%, Waits=387
[21:00:43] [Tick 563] Pos=(18, 6), Heading=WEST, State=CHARGING, Action=WAITING, Priority=0.0, Battery=0.0%, Waits=388
[21:00:43] [Tick 564] Pos=(18, 6), Heading=WEST, State=CHARGING, Action=WAITING, Priority=0.0, Battery=0.0%, Waits=389
[21:00:44] [Tick 565] Pos=(18, 6), Heading=WEST, State=CHARGING, Action=WAITING, Priority=0.0, Battery=0.0%, Waits=390
[21:00:44] [Tick 566] Pos=(18, 6), Heading=WEST, State=CHARGING, Action=WAITING, Priority=0.0, Battery=0.0%, Waits=391
[21:00:45] [Tick 567] Pos=(18, 6), Heading=WEST, State=CHARGING, Action=WAITING, Priority=0.0, Battery=0.0%, Waits=392
[21:00:45] [Tick 568] Pos=(18, 6), Heading=WEST, State=CHARGING, Action=WAITING, Priority=0.0, Battery=0.0%, Waits=393
[21:00:46] [Tick 569] Pos=(18, 6), Heading=WEST, State=CHARGING, Action=WAITING, Priority=0.0, Battery=0.0%, Waits=394
[21:00:46] [Tick 570] Pos=(18, 6), Heading=WEST, State=CHARGING, Action=WAITING, Priority=0.0, Battery=0.0%, Waits=395
[21:00:47] [Tick 571] Pos=(18, 6), Heading=WEST, State=CHARGING, Action=WAITING, Priority=0.0, Battery=0.0%, Waits=396
[21:00:47] [Tick 572] Pos=(18, 6), Heading=WEST, State=CHARGING, Action=WAITING, Priority=0.0, Battery=0.0%, Waits=397
[21:00:48] [Tick 573] Pos=(18, 6), Heading=WEST, State=CHARGING, Action=WAITING, Priority=0.0, Battery=0.0%, Waits=398
[21:00:48] [Tick 574] Pos=(18, 6), Heading=WEST, State=CHARGING, Action=WAITING, Priority=0.0, Battery=0.0%, Waits=399
[21:00:49] [Tick 575] Pos=(18, 6), Heading=WEST, State=CHARGING, Action=WAITING, Priority=0.0, Battery=0.0%, Waits=400
[21:00:49] [Tick 576] Pos=(18, 6), Heading=WEST, State=CHARGING, Action=WAITING, Priority=0.0, Battery=0.0%, Waits=401
[21:00:50] [Tick 577] Pos=(18, 6), Heading=WEST, State=CHARGING, Action=WAITING, Priority=0.0, Battery=0.0%, Waits=402
[21:00:50] [Tick 578] Pos=(18, 6), Heading=WEST, State=CHARGING, Action=WAITING, Priority=0.0, Battery=0.0%, Waits=403
[21:00:51] [Tick 579] Pos=(18, 6), Heading=WEST, State=CHARGING, Action=WAITING, Priority=0.0, Battery=0.0%, Waits=404
[21:00:51] [Tick 580] Pos=(18, 6), Heading=WEST, State=CHARGING, Action=WAITING, Priority=0.0, Battery=0.0%, Waits=405
[21:00:52] [Tick 581] Pos=(18, 6), Heading=WEST, State=CHARGING, Action=WAITING, Priority=0.0, Battery=0.0%, Waits=406
[21:00:52] [Tick 582] Pos=(18, 6), Heading=WEST, State=CHARGING, Action=WAITING, Priority=0.0, Battery=0.0%, Waits=407
[21:00:53] [Tick 583] Pos=(18, 6), Heading=WEST, State=CHARGING, Action=WAITING, Priority=0.0, Battery=0.0%, Waits=408
[21:00:53] [Tick 584] Pos=(18, 6), Heading=WEST, State=CHARGING, Action=WAITING, Priority=0.0, Battery=0.0%, Waits=409
[21:00:54] [Tick 585] Pos=(18, 6), Heading=WEST, State=CHARGING, Action=WAITING, Priority=0.0, Battery=0.0%, Waits=410
[21:00:54] [Tick 586] Pos=(18, 6), Heading=WEST, State=CHARGING, Action=WAITING, Priority=0.0, Battery=0.0%, Waits=411
[21:00:55] [Tick 587] Pos=(18, 6), Heading=WEST, State=CHARGING, Action=WAITING, Priority=0.0, Battery=0.0%, Waits=412
[21:00:55] [Tick 588] Pos=(18, 6), Heading=WEST, State=CHARGING, Action=WAITING, Priority=0.0, Battery=0.0%, Waits=413
[21:00:56] [Tick 589] Pos=(18, 6), Heading=WEST, State=CHARGING, Action=WAITING, Priority=0.0, Battery=0.0%, Waits=414
[21:00:56] [Tick 590] Pos=(18, 6), Heading=WEST, State=CHARGING, Action=WAITING, Priority=0.0, Battery=0.0%, Waits=415
[21:00:57] [Tick 591] Pos=(18, 6), Heading=WEST, State=CHARGING, Action=WAITING, Priority=0.0, Battery=0.0%, Waits=416
[21:00:57] [Tick 592] Pos=(18, 6), Heading=WEST, State=CHARGING, Action=WAITING, Priority=0.0, Battery=0.0%, Waits=417
[21:00:58] [Tick 593] Pos=(18, 6), Heading=WEST, State=CHARGING, Action=WAITING, Priority=0.0, Battery=0.0%, Waits=418
[21:00:58] [Tick 594] Pos=(18, 6), Heading=WEST, State=CHARGING, Action=WAITING, Priority=0.0, Battery=0.0%, Waits=419
[21:00:59] [Tick 595] Pos=(18, 6), Heading=WEST, State=CHARGING, Action=WAITING, Priority=0.0, Battery=0.0%, Waits=420
[21:00:59] [Tick 596] Pos=(18, 6), Heading=WEST, State=CHARGING, Action=WAITING, Priority=0.0, Battery=0.0%, Waits=421
[21:01:00] [Tick 597] Pos=(18, 6), Heading=WEST, State=CHARGING, Action=WAITING, Priority=0.0, Battery=0.0%, Waits=422
[21:01:00] [Tick 598] Pos=(18, 6), Heading=WEST, State=CHARGING, Action=WAITING, Priority=0.0, Battery=0.0%, Waits=423
[21:01:01] [Tick 599] Pos=(18, 6), Heading=WEST, State=CHARGING, Action=WAITING, Priority=0.0, Battery=0.0%, Waits=424
[21:01:01] [Tick 600] Pos=(18, 6), Heading=WEST, State=CHARGING, Action=WAITING, Priority=0.0, Battery=0.0%, Waits=425
[21:01:02] [Tick 601] Pos=(18, 6), Heading=WEST, State=CHARGING, Action=WAITING, Priority=0.0, Battery=0.0%, Waits=426
[21:01:02] [Tick 602] Pos=(18, 6), Heading=WEST, State=CHARGING, Action=WAITING, Priority=0.0, Battery=0.0%, Waits=427
[21:01:03] [Tick 603] Pos=(18, 6), Heading=WEST, State=CHARGING, Action=WAITING, Priority=0.0, Battery=0.0%, Waits=428
[21:01:03] [Tick 604] Pos=(18, 6), Heading=WEST, State=CHARGING, Action=WAITING, Priority=0.0, Battery=0.0%, Waits=429
[21:01:04] [Tick 605] Pos=(18, 6), Heading=WEST, State=CHARGING, Action=WAITING, Priority=0.0, Battery=0.0%, Waits=430
[21:01:04] [Tick 606] Pos=(18, 6), Heading=WEST, State=CHARGING, Action=WAITING, Priority=0.0, Battery=0.0%, Waits=431
[21:01:05] [Tick 607] Pos=(18, 6), Heading=WEST, State=CHARGING, Action=WAITING, Priority=0.0, Battery=0.0%, Waits=432
[21:01:05] [Tick 608] Pos=(18, 6), Heading=WEST, State=CHARGING, Action=WAITING, Priority=0.0, Battery=0.0%, Waits=433
[21:01:06] [Tick 609] Pos=(18, 6), Heading=WEST, State=CHARGING, Action=WAITING, Priority=0.0, Battery=0.0%, Waits=434
[21:01:06] [Tick 610] Pos=(18, 6), Heading=WEST, State=CHARGING, Action=WAITING, Priority=0.0, Battery=0.0%, Waits=435
[21:01:07] [Tick 611] Pos=(18, 6), Heading=WEST, State=CHARGING, Action=WAITING, Priority=0.0, Battery=0.0%, Waits=436
[21:01:07] [Tick 612] Pos=(18, 6), Heading=WEST, State=CHARGING, Action=WAITING, Priority=0.0, Battery=0.0%, Waits=437
[21:01:08] [Tick 613] Pos=(18, 6), Heading=WEST, State=CHARGING, Action=WAITING, Priority=0.0, Battery=0.0%, Waits=438
[21:01:08] [Tick 614] Pos=(18, 6), Heading=WEST, State=CHARGING, Action=WAITING, Priority=0.0, Battery=0.0%, Waits=439
[21:01:09] [Tick 615] Pos=(18, 6), Heading=WEST, State=CHARGING, Action=WAITING, Priority=0.0, Battery=0.0%, Waits=440
[21:01:09] [Tick 616] Pos=(18, 6), Heading=WEST, State=CHARGING, Action=WAITING, Priority=0.0, Battery=0.0%, Waits=441
[21:01:10] [Tick 617] Pos=(18, 6), Heading=WEST, State=CHARGING, Action=WAITING, Priority=0.0, Battery=0.0%, Waits=442
[21:01:10] [Tick 618] Pos=(18, 6), Heading=WEST, State=CHARGING, Action=WAITING, Priority=0.0, Battery=0.0%, Waits=443
[21:01:11] [Tick 619] Pos=(18, 6), Heading=WEST, State=CHARGING, Action=WAITING, Priority=0.0, Battery=0.0%, Waits=444
[21:01:11] [Tick 620] Pos=(18, 6), Heading=WEST, State=CHARGING, Action=WAITING, Priority=0.0, Battery=0.0%, Waits=445
[21:01:12] [Tick 621] Pos=(18, 6), Heading=WEST, State=CHARGING, Action=WAITING, Priority=0.0, Battery=0.0%, Waits=446
[21:01:12] [Tick 622] Pos=(18, 6), Heading=WEST, State=CHARGING, Action=WAITING, Priority=0.0, Battery=0.0%, Waits=447
[21:01:13] [Tick 623] Pos=(18, 6), Heading=WEST, State=CHARGING, Action=WAITING, Priority=0.0, Battery=0.0%, Waits=448
[21:01:13] [Tick 624] Pos=(18, 6), Heading=WEST, State=CHARGING, Action=WAITING, Priority=0.0, Battery=0.0%, Waits=449
[21:01:14] [Tick 625] Pos=(18, 6), Heading=WEST, State=CHARGING, Action=WAITING, Priority=0.0, Battery=0.0%, Waits=450
[21:01:14] [Tick 626] Pos=(18, 6), Heading=WEST, State=CHARGING, Action=WAITING, Priority=0.0, Battery=0.0%, Waits=451
[21:01:15] [Tick 627] Pos=(18, 6), Heading=WEST, State=CHARGING, Action=WAITING, Priority=0.0, Battery=0.0%, Waits=452
[21:01:15] [Tick 628] Pos=(18, 6), Heading=WEST, State=CHARGING, Action=WAITING, Priority=0.0, Battery=0.0%, Waits=453
[21:01:16] [Tick 629] Pos=(18, 6), Heading=WEST, State=CHARGING, Action=WAITING, Priority=0.0, Battery=0.0%, Waits=454
[21:01:16] [Tick 630] Pos=(18, 6), Heading=WEST, State=CHARGING, Action=WAITING, Priority=0.0, Battery=0.0%, Waits=455
[21:01:17] [Tick 631] Pos=(18, 6), Heading=WEST, State=CHARGING, Action=WAITING, Priority=0.0, Battery=0.0%, Waits=456
[21:01:17] [Tick 632] Pos=(18, 6), Heading=WEST, State=CHARGING, Action=WAITING, Priority=0.0, Battery=0.0%, Waits=457
[21:01:18] [Tick 633] Pos=(18, 6), Heading=WEST, State=CHARGING, Action=WAITING, Priority=0.0, Battery=0.0%, Waits=458
[21:01:18] [Tick 634] Pos=(18, 6), Heading=WEST, State=CHARGING, Action=WAITING, Priority=0.0, Battery=0.0%, Waits=459
[21:01:19] [Tick 635] Pos=(18, 6), Heading=WEST, State=CHARGING, Action=WAITING, Priority=0.0, Battery=0.0%, Waits=460
[21:01:19] [Tick 636] Pos=(18, 6), Heading=WEST, State=CHARGING, Action=WAITING, Priority=0.0, Battery=0.0%, Waits=461
[21:01:20] [Tick 637] Pos=(18, 6), Heading=WEST, State=CHARGING, Action=WAITING, Priority=0.0, Battery=0.0%, Waits=462
[21:01:20] [Tick 638] Pos=(18, 6), Heading=WEST, State=CHARGING, Action=WAITING, Priority=0.0, Battery=0.0%, Waits=463
[21:01:21] [Tick 639] Pos=(18, 6), Heading=WEST, State=CHARGING, Action=WAITING, Priority=0.0, Battery=0.0%, Waits=464
[21:01:21] [Tick 640] Pos=(18, 6), Heading=WEST, State=CHARGING, Action=WAITING, Priority=0.0, Battery=0.0%, Waits=465
[21:01:22] [Tick 641] Pos=(18, 6), Heading=WEST, State=CHARGING, Action=WAITING, Priority=0.0, Battery=0.0%, Waits=466
[21:01:22] [Tick 642] Pos=(18, 6), Heading=WEST, State=CHARGING, Action=WAITING, Priority=0.0, Battery=0.0%, Waits=467
[21:01:23] [Tick 643] Pos=(18, 6), Heading=WEST, State=CHARGING, Action=WAITING, Priority=0.0, Battery=0.0%, Waits=468
[21:01:23] [Tick 644] Pos=(18, 6), Heading=WEST, State=CHARGING, Action=WAITING, Priority=0.0, Battery=0.0%, Waits=469
[21:01:24] [Tick 645] Pos=(18, 6), Heading=WEST, State=CHARGING, Action=WAITING, Priority=0.0, Battery=0.0%, Waits=470
[21:01:24] [Tick 646] Pos=(18, 6), Heading=WEST, State=CHARGING, Action=WAITING, Priority=0.0, Battery=0.0%, Waits=471
[21:01:25] [Tick 647] Pos=(18, 6), Heading=WEST, State=CHARGING, Action=WAITING, Priority=0.0, Battery=0.0%, Waits=472
[21:01:25] [Tick 648] Pos=(18, 6), Heading=WEST, State=CHARGING, Action=WAITING, Priority=0.0, Battery=0.0%, Waits=473
[21:01:26] [Tick 649] Pos=(18, 6), Heading=WEST, State=CHARGING, Action=WAITING, Priority=0.0, Battery=0.0%, Waits=474
[21:01:26] [Tick 650] Pos=(18, 6), Heading=WEST, State=CHARGING, Action=WAITING, Priority=0.0, Battery=0.0%, Waits=475
[21:01:27] [Tick 651] Pos=(18, 6), Heading=WEST, State=CHARGING, Action=WAITING, Priority=0.0, Battery=0.0%, Waits=476
[21:01:27] [Tick 652] Pos=(18, 6), Heading=WEST, State=CHARGING, Action=WAITING, Priority=0.0, Battery=0.0%, Waits=477
[21:01:28] [Tick 653] Pos=(18, 6), Heading=WEST, State=CHARGING, Action=WAITING, Priority=0.0, Battery=0.0%, Waits=478
[21:01:28] [Tick 654] Pos=(18, 6), Heading=WEST, State=CHARGING, Action=WAITING, Priority=0.0, Battery=0.0%, Waits=479
[21:01:29] [Tick 655] Pos=(18, 6), Heading=WEST, State=CHARGING, Action=WAITING, Priority=0.0, Battery=0.0%, Waits=480
[21:01:29] [Tick 656] Pos=(18, 6), Heading=WEST, State=CHARGING, Action=WAITING, Priority=0.0, Battery=0.0%, Waits=481
[21:01:30] [Tick 657] Pos=(18, 6), Heading=WEST, State=CHARGING, Action=WAITING, Priority=0.0, Battery=0.0%, Waits=482
[21:01:30] [Tick 658] Pos=(18, 6), Heading=WEST, State=CHARGING, Action=WAITING, Priority=0.0, Battery=0.0%, Waits=483
[21:01:31] [Tick 659] Pos=(18, 6), Heading=WEST, State=CHARGING, Action=WAITING, Priority=0.0, Battery=0.0%, Waits=484
[21:01:31] [Tick 660] Pos=(18, 6), Heading=WEST, State=CHARGING, Action=WAITING, Priority=0.0, Battery=0.0%, Waits=485
[21:01:32] [Tick 661] Pos=(18, 6), Heading=WEST, State=CHARGING, Action=WAITING, Priority=0.0, Battery=0.0%, Waits=486
[21:01:32] [Tick 662] Pos=(18, 6), Heading=WEST, State=CHARGING, Action=WAITING, Priority=0.0, Battery=0.0%, Waits=487
[21:01:33] [Tick 663] Pos=(18, 6), Heading=WEST, State=CHARGING, Action=WAITING, Priority=0.0, Battery=0.0%, Waits=488
[21:01:33] [Tick 664] Pos=(18, 6), Heading=WEST, State=CHARGING, Action=WAITING, Priority=0.0, Battery=0.0%, Waits=489
[21:01:34] [Tick 665] Pos=(18, 6), Heading=WEST, State=CHARGING, Action=WAITING, Priority=0.0, Battery=0.0%, Waits=490
[21:01:34] [Tick 666] Pos=(18, 6), Heading=WEST, State=CHARGING, Action=WAITING, Priority=0.0, Battery=0.0%, Waits=491
[21:01:35] [Tick 667] Pos=(18, 6), Heading=WEST, State=CHARGING, Action=WAITING, Priority=0.0, Battery=0.0%, Waits=492
[21:01:35] [Tick 668] Pos=(18, 6), Heading=WEST, State=CHARGING, Action=WAITING, Priority=0.0, Battery=0.0%, Waits=493
[21:01:36] [Tick 669] Pos=(18, 6), Heading=WEST, State=CHARGING, Action=WAITING, Priority=0.0, Battery=0.0%, Waits=494
[21:01:36] [Tick 670] Pos=(18, 6), Heading=WEST, State=CHARGING, Action=WAITING, Priority=0.0, Battery=0.0%, Waits=495
[21:01:37] [Tick 671] Pos=(18, 6), Heading=WEST, State=CHARGING, Action=WAITING, Priority=0.0, Battery=0.0%, Waits=496
[21:01:37] [Tick 672] Pos=(18, 6), Heading=WEST, State=CHARGING, Action=WAITING, Priority=0.0, Battery=0.0%, Waits=497
[21:01:38] [Tick 673] Pos=(18, 6), Heading=WEST, State=CHARGING, Action=WAITING, Priority=0.0, Battery=0.0%, Waits=498
[21:01:38] [Tick 674] Pos=(18, 6), Heading=WEST, State=CHARGING, Action=WAITING, Priority=0.0, Battery=0.0%, Waits=499
[21:01:39] [Tick 675] Pos=(18, 6), Heading=WEST, State=CHARGING, Action=WAITING, Priority=0.0, Battery=0.0%, Waits=500
[21:01:39] [Tick 676] Pos=(18, 6), Heading=WEST, State=CHARGING, Action=WAITING, Priority=0.0, Battery=0.0%, Waits=501
[21:01:40] [Tick 677] Pos=(18, 6), Heading=WEST, State=CHARGING, Action=WAITING, Priority=0.0, Battery=0.0%, Waits=502
[21:01:40] [Tick 678] Pos=(18, 6), Heading=WEST, State=CHARGING, Action=WAITING, Priority=0.0, Battery=0.0%, Waits=503
[21:01:41] [Tick 679] Pos=(18, 6), Heading=WEST, State=CHARGING, Action=WAITING, Priority=0.0, Battery=0.0%, Waits=504
[21:01:41] [Tick 680] Pos=(18, 6), Heading=WEST, State=CHARGING, Action=WAITING, Priority=0.0, Battery=0.0%, Waits=505
[21:01:42] [Tick 681] Pos=(18, 6), Heading=WEST, State=CHARGING, Action=WAITING, Priority=0.0, Battery=0.0%, Waits=506
[21:01:42] [Tick 682] Pos=(18, 6), Heading=WEST, State=CHARGING, Action=WAITING, Priority=0.0, Battery=0.0%, Waits=507
[21:01:43] [Tick 683] Pos=(18, 6), Heading=WEST, State=CHARGING, Action=WAITING, Priority=0.0, Battery=0.0%, Waits=508
[21:01:43] [Tick 684] Pos=(18, 6), Heading=WEST, State=CHARGING, Action=WAITING, Priority=0.0, Battery=0.0%, Waits=509
[21:01:44] [Tick 685] Pos=(18, 6), Heading=WEST, State=CHARGING, Action=WAITING, Priority=0.0, Battery=0.0%, Waits=510
[21:01:44] [Tick 686] Pos=(18, 6), Heading=WEST, State=CHARGING, Action=WAITING, Priority=0.0, Battery=0.0%, Waits=511
[21:01:45] [Tick 687] Pos=(18, 6), Heading=WEST, State=CHARGING, Action=WAITING, Priority=0.0, Battery=0.0%, Waits=512
[21:01:45] [Tick 688] Pos=(18, 6), Heading=WEST, State=CHARGING, Action=WAITING, Priority=0.0, Battery=0.0%, Waits=513
[21:01:46] [Tick 689] Pos=(18, 6), Heading=WEST, State=CHARGING, Action=WAITING, Priority=0.0, Battery=0.0%, Waits=514
[21:01:46] [Tick 690] Pos=(18, 6), Heading=WEST, State=CHARGING, Action=WAITING, Priority=0.0, Battery=0.0%, Waits=515
[21:01:47] [Tick 691] Pos=(18, 6), Heading=WEST, State=CHARGING, Action=WAITING, Priority=0.0, Battery=0.0%, Waits=516
[21:01:47] [Tick 692] Pos=(18, 6), Heading=WEST, State=CHARGING, Action=WAITING, Priority=0.0, Battery=0.0%, Waits=517
[21:01:48] [Tick 693] Pos=(18, 6), Heading=WEST, State=CHARGING, Action=WAITING, Priority=0.0, Battery=0.0%, Waits=518
[21:01:48] [Tick 694] Pos=(18, 6), Heading=WEST, State=CHARGING, Action=WAITING, Priority=0.0, Battery=0.0%, Waits=519
[21:01:49] [Tick 695] Pos=(18, 6), Heading=WEST, State=CHARGING, Action=WAITING, Priority=0.0, Battery=0.0%, Waits=520
[21:01:49] [Tick 696] Pos=(18, 6), Heading=WEST, State=CHARGING, Action=WAITING, Priority=0.0, Battery=0.0%, Waits=521
[21:01:50] [Tick 697] Pos=(18, 6), Heading=WEST, State=CHARGING, Action=WAITING, Priority=0.0, Battery=0.0%, Waits=522
[21:01:50] [Tick 698] Pos=(18, 6), Heading=WEST, State=CHARGING, Action=WAITING, Priority=0.0, Battery=0.0%, Waits=523
[21:01:51] [Tick 699] Pos=(18, 6), Heading=WEST, State=CHARGING, Action=WAITING, Priority=0.0, Battery=0.0%, Waits=524
[21:01:51] [Tick 700] Pos=(18, 6), Heading=WEST, State=CHARGING, Action=WAITING, Priority=0.0, Battery=0.0%, Waits=525
[21:01:52] [Tick 701] Pos=(18, 6), Heading=WEST, State=CHARGING, Action=WAITING, Priority=0.0, Battery=0.0%, Waits=526
[21:01:52] [Tick 702] Pos=(18, 6), Heading=WEST, State=CHARGING, Action=WAITING, Priority=0.0, Battery=0.0%, Waits=527
[21:01:53] [Tick 703] Pos=(18, 6), Heading=WEST, State=CHARGING, Action=WAITING, Priority=0.0, Battery=0.0%, Waits=528
[21:01:53] [Tick 704] Pos=(18, 6), Heading=WEST, State=CHARGING, Action=WAITING, Priority=0.0, Battery=0.0%, Waits=529
[21:01:54] [Tick 705] Pos=(18, 6), Heading=WEST, State=CHARGING, Action=WAITING, Priority=0.0, Battery=0.0%, Waits=530
[21:01:54] [Tick 706] Pos=(18, 6), Heading=WEST, State=CHARGING, Action=WAITING, Priority=0.0, Battery=0.0%, Waits=531
[21:01:55] [Tick 707] Pos=(18, 6), Heading=WEST, State=CHARGING, Action=WAITING, Priority=0.0, Battery=0.0%, Waits=532
[21:01:55] [Tick 708] Pos=(18, 6), Heading=WEST, State=CHARGING, Action=WAITING, Priority=0.0, Battery=0.0%, Waits=533
[21:01:56] [Tick 709] Pos=(18, 6), Heading=WEST, State=CHARGING, Action=WAITING, Priority=0.0, Battery=0.0%, Waits=534
[21:01:56] [Tick 710] Pos=(18, 6), Heading=WEST, State=CHARGING, Action=WAITING, Priority=0.0, Battery=0.0%, Waits=535
[21:01:57] [Tick 711] Pos=(18, 6), Heading=WEST, State=CHARGING, Action=WAITING, Priority=0.0, Battery=0.0%, Waits=536
[21:01:57] [Tick 712] Pos=(18, 6), Heading=WEST, State=CHARGING, Action=WAITING, Priority=0.0, Battery=0.0%, Waits=537
[21:01:58] [Tick 713] Pos=(18, 6), Heading=WEST, State=CHARGING, Action=WAITING, Priority=0.0, Battery=0.0%, Waits=538
[21:01:58] [Tick 714] Pos=(18, 6), Heading=WEST, State=CHARGING, Action=WAITING, Priority=0.0, Battery=0.0%, Waits=539
[21:01:59] [Tick 715] Pos=(18, 6), Heading=WEST, State=CHARGING, Action=WAITING, Priority=0.0, Battery=0.0%, Waits=540
[21:01:59] [Tick 716] Pos=(18, 6), Heading=WEST, State=CHARGING, Action=WAITING, Priority=0.0, Battery=0.0%, Waits=541
[21:02:00] [Tick 717] Pos=(18, 6), Heading=WEST, State=CHARGING, Action=WAITING, Priority=0.0, Battery=0.0%, Waits=542
[21:02:00] [Tick 718] Pos=(18, 6), Heading=WEST, State=CHARGING, Action=WAITING, Priority=0.0, Battery=0.0%, Waits=543
[21:02:01] [Tick 719] Pos=(18, 6), Heading=WEST, State=CHARGING, Action=WAITING, Priority=0.0, Battery=0.0%, Waits=544
[21:02:01] [Tick 720] Pos=(18, 6), Heading=WEST, State=CHARGING, Action=WAITING, Priority=0.0, Battery=0.0%, Waits=545
[21:02:02] [Tick 721] Pos=(18, 6), Heading=WEST, State=CHARGING, Action=WAITING, Priority=0.0, Battery=0.0%, Waits=546
[21:02:02] [Tick 722] Pos=(18, 6), Heading=WEST, State=CHARGING, Action=WAITING, Priority=0.0, Battery=0.0%, Waits=547
[21:02:03] [Tick 723] Pos=(18, 6), Heading=WEST, State=CHARGING, Action=WAITING, Priority=0.0, Battery=0.0%, Waits=548
[21:02:03] [Tick 724] Pos=(18, 6), Heading=WEST, State=CHARGING, Action=WAITING, Priority=0.0, Battery=0.0%, Waits=549
[21:02:04] [Tick 725] Pos=(18, 6), Heading=WEST, State=CHARGING, Action=WAITING, Priority=0.0, Battery=0.0%, Waits=550
[21:02:04] [Tick 726] Pos=(18, 6), Heading=WEST, State=CHARGING, Action=WAITING, Priority=0.0, Battery=0.0%, Waits=551
[21:02:05] [Tick 727] Pos=(18, 6), Heading=WEST, State=CHARGING, Action=WAITING, Priority=0.0, Battery=0.0%, Waits=552
[21:02:05] [Tick 728] Pos=(18, 6), Heading=WEST, State=CHARGING, Action=WAITING, Priority=0.0, Battery=0.0%, Waits=553
[21:02:06] [Tick 729] Pos=(18, 6), Heading=WEST, State=CHARGING, Action=WAITING, Priority=0.0, Battery=0.0%, Waits=554
[21:02:06] [Tick 730] Pos=(18, 6), Heading=WEST, State=CHARGING, Action=WAITING, Priority=0.0, Battery=0.0%, Waits=555
[21:02:07] [Tick 731] Pos=(18, 6), Heading=WEST, State=CHARGING, Action=WAITING, Priority=0.0, Battery=0.0%, Waits=556
[21:02:07] [Tick 732] Pos=(18, 6), Heading=WEST, State=CHARGING, Action=WAITING, Priority=0.0, Battery=0.0%, Waits=557
[21:02:08] [Tick 733] Pos=(18, 6), Heading=WEST, State=CHARGING, Action=WAITING, Priority=0.0, Battery=0.0%, Waits=558
[21:02:08] [Tick 734] Pos=(18, 6), Heading=WEST, State=CHARGING, Action=WAITING, Priority=0.0, Battery=0.0%, Waits=559
[21:02:09] [Tick 735] Pos=(18, 6), Heading=WEST, State=CHARGING, Action=WAITING, Priority=0.0, Battery=0.0%, Waits=560
[21:02:09] [Tick 736] Pos=(18, 6), Heading=WEST, State=CHARGING, Action=WAITING, Priority=0.0, Battery=0.0%, Waits=561
[21:02:10] [Tick 737] Pos=(18, 6), Heading=WEST, State=CHARGING, Action=WAITING, Priority=0.0, Battery=0.0%, Waits=562
[21:02:10] [Tick 738] Pos=(18, 6), Heading=WEST, State=CHARGING, Action=WAITING, Priority=0.0, Battery=0.0%, Waits=563
[21:02:11] [Tick 739] Pos=(18, 6), Heading=WEST, State=CHARGING, Action=WAITING, Priority=0.0, Battery=0.0%, Waits=564
[21:02:11] [Tick 740] Pos=(18, 6), Heading=WEST, State=CHARGING, Action=WAITING, Priority=0.0, Battery=0.0%, Waits=565
[21:02:12] [Tick 741] Pos=(18, 6), Heading=WEST, State=CHARGING, Action=WAITING, Priority=0.0, Battery=0.0%, Waits=566
[21:02:12] [Tick 742] Pos=(18, 6), Heading=WEST, State=CHARGING, Action=WAITING, Priority=0.0, Battery=0.0%, Waits=567
[21:02:13] [Tick 743] Pos=(18, 6), Heading=WEST, State=CHARGING, Action=WAITING, Priority=0.0, Battery=0.0%, Waits=568
[21:02:13] [Tick 744] Pos=(18, 6), Heading=WEST, State=CHARGING, Action=WAITING, Priority=0.0, Battery=0.0%, Waits=569
[21:02:14] [Tick 745] Pos=(18, 6), Heading=WEST, State=CHARGING, Action=WAITING, Priority=0.0, Battery=0.0%, Waits=570
[21:02:14] [Tick 746] Pos=(18, 6), Heading=WEST, State=CHARGING, Action=WAITING, Priority=0.0, Battery=0.0%, Waits=571
[21:02:15] [Tick 747] Pos=(18, 6), Heading=WEST, State=CHARGING, Action=WAITING, Priority=0.0, Battery=0.0%, Waits=572
[21:02:15] [Tick 748] Pos=(18, 6), Heading=WEST, State=CHARGING, Action=WAITING, Priority=0.0, Battery=0.0%, Waits=573
[21:02:16] [Tick 749] Pos=(18, 6), Heading=WEST, State=CHARGING, Action=WAITING, Priority=0.0, Battery=0.0%, Waits=574
[21:02:16] [Tick 750] Pos=(18, 6), Heading=WEST, State=CHARGING, Action=WAITING, Priority=0.0, Battery=0.0%, Waits=575
[21:02:17] [Tick 751] Pos=(18, 6), Heading=WEST, State=CHARGING, Action=WAITING, Priority=0.0, Battery=0.0%, Waits=576
[21:02:17] [Tick 752] Pos=(18, 6), Heading=WEST, State=CHARGING, Action=WAITING, Priority=0.0, Battery=0.0%, Waits=577
[21:02:18] [Tick 753] Pos=(18, 6), Heading=WEST, State=CHARGING, Action=WAITING, Priority=0.0, Battery=0.0%, Waits=578
[21:02:18] [Tick 754] Pos=(18, 6), Heading=WEST, State=CHARGING, Action=WAITING, Priority=0.0, Battery=0.0%, Waits=579
[21:02:19] [Tick 755] Pos=(18, 6), Heading=WEST, State=CHARGING, Action=WAITING, Priority=0.0, Battery=0.0%, Waits=580
[21:02:19] [Tick 756] Pos=(18, 6), Heading=WEST, State=CHARGING, Action=WAITING, Priority=0.0, Battery=0.0%, Waits=581
[21:02:20] [Tick 757] Pos=(18, 6), Heading=WEST, State=CHARGING, Action=WAITING, Priority=0.0, Battery=0.0%, Waits=582
[21:02:20] [Tick 758] Pos=(18, 6), Heading=WEST, State=CHARGING, Action=WAITING, Priority=0.0, Battery=0.0%, Waits=583
[21:02:21] [Tick 759] Pos=(18, 6), Heading=WEST, State=CHARGING, Action=WAITING, Priority=0.0, Battery=0.0%, Waits=584
[21:02:22] [Tick 760] Pos=(18, 6), Heading=WEST, State=CHARGING, Action=WAITING, Priority=0.0, Battery=0.0%, Waits=585
[21:02:22] [Tick 761] Pos=(18, 6), Heading=WEST, State=CHARGING, Action=WAITING, Priority=0.0, Battery=0.0%, Waits=586
[21:02:23] [Tick 762] Pos=(18, 6), Heading=WEST, State=CHARGING, Action=WAITING, Priority=0.0, Battery=0.0%, Waits=587
[21:02:23] [Tick 763] Pos=(18, 6), Heading=WEST, State=CHARGING, Action=WAITING, Priority=0.0, Battery=0.0%, Waits=588
[21:02:24] [Tick 764] Pos=(18, 6), Heading=WEST, State=CHARGING, Action=WAITING, Priority=0.0, Battery=0.0%, Waits=589
[21:02:24] [Tick 765] Pos=(18, 6), Heading=WEST, State=CHARGING, Action=WAITING, Priority=0.0, Battery=0.0%, Waits=590
[21:02:25] [Tick 766] Pos=(18, 6), Heading=WEST, State=CHARGING, Action=WAITING, Priority=0.0, Battery=0.0%, Waits=591
[21:02:25] [Tick 767] Pos=(18, 6), Heading=WEST, State=CHARGING, Action=WAITING, Priority=0.0, Battery=0.0%, Waits=592
[21:02:26] [Tick 768] Pos=(18, 6), Heading=WEST, State=CHARGING, Action=WAITING, Priority=0.0, Battery=0.0%, Waits=593
[21:02:26] [Tick 769] Pos=(18, 6), Heading=WEST, State=CHARGING, Action=WAITING, Priority=0.0, Battery=0.0%, Waits=594
[21:02:27] [Tick 770] Pos=(18, 6), Heading=WEST, State=CHARGING, Action=WAITING, Priority=0.0, Battery=0.0%, Waits=595
[21:02:27] [Tick 771] Pos=(18, 6), Heading=WEST, State=CHARGING, Action=WAITING, Priority=0.0, Battery=0.0%, Waits=596
[21:02:28] [Tick 772] Pos=(18, 6), Heading=WEST, State=CHARGING, Action=WAITING, Priority=0.0, Battery=0.0%, Waits=597
[21:02:28] [Tick 773] Pos=(18, 6), Heading=WEST, State=CHARGING, Action=WAITING, Priority=0.0, Battery=0.0%, Waits=598
[21:02:29] [Tick 774] Pos=(18, 6), Heading=WEST, State=CHARGING, Action=WAITING, Priority=0.0, Battery=0.0%, Waits=599
[21:02:29] [Tick 775] Pos=(18, 6), Heading=WEST, State=CHARGING, Action=WAITING, Priority=0.0, Battery=0.0%, Waits=600
[21:02:30] [Tick 776] Pos=(18, 6), Heading=WEST, State=CHARGING, Action=WAITING, Priority=0.0, Battery=0.0%, Waits=601
[21:02:30] [Tick 777] Pos=(18, 6), Heading=WEST, State=CHARGING, Action=WAITING, Priority=0.0, Battery=0.0%, Waits=602
[21:02:31] [Tick 778] Pos=(18, 6), Heading=WEST, State=CHARGING, Action=WAITING, Priority=0.0, Battery=0.0%, Waits=603
[21:02:31] [Tick 779] Pos=(18, 6), Heading=WEST, State=CHARGING, Action=WAITING, Priority=0.0, Battery=0.0%, Waits=604
[21:02:32] [Tick 780] Pos=(18, 6), Heading=WEST, State=CHARGING, Action=WAITING, Priority=0.0, Battery=0.0%, Waits=605
[21:02:32] [Tick 781] Pos=(18, 6), Heading=WEST, State=CHARGING, Action=WAITING, Priority=0.0, Battery=0.0%, Waits=606
[21:02:33] [Tick 782] Pos=(18, 6), Heading=WEST, State=CHARGING, Action=WAITING, Priority=0.0, Battery=0.0%, Waits=607
[21:02:33] [Tick 783] Pos=(18, 6), Heading=WEST, State=CHARGING, Action=WAITING, Priority=0.0, Battery=0.0%, Waits=608
[21:02:34] [Tick 784] Pos=(18, 6), Heading=WEST, State=CHARGING, Action=WAITING, Priority=0.0, Battery=0.0%, Waits=609
[21:02:34] [Tick 785] Pos=(18, 6), Heading=WEST, State=CHARGING, Action=WAITING, Priority=0.0, Battery=0.0%, Waits=610
[21:02:35] [Tick 786] Pos=(18, 6), Heading=WEST, State=CHARGING, Action=WAITING, Priority=0.0, Battery=0.0%, Waits=611
[21:02:35] [Tick 787] Pos=(18, 6), Heading=WEST, State=CHARGING, Action=WAITING, Priority=0.0, Battery=0.0%, Waits=612
[21:02:36] [Tick 788] Pos=(18, 6), Heading=WEST, State=CHARGING, Action=WAITING, Priority=0.0, Battery=0.0%, Waits=613
[21:02:36] [Tick 789] Pos=(18, 6), Heading=WEST, State=CHARGING, Action=WAITING, Priority=0.0, Battery=0.0%, Waits=614
[21:02:37] [Tick 790] Pos=(18, 6), Heading=WEST, State=CHARGING, Action=WAITING, Priority=0.0, Battery=0.0%, Waits=615
[21:02:37] [Tick 791] Pos=(18, 6), Heading=WEST, State=CHARGING, Action=WAITING, Priority=0.0, Battery=0.0%, Waits=616
[21:02:38] [Tick 792] Pos=(18, 6), Heading=WEST, State=CHARGING, Action=WAITING, Priority=0.0, Battery=0.0%, Waits=617
[21:02:38] [Tick 793] Pos=(18, 6), Heading=WEST, State=CHARGING, Action=WAITING, Priority=0.0, Battery=0.0%, Waits=618
[21:02:39] [Tick 794] Pos=(18, 6), Heading=WEST, State=CHARGING, Action=WAITING, Priority=0.0, Battery=0.0%, Waits=619
[21:02:39] [Tick 795] Pos=(18, 6), Heading=WEST, State=CHARGING, Action=WAITING, Priority=0.0, Battery=0.0%, Waits=620
[21:02:40] [Tick 796] Pos=(18, 6), Heading=WEST, State=CHARGING, Action=WAITING, Priority=0.0, Battery=0.0%, Waits=621
[21:02:40] [Tick 797] Pos=(18, 6), Heading=WEST, State=CHARGING, Action=WAITING, Priority=0.0, Battery=0.0%, Waits=622
[21:02:41] [Tick 798] Pos=(18, 6), Heading=WEST, State=CHARGING, Action=WAITING, Priority=0.0, Battery=0.0%, Waits=623
[21:02:41] [Tick 799] Pos=(18, 6), Heading=WEST, State=CHARGING, Action=WAITING, Priority=0.0, Battery=0.0%, Waits=624
[21:02:42] [Tick 800] Pos=(18, 6), Heading=WEST, State=CHARGING, Action=WAITING, Priority=0.0, Battery=0.0%, Waits=625
[21:02:42] [Tick 801] Pos=(18, 6), Heading=WEST, State=CHARGING, Action=WAITING, Priority=0.0, Battery=0.0%, Waits=626
[21:02:43] [Tick 802] Pos=(18, 6), Heading=WEST, State=CHARGING, Action=WAITING, Priority=0.0, Battery=0.0%, Waits=627
[21:02:43] [Tick 803] Pos=(18, 6), Heading=WEST, State=CHARGING, Action=WAITING, Priority=0.0, Battery=0.0%, Waits=628
[21:02:44] [Tick 804] Pos=(18, 6), Heading=WEST, State=CHARGING, Action=WAITING, Priority=0.0, Battery=0.0%, Waits=629
[21:02:44] [Tick 805] Pos=(18, 6), Heading=WEST, State=CHARGING, Action=WAITING, Priority=0.0, Battery=0.0%, Waits=630
[21:02:45] [Tick 806] Pos=(18, 6), Heading=WEST, State=CHARGING, Action=WAITING, Priority=0.0, Battery=0.0%, Waits=631
[21:02:45] [Tick 807] Pos=(18, 6), Heading=WEST, State=CHARGING, Action=WAITING, Priority=0.0, Battery=0.0%, Waits=632
[21:02:46] [Tick 808] Pos=(18, 6), Heading=WEST, State=CHARGING, Action=WAITING, Priority=0.0, Battery=0.0%, Waits=633
[21:02:46] [Tick 809] Pos=(18, 6), Heading=WEST, State=CHARGING, Action=WAITING, Priority=0.0, Battery=0.0%, Waits=634
[21:02:47] [Tick 810] Pos=(18, 6), Heading=WEST, State=CHARGING, Action=WAITING, Priority=0.0, Battery=0.0%, Waits=635
[21:02:47] [Tick 811] Pos=(18, 6), Heading=WEST, State=CHARGING, Action=WAITING, Priority=0.0, Battery=0.0%, Waits=636
[21:02:48] [Tick 812] Pos=(18, 6), Heading=WEST, State=CHARGING, Action=WAITING, Priority=0.0, Battery=0.0%, Waits=637
[21:02:48] [Tick 813] Pos=(18, 6), Heading=WEST, State=CHARGING, Action=WAITING, Priority=0.0, Battery=0.0%, Waits=638
[21:02:49] [Tick 814] Pos=(18, 6), Heading=WEST, State=CHARGING, Action=WAITING, Priority=0.0, Battery=0.0%, Waits=639
[21:02:49] [Tick 815] Pos=(18, 6), Heading=WEST, State=CHARGING, Action=WAITING, Priority=0.0, Battery=0.0%, Waits=640
[21:02:50] [Tick 816] Pos=(18, 6), Heading=WEST, State=CHARGING, Action=WAITING, Priority=0.0, Battery=0.0%, Waits=641
[21:02:50] [Tick 817] Pos=(18, 6), Heading=WEST, State=CHARGING, Action=WAITING, Priority=0.0, Battery=0.0%, Waits=642
[21:02:51] [Tick 818] Pos=(18, 6), Heading=WEST, State=CHARGING, Action=WAITING, Priority=0.0, Battery=0.0%, Waits=643
[21:02:51] [Tick 819] Pos=(18, 6), Heading=WEST, State=CHARGING, Action=WAITING, Priority=0.0, Battery=0.0%, Waits=644
[21:02:52] [Tick 820] Pos=(18, 6), Heading=WEST, State=CHARGING, Action=WAITING, Priority=0.0, Battery=0.0%, Waits=645
[21:02:52] [Tick 821] Pos=(18, 6), Heading=WEST, State=CHARGING, Action=WAITING, Priority=0.0, Battery=0.0%, Waits=646
[21:02:53] [Tick 822] Pos=(18, 6), Heading=WEST, State=CHARGING, Action=WAITING, Priority=0.0, Battery=0.0%, Waits=647
[21:02:53] [Tick 823] Pos=(18, 6), Heading=WEST, State=CHARGING, Action=WAITING, Priority=0.0, Battery=0.0%, Waits=648
[21:02:54] [Tick 824] Pos=(18, 6), Heading=WEST, State=CHARGING, Action=WAITING, Priority=0.0, Battery=0.0%, Waits=649
[21:02:54] [Tick 825] Pos=(18, 6), Heading=WEST, State=CHARGING, Action=WAITING, Priority=0.0, Battery=0.0%, Waits=650
[21:02:55] [Tick 826] Pos=(18, 6), Heading=WEST, State=CHARGING, Action=WAITING, Priority=0.0, Battery=0.0%, Waits=651
[21:02:55] [Tick 827] Pos=(18, 6), Heading=WEST, State=CHARGING, Action=WAITING, Priority=0.0, Battery=0.0%, Waits=652
[21:02:56] [Tick 828] Pos=(18, 6), Heading=WEST, State=CHARGING, Action=WAITING, Priority=0.0, Battery=0.0%, Waits=653
[21:02:56] [Tick 829] Pos=(18, 6), Heading=WEST, State=CHARGING, Action=WAITING, Priority=0.0, Battery=0.0%, Waits=654
[21:02:57] [Tick 830] Pos=(18, 6), Heading=WEST, State=CHARGING, Action=WAITING, Priority=0.0, Battery=0.0%, Waits=655
[21:02:57] [Tick 831] Pos=(18, 6), Heading=WEST, State=CHARGING, Action=WAITING, Priority=0.0, Battery=0.0%, Waits=656
[21:02:58] [Tick 832] Pos=(18, 6), Heading=WEST, State=CHARGING, Action=WAITING, Priority=0.0, Battery=0.0%, Waits=657
[21:02:58] [Tick 833] Pos=(18, 6), Heading=WEST, State=CHARGING, Action=WAITING, Priority=0.0, Battery=0.0%, Waits=658
[21:02:59] [Tick 834] Pos=(18, 6), Heading=WEST, State=CHARGING, Action=WAITING, Priority=0.0, Battery=0.0%, Waits=659
[21:02:59] [Tick 835] Pos=(18, 6), Heading=WEST, State=CHARGING, Action=WAITING, Priority=0.0, Battery=0.0%, Waits=660
[21:03:00] [Tick 836] Pos=(18, 6), Heading=WEST, State=CHARGING, Action=WAITING, Priority=0.0, Battery=0.0%, Waits=661
[21:03:00] [Tick 837] Pos=(18, 6), Heading=WEST, State=CHARGING, Action=WAITING, Priority=0.0, Battery=0.0%, Waits=662
[21:03:01] [Tick 838] Pos=(18, 6), Heading=WEST, State=CHARGING, Action=WAITING, Priority=0.0, Battery=0.0%, Waits=663
[21:03:01] [Tick 839] Pos=(18, 6), Heading=WEST, State=CHARGING, Action=WAITING, Priority=0.0, Battery=0.0%, Waits=664
[21:03:02] [Tick 840] Pos=(18, 6), Heading=WEST, State=CHARGING, Action=WAITING, Priority=0.0, Battery=0.0%, Waits=665
[21:03:02] [Tick 841] Pos=(18, 6), Heading=WEST, State=CHARGING, Action=WAITING, Priority=0.0, Battery=0.0%, Waits=666
[21:03:03] [Tick 842] Pos=(18, 6), Heading=WEST, State=CHARGING, Action=WAITING, Priority=0.0, Battery=0.0%, Waits=667
[21:03:03] [Tick 843] Pos=(18, 6), Heading=WEST, State=CHARGING, Action=WAITING, Priority=0.0, Battery=0.0%, Waits=668
[21:03:04] [Tick 844] Pos=(18, 6), Heading=WEST, State=CHARGING, Action=WAITING, Priority=0.0, Battery=0.0%, Waits=669
[21:03:04] [Tick 845] Pos=(18, 6), Heading=WEST, State=CHARGING, Action=WAITING, Priority=0.0, Battery=0.0%, Waits=670
[21:03:05] [Tick 846] Pos=(18, 6), Heading=WEST, State=CHARGING, Action=WAITING, Priority=0.0, Battery=0.0%, Waits=671
[21:03:05] [Tick 847] Pos=(18, 6), Heading=WEST, State=CHARGING, Action=WAITING, Priority=0.0, Battery=0.0%, Waits=672
[21:03:06] [Tick 848] Pos=(18, 6), Heading=WEST, State=CHARGING, Action=WAITING, Priority=0.0, Battery=0.0%, Waits=673
[21:03:06] [Tick 849] Pos=(18, 6), Heading=WEST, State=CHARGING, Action=WAITING, Priority=0.0, Battery=0.0%, Waits=674
[21:03:07] [Tick 850] Pos=(18, 6), Heading=WEST, State=CHARGING, Action=WAITING, Priority=0.0, Battery=0.0%, Waits=675
[21:03:07] [Tick 851] Pos=(18, 6), Heading=WEST, State=CHARGING, Action=WAITING, Priority=0.0, Battery=0.0%, Waits=676
[21:03:08] [Tick 852] Pos=(18, 6), Heading=WEST, State=CHARGING, Action=WAITING, Priority=0.0, Battery=0.0%, Waits=677
[21:03:08] [Tick 853] Pos=(18, 6), Heading=WEST, State=CHARGING, Action=WAITING, Priority=0.0, Battery=0.0%, Waits=678
[21:03:09] [Tick 854] Pos=(18, 6), Heading=WEST, State=CHARGING, Action=WAITING, Priority=0.0, Battery=0.0%, Waits=679
[21:03:09] [Tick 855] Pos=(18, 6), Heading=WEST, State=CHARGING, Action=WAITING, Priority=0.0, Battery=0.0%, Waits=680
[21:03:10] [Tick 856] Pos=(18, 6), Heading=WEST, State=CHARGING, Action=WAITING, Priority=0.0, Battery=0.0%, Waits=681
[21:03:10] [Tick 857] Pos=(18, 6), Heading=WEST, State=CHARGING, Action=WAITING, Priority=0.0, Battery=0.0%, Waits=682
[21:03:11] [Tick 858] Pos=(18, 6), Heading=WEST, State=CHARGING, Action=WAITING, Priority=0.0, Battery=0.0%, Waits=683
[21:03:11] [Tick 859] Pos=(18, 6), Heading=WEST, State=CHARGING, Action=WAITING, Priority=0.0, Battery=0.0%, Waits=684
[21:03:12] [Tick 860] Pos=(18, 6), Heading=WEST, State=CHARGING, Action=WAITING, Priority=0.0, Battery=0.0%, Waits=685
[21:03:12] [Tick 861] Pos=(18, 6), Heading=WEST, State=CHARGING, Action=WAITING, Priority=0.0, Battery=0.0%, Waits=686
[21:03:13] [Tick 862] Pos=(18, 6), Heading=WEST, State=CHARGING, Action=WAITING, Priority=0.0, Battery=0.0%, Waits=687
[21:03:13] [Tick 863] Pos=(18, 6), Heading=WEST, State=CHARGING, Action=WAITING, Priority=0.0, Battery=0.0%, Waits=688
[21:03:14] [Tick 864] Pos=(18, 6), Heading=WEST, State=CHARGING, Action=WAITING, Priority=0.0, Battery=0.0%, Waits=689
[21:03:14] [Tick 865] Pos=(18, 6), Heading=WEST, State=CHARGING, Action=WAITING, Priority=0.0, Battery=0.0%, Waits=690
[21:03:15] [Tick 866] Pos=(18, 6), Heading=WEST, State=CHARGING, Action=WAITING, Priority=0.0, Battery=0.0%, Waits=691
[21:03:15] [Tick 867] Pos=(18, 6), Heading=WEST, State=CHARGING, Action=WAITING, Priority=0.0, Battery=0.0%, Waits=692
[21:03:16] [Tick 868] Pos=(18, 6), Heading=WEST, State=CHARGING, Action=WAITING, Priority=0.0, Battery=0.0%, Waits=693
[21:03:16] [Tick 869] Pos=(18, 6), Heading=WEST, State=CHARGING, Action=WAITING, Priority=0.0, Battery=0.0%, Waits=694
[21:03:17] [Tick 870] Pos=(18, 6), Heading=WEST, State=CHARGING, Action=WAITING, Priority=0.0, Battery=0.0%, Waits=695
[21:03:17] [Tick 871] Pos=(18, 6), Heading=WEST, State=CHARGING, Action=WAITING, Priority=0.0, Battery=0.0%, Waits=696
[21:03:18] [Tick 872] Pos=(18, 6), Heading=WEST, State=CHARGING, Action=WAITING, Priority=0.0, Battery=0.0%, Waits=697
[21:03:18] [Tick 873] Pos=(18, 6), Heading=WEST, State=CHARGING, Action=WAITING, Priority=0.0, Battery=0.0%, Waits=698
[21:03:19] [Tick 874] Pos=(18, 6), Heading=WEST, State=CHARGING, Action=WAITING, Priority=0.0, Battery=0.0%, Waits=699
[21:03:19] [Tick 875] Pos=(18, 6), Heading=WEST, State=CHARGING, Action=WAITING, Priority=0.0, Battery=0.0%, Waits=700
[21:03:20] [Tick 876] Pos=(18, 6), Heading=WEST, State=CHARGING, Action=WAITING, Priority=0.0, Battery=0.0%, Waits=701
[21:03:20] [Tick 877] Pos=(18, 6), Heading=WEST, State=CHARGING, Action=WAITING, Priority=0.0, Battery=0.0%, Waits=702
[21:03:21] [Tick 878] Pos=(18, 6), Heading=WEST, State=CHARGING, Action=WAITING, Priority=0.0, Battery=0.0%, Waits=703
[21:03:21] [Tick 879] Pos=(18, 6), Heading=WEST, State=CHARGING, Action=WAITING, Priority=0.0, Battery=0.0%, Waits=704
[21:03:22] [Tick 880] Pos=(18, 6), Heading=WEST, State=CHARGING, Action=WAITING, Priority=0.0, Battery=0.0%, Waits=705
[21:03:22] [Tick 881] Pos=(18, 6), Heading=WEST, State=CHARGING, Action=WAITING, Priority=0.0, Battery=0.0%, Waits=706
[21:03:23] [Tick 882] Pos=(18, 6), Heading=WEST, State=CHARGING, Action=WAITING, Priority=0.0, Battery=0.0%, Waits=707
[21:03:23] [Tick 883] Pos=(18, 6), Heading=WEST, State=CHARGING, Action=WAITING, Priority=0.0, Battery=0.0%, Waits=708
[21:03:24] [Tick 884] Pos=(18, 6), Heading=WEST, State=CHARGING, Action=WAITING, Priority=0.0, Battery=0.0%, Waits=709
[21:03:24] [Tick 885] Pos=(18, 6), Heading=WEST, State=CHARGING, Action=WAITING, Priority=0.0, Battery=0.0%, Waits=710
[21:03:25] [Tick 886] Pos=(18, 6), Heading=WEST, State=CHARGING, Action=WAITING, Priority=0.0, Battery=0.0%, Waits=711
[21:03:25] [Tick 887] Pos=(18, 6), Heading=WEST, State=CHARGING, Action=WAITING, Priority=0.0, Battery=0.0%, Waits=712
[21:03:26] [Tick 888] Pos=(18, 6), Heading=WEST, State=CHARGING, Action=WAITING, Priority=0.0, Battery=0.0%, Waits=713
[21:03:26] [Tick 889] Pos=(18, 6), Heading=WEST, State=CHARGING, Action=WAITING, Priority=0.0, Battery=0.0%, Waits=714
[21:03:27] [Tick 890] Pos=(18, 6), Heading=WEST, State=CHARGING, Action=WAITING, Priority=0.0, Battery=0.0%, Waits=715
[21:03:27] [Tick 891] Pos=(18, 6), Heading=WEST, State=CHARGING, Action=WAITING, Priority=0.0, Battery=0.0%, Waits=716
[21:03:28] [Tick 892] Pos=(18, 6), Heading=WEST, State=CHARGING, Action=WAITING, Priority=0.0, Battery=0.0%, Waits=717
[21:03:28] [Tick 893] Pos=(18, 6), Heading=WEST, State=CHARGING, Action=WAITING, Priority=0.0, Battery=0.0%, Waits=718
[21:03:29] [Tick 894] Pos=(18, 6), Heading=WEST, State=CHARGING, Action=WAITING, Priority=0.0, Battery=0.0%, Waits=719
[21:03:29] [Tick 895] Pos=(18, 6), Heading=WEST, State=CHARGING, Action=WAITING, Priority=0.0, Battery=0.0%, Waits=720
[21:03:30] [Tick 896] Pos=(18, 6), Heading=WEST, State=CHARGING, Action=WAITING, Priority=0.0, Battery=0.0%, Waits=721
[21:03:30] [Tick 897] Pos=(18, 6), Heading=WEST, State=CHARGING, Action=WAITING, Priority=0.0, Battery=0.0%, Waits=722
[21:03:31] [Tick 898] Pos=(18, 6), Heading=WEST, State=CHARGING, Action=WAITING, Priority=0.0, Battery=0.0%, Waits=723
[21:03:31] [Tick 899] Pos=(18, 6), Heading=WEST, State=CHARGING, Action=WAITING, Priority=0.0, Battery=0.0%, Waits=724
[21:03:32] [Tick 900] Pos=(18, 6), Heading=WEST, State=CHARGING, Action=WAITING, Priority=0.0, Battery=0.0%, Waits=725
[21:03:32] [Tick 901] Pos=(18, 6), Heading=WEST, State=CHARGING, Action=WAITING, Priority=0.0, Battery=0.0%, Waits=726
[21:03:33] [Tick 902] Pos=(18, 6), Heading=WEST, State=CHARGING, Action=WAITING, Priority=0.0, Battery=0.0%, Waits=727
[21:03:33] [Tick 903] Pos=(18, 6), Heading=WEST, State=CHARGING, Action=WAITING, Priority=0.0, Battery=0.0%, Waits=728
[21:03:34] [Tick 904] Pos=(18, 6), Heading=WEST, State=CHARGING, Action=WAITING, Priority=0.0, Battery=0.0%, Waits=729
[21:03:34] [Tick 905] Pos=(18, 6), Heading=WEST, State=CHARGING, Action=WAITING, Priority=0.0, Battery=0.0%, Waits=730
[21:03:35] [Tick 906] Pos=(18, 6), Heading=WEST, State=CHARGING, Action=WAITING, Priority=0.0, Battery=0.0%, Waits=731
[21:03:35] [Tick 907] Pos=(18, 6), Heading=WEST, State=CHARGING, Action=WAITING, Priority=0.0, Battery=0.0%, Waits=732
[21:03:36] [Tick 908] Pos=(18, 6), Heading=WEST, State=CHARGING, Action=WAITING, Priority=0.0, Battery=0.0%, Waits=733
[21:03:36] [Tick 909] Pos=(18, 6), Heading=WEST, State=CHARGING, Action=WAITING, Priority=0.0, Battery=0.0%, Waits=734
[21:03:37] [Tick 910] Pos=(18, 6), Heading=WEST, State=CHARGING, Action=WAITING, Priority=0.0, Battery=0.0%, Waits=735
[21:03:37] [Tick 911] Pos=(18, 6), Heading=WEST, State=CHARGING, Action=WAITING, Priority=0.0, Battery=0.0%, Waits=736
[21:03:38] [Tick 912] Pos=(18, 6), Heading=WEST, State=CHARGING, Action=WAITING, Priority=0.0, Battery=0.0%, Waits=737
[21:03:38] [Tick 913] Pos=(18, 6), Heading=WEST, State=CHARGING, Action=WAITING, Priority=0.0, Battery=0.0%, Waits=738
[21:03:39] [Tick 914] Pos=(18, 6), Heading=WEST, State=CHARGING, Action=WAITING, Priority=0.0, Battery=0.0%, Waits=739
[21:03:39] [Tick 915] Pos=(18, 6), Heading=WEST, State=CHARGING, Action=WAITING, Priority=0.0, Battery=0.0%, Waits=740
[21:03:40] [Tick 916] Pos=(18, 6), Heading=WEST, State=CHARGING, Action=WAITING, Priority=0.0, Battery=0.0%, Waits=741
[21:03:40] [Tick 917] Pos=(18, 6), Heading=WEST, State=CHARGING, Action=WAITING, Priority=0.0, Battery=0.0%, Waits=742
[21:03:41] [Tick 918] Pos=(18, 6), Heading=WEST, State=CHARGING, Action=WAITING, Priority=0.0, Battery=0.0%, Waits=743
[21:03:41] [Tick 919] Pos=(18, 6), Heading=WEST, State=CHARGING, Action=WAITING, Priority=0.0, Battery=0.0%, Waits=744
[21:03:42] [Tick 920] Pos=(18, 6), Heading=WEST, State=CHARGING, Action=WAITING, Priority=0.0, Battery=0.0%, Waits=745
[21:03:42] [Tick 921] Pos=(18, 6), Heading=WEST, State=CHARGING, Action=WAITING, Priority=0.0, Battery=0.0%, Waits=746
[21:03:43] [Tick 922] Pos=(18, 6), Heading=WEST, State=CHARGING, Action=WAITING, Priority=0.0, Battery=0.0%, Waits=747
[21:03:43] [Tick 923] Pos=(18, 6), Heading=WEST, State=CHARGING, Action=WAITING, Priority=0.0, Battery=0.0%, Waits=748
[21:03:44] [Tick 924] Pos=(18, 6), Heading=WEST, State=CHARGING, Action=WAITING, Priority=0.0, Battery=0.0%, Waits=749
[21:03:44] [Tick 925] Pos=(18, 6), Heading=WEST, State=CHARGING, Action=WAITING, Priority=0.0, Battery=0.0%, Waits=750
[21:03:45] [Tick 926] Pos=(18, 6), Heading=WEST, State=CHARGING, Action=WAITING, Priority=0.0, Battery=0.0%, Waits=751
[21:03:45] [Tick 927] Pos=(18, 6), Heading=WEST, State=CHARGING, Action=WAITING, Priority=0.0, Battery=0.0%, Waits=752
[21:03:46] [Tick 928] Pos=(18, 6), Heading=WEST, State=CHARGING, Action=WAITING, Priority=0.0, Battery=0.0%, Waits=753
[21:03:46] [Tick 929] Pos=(18, 6), Heading=WEST, State=CHARGING, Action=WAITING, Priority=0.0, Battery=0.0%, Waits=754
[21:03:47] [Tick 930] Pos=(18, 6), Heading=WEST, State=CHARGING, Action=WAITING, Priority=0.0, Battery=0.0%, Waits=755
[21:03:47] [Tick 931] Pos=(18, 6), Heading=WEST, State=CHARGING, Action=WAITING, Priority=0.0, Battery=0.0%, Waits=756
[21:03:48] [Tick 932] Pos=(18, 6), Heading=WEST, State=CHARGING, Action=WAITING, Priority=0.0, Battery=0.0%, Waits=757
[21:03:48] [Tick 933] Pos=(18, 6), Heading=WEST, State=CHARGING, Action=WAITING, Priority=0.0, Battery=0.0%, Waits=758
[21:03:49] [Tick 934] Pos=(18, 6), Heading=WEST, State=CHARGING, Action=WAITING, Priority=0.0, Battery=0.0%, Waits=759
[21:03:49] [Tick 935] Pos=(18, 6), Heading=WEST, State=CHARGING, Action=WAITING, Priority=0.0, Battery=0.0%, Waits=760
[21:03:50] [Tick 936] Pos=(18, 6), Heading=WEST, State=CHARGING, Action=WAITING, Priority=0.0, Battery=0.0%, Waits=761
[21:03:50] [Tick 937] Pos=(18, 6), Heading=WEST, State=CHARGING, Action=WAITING, Priority=0.0, Battery=0.0%, Waits=762
[21:03:51] [Tick 938] Pos=(18, 6), Heading=WEST, State=CHARGING, Action=WAITING, Priority=0.0, Battery=0.0%, Waits=763
[21:03:51] [Tick 939] Pos=(18, 6), Heading=WEST, State=CHARGING, Action=WAITING, Priority=0.0, Battery=0.0%, Waits=764
[21:03:52] [Tick 940] Pos=(18, 6), Heading=WEST, State=CHARGING, Action=WAITING, Priority=0.0, Battery=0.0%, Waits=765
[21:03:52] [Tick 941] Pos=(18, 6), Heading=WEST, State=CHARGING, Action=WAITING, Priority=0.0, Battery=0.0%, Waits=766
[21:03:53] [Tick 942] Pos=(18, 6), Heading=WEST, State=CHARGING, Action=WAITING, Priority=0.0, Battery=0.0%, Waits=767
[21:03:53] [Tick 943] Pos=(18, 6), Heading=WEST, State=CHARGING, Action=WAITING, Priority=0.0, Battery=0.0%, Waits=768
[21:03:54] [Tick 944] Pos=(18, 6), Heading=WEST, State=CHARGING, Action=WAITING, Priority=0.0, Battery=0.0%, Waits=769
[21:03:54] [Tick 945] Pos=(18, 6), Heading=WEST, State=CHARGING, Action=WAITING, Priority=0.0, Battery=0.0%, Waits=770
[21:03:55] [Tick 946] Pos=(18, 6), Heading=WEST, State=CHARGING, Action=WAITING, Priority=0.0, Battery=0.0%, Waits=771
[21:03:55] [Tick 947] Pos=(18, 6), Heading=WEST, State=CHARGING, Action=WAITING, Priority=0.0, Battery=0.0%, Waits=772
[21:03:56] [Tick 948] Pos=(18, 6), Heading=WEST, State=CHARGING, Action=WAITING, Priority=0.0, Battery=0.0%, Waits=773
[21:03:56] [Tick 949] Pos=(18, 6), Heading=WEST, State=CHARGING, Action=WAITING, Priority=0.0, Battery=0.0%, Waits=774
[21:03:57] [Tick 950] Pos=(18, 6), Heading=WEST, State=CHARGING, Action=WAITING, Priority=0.0, Battery=0.0%, Waits=775
[21:03:57] [Tick 951] Pos=(18, 6), Heading=WEST, State=CHARGING, Action=WAITING, Priority=0.0, Battery=0.0%, Waits=776
[21:03:58] [Tick 952] Pos=(18, 6), Heading=WEST, State=CHARGING, Action=WAITING, Priority=0.0, Battery=0.0%, Waits=777
[21:03:58] [Tick 953] Pos=(18, 6), Heading=WEST, State=CHARGING, Action=WAITING, Priority=0.0, Battery=0.0%, Waits=778
[21:03:59] [Tick 954] Pos=(18, 6), Heading=WEST, State=CHARGING, Action=WAITING, Priority=0.0, Battery=0.0%, Waits=779
[21:03:59] [Tick 955] Pos=(18, 6), Heading=WEST, State=CHARGING, Action=WAITING, Priority=0.0, Battery=0.0%, Waits=780
[21:04:00] [Tick 956] Pos=(18, 6), Heading=WEST, State=CHARGING, Action=WAITING, Priority=0.0, Battery=0.0%, Waits=781
[21:04:00] [Tick 957] Pos=(18, 6), Heading=WEST, State=CHARGING, Action=WAITING, Priority=0.0, Battery=0.0%, Waits=782
[21:04:01] [Tick 958] Pos=(18, 6), Heading=WEST, State=CHARGING, Action=WAITING, Priority=0.0, Battery=0.0%, Waits=783
[21:04:01] [Tick 959] Pos=(18, 6), Heading=WEST, State=CHARGING, Action=WAITING, Priority=0.0, Battery=0.0%, Waits=784
[21:04:02] [Tick 960] Pos=(18, 6), Heading=WEST, State=CHARGING, Action=WAITING, Priority=0.0, Battery=0.0%, Waits=785
[21:04:02] [Tick 961] Pos=(18, 6), Heading=WEST, State=CHARGING, Action=WAITING, Priority=0.0, Battery=0.0%, Waits=786
[21:04:03] [Tick 962] Pos=(18, 6), Heading=WEST, State=CHARGING, Action=WAITING, Priority=0.0, Battery=0.0%, Waits=787
[21:04:03] [Tick 963] Pos=(18, 6), Heading=WEST, State=CHARGING, Action=WAITING, Priority=0.0, Battery=0.0%, Waits=788
[21:04:04] [Tick 964] Pos=(18, 6), Heading=WEST, State=CHARGING, Action=WAITING, Priority=0.0, Battery=0.0%, Waits=789
[21:04:04] [Tick 965] Pos=(18, 6), Heading=WEST, State=CHARGING, Action=WAITING, Priority=0.0, Battery=0.0%, Waits=790
[21:04:05] [Tick 966] Pos=(18, 6), Heading=WEST, State=CHARGING, Action=WAITING, Priority=0.0, Battery=0.0%, Waits=791
[21:04:05] [Tick 967] Pos=(18, 6), Heading=WEST, State=CHARGING, Action=WAITING, Priority=0.0, Battery=0.0%, Waits=792
[21:04:06] [Tick 968] Pos=(18, 6), Heading=WEST, State=CHARGING, Action=WAITING, Priority=0.0, Battery=0.0%, Waits=793
[21:04:06] [Tick 969] Pos=(18, 6), Heading=WEST, State=CHARGING, Action=WAITING, Priority=0.0, Battery=0.0%, Waits=794
[21:04:07] [Tick 970] Pos=(18, 6), Heading=WEST, State=CHARGING, Action=WAITING, Priority=0.0, Battery=0.0%, Waits=795
[21:04:07] [Tick 971] Pos=(18, 6), Heading=WEST, State=CHARGING, Action=WAITING, Priority=0.0, Battery=0.0%, Waits=796
[21:04:08] [Tick 972] Pos=(18, 6), Heading=WEST, State=CHARGING, Action=WAITING, Priority=0.0, Battery=0.0%, Waits=797
[21:04:08] [Tick 973] Pos=(18, 6), Heading=WEST, State=CHARGING, Action=WAITING, Priority=0.0, Battery=0.0%, Waits=798
[21:04:09] [Tick 974] Pos=(18, 6), Heading=WEST, State=CHARGING, Action=WAITING, Priority=0.0, Battery=0.0%, Waits=799
[21:04:09] [Tick 975] Pos=(18, 6), Heading=WEST, State=CHARGING, Action=WAITING, Priority=0.0, Battery=0.0%, Waits=800
[21:04:10] [Tick 976] Pos=(18, 6), Heading=WEST, State=CHARGING, Action=WAITING, Priority=0.0, Battery=0.0%, Waits=801
[21:04:10] [Tick 977] Pos=(18, 6), Heading=WEST, State=CHARGING, Action=WAITING, Priority=0.0, Battery=0.0%, Waits=802
[21:04:11] [Tick 978] Pos=(18, 6), Heading=WEST, State=CHARGING, Action=WAITING, Priority=0.0, Battery=0.0%, Waits=803
[21:04:11] [Tick 979] Pos=(18, 6), Heading=WEST, State=CHARGING, Action=WAITING, Priority=0.0, Battery=0.0%, Waits=804
[21:04:12] [Tick 980] Pos=(18, 6), Heading=WEST, State=CHARGING, Action=WAITING, Priority=0.0, Battery=0.0%, Waits=805
[21:04:12] [Tick 981] Pos=(18, 6), Heading=WEST, State=CHARGING, Action=WAITING, Priority=0.0, Battery=0.0%, Waits=806
[21:04:13] [Tick 982] Pos=(18, 6), Heading=WEST, State=CHARGING, Action=WAITING, Priority=0.0, Battery=0.0%, Waits=807
[21:04:13] [Tick 983] Pos=(18, 6), Heading=WEST, State=CHARGING, Action=WAITING, Priority=0.0, Battery=0.0%, Waits=808
[21:04:14] [Tick 984] Pos=(18, 6), Heading=WEST, State=CHARGING, Action=WAITING, Priority=0.0, Battery=0.0%, Waits=809
[21:04:14] [Tick 985] Pos=(18, 6), Heading=WEST, State=CHARGING, Action=WAITING, Priority=0.0, Battery=0.0%, Waits=810
[21:04:15] [Tick 986] Pos=(18, 6), Heading=WEST, State=CHARGING, Action=WAITING, Priority=0.0, Battery=0.0%, Waits=811
[21:04:15] [Tick 987] Pos=(18, 6), Heading=WEST, State=CHARGING, Action=WAITING, Priority=0.0, Battery=0.0%, Waits=812
[21:04:16] [Tick 988] Pos=(18, 6), Heading=WEST, State=CHARGING, Action=WAITING, Priority=0.0, Battery=0.0%, Waits=813
[21:04:16] [Tick 989] Pos=(18, 6), Heading=WEST, State=CHARGING, Action=WAITING, Priority=0.0, Battery=0.0%, Waits=814
[21:04:17] [Tick 990] Pos=(18, 6), Heading=WEST, State=CHARGING, Action=WAITING, Priority=0.0, Battery=0.0%, Waits=815
[21:04:17] [Tick 991] Pos=(18, 6), Heading=WEST, State=CHARGING, Action=WAITING, Priority=0.0, Battery=0.0%, Waits=816
[21:04:18] [Tick 992] Pos=(18, 6), Heading=WEST, State=CHARGING, Action=WAITING, Priority=0.0, Battery=0.0%, Waits=817
[21:04:18] [Tick 993] Pos=(18, 6), Heading=WEST, State=CHARGING, Action=WAITING, Priority=0.0, Battery=0.0%, Waits=818
[21:04:19] [Tick 994] Pos=(18, 6), Heading=WEST, State=CHARGING, Action=WAITING, Priority=0.0, Battery=0.0%, Waits=819
[21:04:19] [Tick 995] Pos=(18, 6), Heading=WEST, State=CHARGING, Action=WAITING, Priority=0.0, Battery=0.0%, Waits=820
[21:04:20] [Tick 996] Pos=(18, 6), Heading=WEST, State=CHARGING, Action=WAITING, Priority=0.0, Battery=0.0%, Waits=821
[21:04:20] [Tick 997] Pos=(18, 6), Heading=WEST, State=CHARGING, Action=WAITING, Priority=0.0, Battery=0.0%, Waits=822
[21:04:21] [Tick 998] Pos=(18, 6), Heading=WEST, State=CHARGING, Action=WAITING, Priority=0.0, Battery=0.0%, Waits=823
[21:04:21] [Tick 999] Pos=(18, 6), Heading=WEST, State=CHARGING, Action=WAITING, Priority=0.0, Battery=0.0%, Waits=824
[21:04:22] [Tick 1000] Pos=(18, 6), Heading=WEST, State=CHARGING, Action=WAITING, Priority=0.0, Battery=0.0%, Waits=825
[21:04:22] [Tick 1001] Pos=(18, 6), Heading=WEST, State=CHARGING, Action=WAITING, Priority=0.0, Battery=0.0%, Waits=826
[21:04:23] [Tick 1002] Pos=(18, 6), Heading=WEST, State=CHARGING, Action=WAITING, Priority=0.0, Battery=0.0%, Waits=827
[21:04:23] [Tick 1003] Pos=(18, 6), Heading=WEST, State=CHARGING, Action=WAITING, Priority=0.0, Battery=0.0%, Waits=828
[21:04:24] [Tick 1004] Pos=(18, 6), Heading=WEST, State=CHARGING, Action=WAITING, Priority=0.0, Battery=0.0%, Waits=829
[21:04:24] [Tick 1005] Pos=(18, 6), Heading=WEST, State=CHARGING, Action=WAITING, Priority=0.0, Battery=0.0%, Waits=830
[21:04:25] [Tick 1006] Pos=(18, 6), Heading=WEST, State=CHARGING, Action=WAITING, Priority=0.0, Battery=0.0%, Waits=831
[21:04:25] [Tick 1007] Pos=(18, 6), Heading=WEST, State=CHARGING, Action=WAITING, Priority=0.0, Battery=0.0%, Waits=832
[21:04:26] [Tick 1008] Pos=(18, 6), Heading=WEST, State=CHARGING, Action=WAITING, Priority=0.0, Battery=0.0%, Waits=833
[21:04:26] [Tick 1009] Pos=(18, 6), Heading=WEST, State=CHARGING, Action=WAITING, Priority=0.0, Battery=0.0%, Waits=834
[21:04:27] [Tick 1010] Pos=(18, 6), Heading=WEST, State=CHARGING, Action=WAITING, Priority=0.0, Battery=0.0%, Waits=835
[21:04:27] [Tick 1011] Pos=(18, 6), Heading=WEST, State=CHARGING, Action=WAITING, Priority=0.0, Battery=0.0%, Waits=836
[21:04:28] [Tick 1012] Pos=(18, 6), Heading=WEST, State=CHARGING, Action=WAITING, Priority=0.0, Battery=0.0%, Waits=837
[21:04:28] [Tick 1013] Pos=(18, 6), Heading=WEST, State=CHARGING, Action=WAITING, Priority=0.0, Battery=0.0%, Waits=838
[21:04:29] [Tick 1014] Pos=(18, 6), Heading=WEST, State=CHARGING, Action=WAITING, Priority=0.0, Battery=0.0%, Waits=839
[21:04:29] [Tick 1015] Pos=(18, 6), Heading=WEST, State=CHARGING, Action=WAITING, Priority=0.0, Battery=0.0%, Waits=840
[21:04:30] [Tick 1016] Pos=(18, 6), Heading=WEST, State=CHARGING, Action=WAITING, Priority=0.0, Battery=0.0%, Waits=841
[21:04:30] [Tick 1017] Pos=(18, 6), Heading=WEST, State=CHARGING, Action=WAITING, Priority=0.0, Battery=0.0%, Waits=842
[21:04:31] [Tick 1018] Pos=(18, 6), Heading=WEST, State=CHARGING, Action=WAITING, Priority=0.0, Battery=0.0%, Waits=843
[21:04:31] [Tick 1019] Pos=(18, 6), Heading=WEST, State=CHARGING, Action=WAITING, Priority=0.0, Battery=0.0%, Waits=844
[21:04:32] [Tick 1020] Pos=(18, 6), Heading=WEST, State=CHARGING, Action=WAITING, Priority=0.0, Battery=0.0%, Waits=845
[21:04:32] [Tick 1021] Pos=(18, 6), Heading=WEST, State=CHARGING, Action=WAITING, Priority=0.0, Battery=0.0%, Waits=846
[21:04:33] [Tick 1022] Pos=(18, 6), Heading=WEST, State=CHARGING, Action=WAITING, Priority=0.0, Battery=0.0%, Waits=847
[21:04:33] [Tick 1023] Pos=(18, 6), Heading=WEST, State=CHARGING, Action=WAITING, Priority=0.0, Battery=0.0%, Waits=848
[21:04:34] [Tick 1024] Pos=(18, 6), Heading=WEST, State=CHARGING, Action=WAITING, Priority=0.0, Battery=0.0%, Waits=849
[21:04:34] [Tick 1025] Pos=(18, 6), Heading=WEST, State=CHARGING, Action=WAITING, Priority=0.0, Battery=0.0%, Waits=850
[21:04:35] [Tick 1026] Pos=(18, 6), Heading=WEST, State=CHARGING, Action=WAITING, Priority=0.0, Battery=0.0%, Waits=851
[21:04:35] [Tick 1027] Pos=(18, 6), Heading=WEST, State=CHARGING, Action=WAITING, Priority=0.0, Battery=0.0%, Waits=852
[21:04:36] [Tick 1028] Pos=(18, 6), Heading=WEST, State=CHARGING, Action=WAITING, Priority=0.0, Battery=0.0%, Waits=853
[21:04:36] [Tick 1029] Pos=(18, 6), Heading=WEST, State=CHARGING, Action=WAITING, Priority=0.0, Battery=0.0%, Waits=854
[21:04:37] [Tick 1030] Pos=(18, 6), Heading=WEST, State=CHARGING, Action=WAITING, Priority=0.0, Battery=0.0%, Waits=855
[21:04:37] [Tick 1031] Pos=(18, 6), Heading=WEST, State=CHARGING, Action=WAITING, Priority=0.0, Battery=0.0%, Waits=856
[21:04:38] [Tick 1032] Pos=(18, 6), Heading=WEST, State=CHARGING, Action=WAITING, Priority=0.0, Battery=0.0%, Waits=857
[21:04:38] [Tick 1033] Pos=(18, 6), Heading=WEST, State=CHARGING, Action=WAITING, Priority=0.0, Battery=0.0%, Waits=858
[21:04:39] [Tick 1034] Pos=(18, 6), Heading=WEST, State=CHARGING, Action=WAITING, Priority=0.0, Battery=0.0%, Waits=859
[21:04:39] [Tick 1035] Pos=(18, 6), Heading=WEST, State=CHARGING, Action=WAITING, Priority=0.0, Battery=0.0%, Waits=860
[21:04:40] [Tick 1036] Pos=(18, 6), Heading=WEST, State=CHARGING, Action=WAITING, Priority=0.0, Battery=0.0%, Waits=861
[21:04:40] [Tick 1037] Pos=(18, 6), Heading=WEST, State=CHARGING, Action=WAITING, Priority=0.0, Battery=0.0%, Waits=862
[21:04:41] [Tick 1038] Pos=(18, 6), Heading=WEST, State=CHARGING, Action=WAITING, Priority=0.0, Battery=0.0%, Waits=863
[21:04:41] [Tick 1039] Pos=(18, 6), Heading=WEST, State=CHARGING, Action=WAITING, Priority=0.0, Battery=0.0%, Waits=864
[21:04:42] [Tick 1040] Pos=(18, 6), Heading=WEST, State=CHARGING, Action=WAITING, Priority=0.0, Battery=0.0%, Waits=865
[21:04:42] [Tick 1041] Pos=(18, 6), Heading=WEST, State=CHARGING, Action=WAITING, Priority=0.0, Battery=0.0%, Waits=866
[21:04:43] [Tick 1042] Pos=(18, 6), Heading=WEST, State=CHARGING, Action=WAITING, Priority=0.0, Battery=0.0%, Waits=867
[21:04:43] [Tick 1043] Pos=(18, 6), Heading=WEST, State=CHARGING, Action=WAITING, Priority=0.0, Battery=0.0%, Waits=868
[21:04:44] [Tick 1044] Pos=(18, 6), Heading=WEST, State=CHARGING, Action=WAITING, Priority=0.0, Battery=0.0%, Waits=869
[21:04:44] [Tick 1045] Pos=(18, 6), Heading=WEST, State=CHARGING, Action=WAITING, Priority=0.0, Battery=0.0%, Waits=870
[21:04:45] [Tick 1046] Pos=(18, 6), Heading=WEST, State=CHARGING, Action=WAITING, Priority=0.0, Battery=0.0%, Waits=871
[21:04:45] [Tick 1047] Pos=(18, 6), Heading=WEST, State=CHARGING, Action=WAITING, Priority=0.0, Battery=0.0%, Waits=872
[21:04:46] [Tick 1048] Pos=(18, 6), Heading=WEST, State=CHARGING, Action=WAITING, Priority=0.0, Battery=0.0%, Waits=873
[21:04:46] [Tick 1049] Pos=(18, 6), Heading=WEST, State=CHARGING, Action=WAITING, Priority=0.0, Battery=0.0%, Waits=874
[21:04:47] [Tick 1050] Pos=(18, 6), Heading=WEST, State=CHARGING, Action=WAITING, Priority=0.0, Battery=0.0%, Waits=875
[21:04:47] [Tick 1051] Pos=(18, 6), Heading=WEST, State=CHARGING, Action=WAITING, Priority=0.0, Battery=0.0%, Waits=876
[21:04:48] [Tick 1052] Pos=(18, 6), Heading=WEST, State=CHARGING, Action=WAITING, Priority=0.0, Battery=0.0%, Waits=877
[21:04:48] [Tick 1053] Pos=(18, 6), Heading=WEST, State=CHARGING, Action=WAITING, Priority=0.0, Battery=0.0%, Waits=878
[21:04:49] [Tick 1054] Pos=(18, 6), Heading=WEST, State=CHARGING, Action=WAITING, Priority=0.0, Battery=0.0%, Waits=879
[21:04:49] [Tick 1055] Pos=(18, 6), Heading=WEST, State=CHARGING, Action=WAITING, Priority=0.0, Battery=0.0%, Waits=880
[21:04:50] [Tick 1056] Pos=(18, 6), Heading=WEST, State=CHARGING, Action=WAITING, Priority=0.0, Battery=0.0%, Waits=881
[21:04:50] [Tick 1057] Pos=(18, 6), Heading=WEST, State=CHARGING, Action=WAITING, Priority=0.0, Battery=0.0%, Waits=882
[21:04:51] [Tick 1058] Pos=(18, 6), Heading=WEST, State=CHARGING, Action=WAITING, Priority=0.0, Battery=0.0%, Waits=883
[21:04:51] [Tick 1059] Pos=(18, 6), Heading=WEST, State=CHARGING, Action=WAITING, Priority=0.0, Battery=0.0%, Waits=884
[21:04:52] [Tick 1060] Pos=(18, 6), Heading=WEST, State=CHARGING, Action=WAITING, Priority=0.0, Battery=0.0%, Waits=885
[21:04:52] [Tick 1061] Pos=(18, 6), Heading=WEST, State=CHARGING, Action=WAITING, Priority=0.0, Battery=0.0%, Waits=886
[21:04:53] [Tick 1062] Pos=(18, 6), Heading=WEST, State=CHARGING, Action=WAITING, Priority=0.0, Battery=0.0%, Waits=887
[21:04:53] [Tick 1063] Pos=(18, 6), Heading=WEST, State=CHARGING, Action=WAITING, Priority=0.0, Battery=0.0%, Waits=888
[21:04:54] [Tick 1064] Pos=(18, 6), Heading=WEST, State=CHARGING, Action=WAITING, Priority=0.0, Battery=0.0%, Waits=889
[21:04:54] [Tick 1065] Pos=(18, 6), Heading=WEST, State=CHARGING, Action=WAITING, Priority=0.0, Battery=0.0%, Waits=890
[21:04:55] [Tick 1066] Pos=(18, 6), Heading=WEST, State=CHARGING, Action=WAITING, Priority=0.0, Battery=0.0%, Waits=891
[21:04:55] [Tick 1067] Pos=(18, 6), Heading=WEST, State=CHARGING, Action=WAITING, Priority=0.0, Battery=0.0%, Waits=892
[21:04:56] [Tick 1068] Pos=(18, 6), Heading=WEST, State=CHARGING, Action=WAITING, Priority=0.0, Battery=0.0%, Waits=893
[21:04:56] [Tick 1069] Pos=(18, 6), Heading=WEST, State=CHARGING, Action=WAITING, Priority=0.0, Battery=0.0%, Waits=894
[21:04:57] [Tick 1070] Pos=(18, 6), Heading=WEST, State=CHARGING, Action=WAITING, Priority=0.0, Battery=0.0%, Waits=895
[21:04:57] [Tick 1071] Pos=(18, 6), Heading=WEST, State=CHARGING, Action=WAITING, Priority=0.0, Battery=0.0%, Waits=896
[21:04:58] [Tick 1072] Pos=(18, 6), Heading=WEST, State=CHARGING, Action=WAITING, Priority=0.0, Battery=0.0%, Waits=897
[21:04:58] [Tick 1073] Pos=(18, 6), Heading=WEST, State=CHARGING, Action=WAITING, Priority=0.0, Battery=0.0%, Waits=898
[21:04:59] [Tick 1074] Pos=(18, 6), Heading=WEST, State=CHARGING, Action=WAITING, Priority=0.0, Battery=0.0%, Waits=899
[21:04:59] [Tick 1075] Pos=(18, 6), Heading=WEST, State=CHARGING, Action=WAITING, Priority=0.0, Battery=0.0%, Waits=900
[21:05:00] [Tick 1076] Pos=(18, 6), Heading=WEST, State=CHARGING, Action=WAITING, Priority=0.0, Battery=0.0%, Waits=901
[21:05:00] [Tick 1077] Pos=(18, 6), Heading=WEST, State=CHARGING, Action=WAITING, Priority=0.0, Battery=0.0%, Waits=902
[21:05:01] [Tick 1078] Pos=(18, 6), Heading=WEST, State=CHARGING, Action=WAITING, Priority=0.0, Battery=0.0%, Waits=903
[21:05:01] [Tick 1079] Pos=(18, 6), Heading=WEST, State=CHARGING, Action=WAITING, Priority=0.0, Battery=0.0%, Waits=904
[21:05:02] [Tick 1080] Pos=(18, 6), Heading=WEST, State=CHARGING, Action=WAITING, Priority=0.0, Battery=0.0%, Waits=905
[21:05:02] [Tick 1081] Pos=(18, 6), Heading=WEST, State=CHARGING, Action=WAITING, Priority=0.0, Battery=0.0%, Waits=906
[21:05:03] [Tick 1082] Pos=(18, 6), Heading=WEST, State=CHARGING, Action=WAITING, Priority=0.0, Battery=0.0%, Waits=907
[21:05:03] [Tick 1083] Pos=(18, 6), Heading=WEST, State=CHARGING, Action=WAITING, Priority=0.0, Battery=0.0%, Waits=908
[21:05:04] [Tick 1084] Pos=(18, 6), Heading=WEST, State=CHARGING, Action=WAITING, Priority=0.0, Battery=0.0%, Waits=909
[21:05:04] [Tick 1085] Pos=(18, 6), Heading=WEST, State=CHARGING, Action=WAITING, Priority=0.0, Battery=0.0%, Waits=910
[21:05:05] [Tick 1086] Pos=(18, 6), Heading=WEST, State=CHARGING, Action=WAITING, Priority=0.0, Battery=0.0%, Waits=911
[21:05:05] [Tick 1087] Pos=(18, 6), Heading=WEST, State=CHARGING, Action=WAITING, Priority=0.0, Battery=0.0%, Waits=912
[21:05:06] [Tick 1088] Pos=(18, 6), Heading=WEST, State=CHARGING, Action=WAITING, Priority=0.0, Battery=0.0%, Waits=913
[21:05:06] [Tick 1089] Pos=(18, 6), Heading=WEST, State=CHARGING, Action=WAITING, Priority=0.0, Battery=0.0%, Waits=914
[21:05:07] [Tick 1090] Pos=(18, 6), Heading=WEST, State=CHARGING, Action=WAITING, Priority=0.0, Battery=0.0%, Waits=915
[21:05:07] [Tick 1091] Pos=(18, 6), Heading=WEST, State=CHARGING, Action=WAITING, Priority=0.0, Battery=0.0%, Waits=916
[21:05:08] [Tick 1092] Pos=(18, 6), Heading=WEST, State=CHARGING, Action=WAITING, Priority=0.0, Battery=0.0%, Waits=917
[21:05:08] [Tick 1093] Pos=(18, 6), Heading=WEST, State=CHARGING, Action=WAITING, Priority=0.0, Battery=0.0%, Waits=918
[21:05:09] [Tick 1094] Pos=(18, 6), Heading=WEST, State=CHARGING, Action=WAITING, Priority=0.0, Battery=0.0%, Waits=919
[21:05:09] [Tick 1095] Pos=(18, 6), Heading=WEST, State=CHARGING, Action=WAITING, Priority=0.0, Battery=0.0%, Waits=920
[21:05:10] [Tick 1096] Pos=(18, 6), Heading=WEST, State=CHARGING, Action=WAITING, Priority=0.0, Battery=0.0%, Waits=921
[21:05:10] [Tick 1097] Pos=(18, 6), Heading=WEST, State=CHARGING, Action=WAITING, Priority=0.0, Battery=0.0%, Waits=922
[21:05:11] [Tick 1098] Pos=(18, 6), Heading=WEST, State=CHARGING, Action=WAITING, Priority=0.0, Battery=0.0%, Waits=923
[21:05:11] [Tick 1099] Pos=(18, 6), Heading=WEST, State=CHARGING, Action=WAITING, Priority=0.0, Battery=0.0%, Waits=924
[21:05:12] [Tick 1100] Pos=(18, 6), Heading=WEST, State=CHARGING, Action=WAITING, Priority=0.0, Battery=0.0%, Waits=925
[21:05:12] [Tick 1101] Pos=(18, 6), Heading=WEST, State=CHARGING, Action=WAITING, Priority=0.0, Battery=0.0%, Waits=926
[21:05:13] [Tick 1102] Pos=(18, 6), Heading=WEST, State=CHARGING, Action=WAITING, Priority=0.0, Battery=0.0%, Waits=927
[21:05:13] [Tick 1103] Pos=(18, 6), Heading=WEST, State=CHARGING, Action=WAITING, Priority=0.0, Battery=0.0%, Waits=928
[21:05:14] [Tick 1104] Pos=(18, 6), Heading=WEST, State=CHARGING, Action=WAITING, Priority=0.0, Battery=0.0%, Waits=929
[21:05:14] [Tick 1105] Pos=(18, 6), Heading=WEST, State=CHARGING, Action=WAITING, Priority=0.0, Battery=0.0%, Waits=930
[21:05:15] [Tick 1106] Pos=(18, 6), Heading=WEST, State=CHARGING, Action=WAITING, Priority=0.0, Battery=0.0%, Waits=931
[21:05:15] [Tick 1107] Pos=(18, 6), Heading=WEST, State=CHARGING, Action=WAITING, Priority=0.0, Battery=0.0%, Waits=932
[21:05:16] [Tick 1108] Pos=(18, 6), Heading=WEST, State=CHARGING, Action=WAITING, Priority=0.0, Battery=0.0%, Waits=933
[21:05:16] [Tick 1109] Pos=(18, 6), Heading=WEST, State=CHARGING, Action=WAITING, Priority=0.0, Battery=0.0%, Waits=934
[21:05:17] [Tick 1110] Pos=(18, 6), Heading=WEST, State=CHARGING, Action=WAITING, Priority=0.0, Battery=0.0%, Waits=935
[21:05:17] [Tick 1111] Pos=(18, 6), Heading=WEST, State=CHARGING, Action=WAITING, Priority=0.0, Battery=0.0%, Waits=936
[21:05:18] [Tick 1112] Pos=(18, 6), Heading=WEST, State=CHARGING, Action=WAITING, Priority=0.0, Battery=0.0%, Waits=937
[21:05:18] [Tick 1113] Pos=(18, 6), Heading=WEST, State=CHARGING, Action=WAITING, Priority=0.0, Battery=0.0%, Waits=938
[21:05:19] [Tick 1114] Pos=(18, 6), Heading=WEST, State=CHARGING, Action=WAITING, Priority=0.0, Battery=0.0%, Waits=939
[21:05:19] [Tick 1115] Pos=(18, 6), Heading=WEST, State=CHARGING, Action=WAITING, Priority=0.0, Battery=0.0%, Waits=940
[21:05:20] [Tick 1116] Pos=(18, 6), Heading=WEST, State=CHARGING, Action=WAITING, Priority=0.0, Battery=0.0%, Waits=941
[21:05:20] [Tick 1117] Pos=(18, 6), Heading=WEST, State=CHARGING, Action=WAITING, Priority=0.0, Battery=0.0%, Waits=942
[21:05:21] [Tick 1118] Pos=(18, 6), Heading=WEST, State=CHARGING, Action=WAITING, Priority=0.0, Battery=0.0%, Waits=943
[21:05:21] [Tick 1119] Pos=(18, 6), Heading=WEST, State=CHARGING, Action=WAITING, Priority=0.0, Battery=0.0%, Waits=944
[21:05:22] [Tick 1120] Pos=(18, 6), Heading=WEST, State=CHARGING, Action=WAITING, Priority=0.0, Battery=0.0%, Waits=945
[21:05:22] [Tick 1121] Pos=(18, 6), Heading=WEST, State=CHARGING, Action=WAITING, Priority=0.0, Battery=0.0%, Waits=946
[21:05:23] [Tick 1122] Pos=(18, 6), Heading=WEST, State=CHARGING, Action=WAITING, Priority=0.0, Battery=0.0%, Waits=947
[21:05:23] [Tick 1123] Pos=(18, 6), Heading=WEST, State=CHARGING, Action=WAITING, Priority=0.0, Battery=0.0%, Waits=948
[21:05:24] [Tick 1124] Pos=(18, 6), Heading=WEST, State=CHARGING, Action=WAITING, Priority=0.0, Battery=0.0%, Waits=949
[21:05:24] [Tick 1125] Pos=(18, 6), Heading=WEST, State=CHARGING, Action=WAITING, Priority=0.0, Battery=0.0%, Waits=950
[21:05:25] [Tick 1126] Pos=(18, 6), Heading=WEST, State=CHARGING, Action=WAITING, Priority=0.0, Battery=0.0%, Waits=951
[21:05:25] [Tick 1127] Pos=(18, 6), Heading=WEST, State=CHARGING, Action=WAITING, Priority=0.0, Battery=0.0%, Waits=952
[21:05:26] [Tick 1128] Pos=(18, 6), Heading=WEST, State=CHARGING, Action=WAITING, Priority=0.0, Battery=0.0%, Waits=953
[21:05:26] [Tick 1129] Pos=(18, 6), Heading=WEST, State=CHARGING, Action=WAITING, Priority=0.0, Battery=0.0%, Waits=954
[21:05:27] [Tick 1130] Pos=(18, 6), Heading=WEST, State=CHARGING, Action=WAITING, Priority=0.0, Battery=0.0%, Waits=955
[21:05:27] [Tick 1131] Pos=(18, 6), Heading=WEST, State=CHARGING, Action=WAITING, Priority=0.0, Battery=0.0%, Waits=956
[21:05:28] [Tick 1132] Pos=(18, 6), Heading=WEST, State=CHARGING, Action=WAITING, Priority=0.0, Battery=0.0%, Waits=957
[21:05:28] [Tick 1133] Pos=(18, 6), Heading=WEST, State=CHARGING, Action=WAITING, Priority=0.0, Battery=0.0%, Waits=958
[21:05:29] [Tick 1134] Pos=(18, 6), Heading=WEST, State=CHARGING, Action=WAITING, Priority=0.0, Battery=0.0%, Waits=959
[21:05:29] [Tick 1135] Pos=(18, 6), Heading=WEST, State=CHARGING, Action=WAITING, Priority=0.0, Battery=0.0%, Waits=960
[21:05:30] [Tick 1136] Pos=(18, 6), Heading=WEST, State=CHARGING, Action=WAITING, Priority=0.0, Battery=0.0%, Waits=961
[21:05:30] [Tick 1137] Pos=(18, 6), Heading=WEST, State=CHARGING, Action=WAITING, Priority=0.0, Battery=0.0%, Waits=962
[21:05:31] [Tick 1138] Pos=(18, 6), Heading=WEST, State=CHARGING, Action=WAITING, Priority=0.0, Battery=0.0%, Waits=963
[21:05:31] [Tick 1139] Pos=(18, 6), Heading=WEST, State=CHARGING, Action=WAITING, Priority=0.0, Battery=0.0%, Waits=964
[21:05:32] [Tick 1140] Pos=(18, 6), Heading=WEST, State=CHARGING, Action=WAITING, Priority=0.0, Battery=0.0%, Waits=965
[21:05:32] [Tick 1141] Pos=(18, 6), Heading=WEST, State=CHARGING, Action=WAITING, Priority=0.0, Battery=0.0%, Waits=966
[21:05:33] [Tick 1142] Pos=(18, 6), Heading=WEST, State=CHARGING, Action=WAITING, Priority=0.0, Battery=0.0%, Waits=967
[21:05:33] [Tick 1143] Pos=(18, 6), Heading=WEST, State=CHARGING, Action=WAITING, Priority=0.0, Battery=0.0%, Waits=968
[21:05:34] [Tick 1144] Pos=(18, 6), Heading=WEST, State=CHARGING, Action=WAITING, Priority=0.0, Battery=0.0%, Waits=969
[21:05:34] [Tick 1145] Pos=(18, 6), Heading=WEST, State=CHARGING, Action=WAITING, Priority=0.0, Battery=0.0%, Waits=970
[21:05:35] [Tick 1146] Pos=(18, 6), Heading=WEST, State=CHARGING, Action=WAITING, Priority=0.0, Battery=0.0%, Waits=971
[21:05:35] [Tick 1147] Pos=(18, 6), Heading=WEST, State=CHARGING, Action=WAITING, Priority=0.0, Battery=0.0%, Waits=972
[21:05:36] [Tick 1148] Pos=(18, 6), Heading=WEST, State=CHARGING, Action=WAITING, Priority=0.0, Battery=0.0%, Waits=973
[21:05:36] [Tick 1149] Pos=(18, 6), Heading=WEST, State=CHARGING, Action=WAITING, Priority=0.0, Battery=0.0%, Waits=974
[21:05:37] [Tick 1150] Pos=(18, 6), Heading=WEST, State=CHARGING, Action=WAITING, Priority=0.0, Battery=0.0%, Waits=975
[21:05:37] [Tick 1151] Pos=(18, 6), Heading=WEST, State=CHARGING, Action=WAITING, Priority=0.0, Battery=0.0%, Waits=976
[21:05:38] [Tick 1152] Pos=(18, 6), Heading=WEST, State=CHARGING, Action=WAITING, Priority=0.0, Battery=0.0%, Waits=977
[21:05:38] [Tick 1153] Pos=(18, 6), Heading=WEST, State=CHARGING, Action=WAITING, Priority=0.0, Battery=0.0%, Waits=978
[21:05:39] [Tick 1154] Pos=(18, 6), Heading=WEST, State=CHARGING, Action=WAITING, Priority=0.0, Battery=0.0%, Waits=979
[21:05:39] [Tick 1155] Pos=(18, 6), Heading=WEST, State=CHARGING, Action=WAITING, Priority=0.0, Battery=0.0%, Waits=980
[21:05:40] [Tick 1156] Pos=(18, 6), Heading=WEST, State=CHARGING, Action=WAITING, Priority=0.0, Battery=0.0%, Waits=981
[21:05:40] [Tick 1157] Pos=(18, 6), Heading=WEST, State=CHARGING, Action=WAITING, Priority=0.0, Battery=0.0%, Waits=982
[21:05:41] [Tick 1158] Pos=(18, 6), Heading=WEST, State=CHARGING, Action=WAITING, Priority=0.0, Battery=0.0%, Waits=983
[21:05:41] [Tick 1159] Pos=(18, 6), Heading=WEST, State=CHARGING, Action=WAITING, Priority=0.0, Battery=0.0%, Waits=984
[21:05:42] [Tick 1160] Pos=(18, 6), Heading=WEST, State=CHARGING, Action=WAITING, Priority=0.0, Battery=0.0%, Waits=985
[21:05:42] [Tick 1161] Pos=(18, 6), Heading=WEST, State=CHARGING, Action=WAITING, Priority=0.0, Battery=0.0%, Waits=986
[21:05:43] [Tick 1162] Pos=(18, 6), Heading=WEST, State=CHARGING, Action=WAITING, Priority=0.0, Battery=0.0%, Waits=987
[21:05:43] [Tick 1163] Pos=(18, 6), Heading=WEST, State=CHARGING, Action=WAITING, Priority=0.0, Battery=0.0%, Waits=988
[21:05:44] [Tick 1164] Pos=(18, 6), Heading=WEST, State=CHARGING, Action=WAITING, Priority=0.0, Battery=0.0%, Waits=989
[21:05:44] [Tick 1165] Pos=(18, 6), Heading=WEST, State=CHARGING, Action=WAITING, Priority=0.0, Battery=0.0%, Waits=990
[21:05:45] [Tick 1166] Pos=(18, 6), Heading=WEST, State=CHARGING, Action=WAITING, Priority=0.0, Battery=0.0%, Waits=991
[21:05:45] [Tick 1167] Pos=(18, 6), Heading=WEST, State=CHARGING, Action=WAITING, Priority=0.0, Battery=0.0%, Waits=992
[21:05:46] [Tick 1168] Pos=(18, 6), Heading=WEST, State=CHARGING, Action=WAITING, Priority=0.0, Battery=0.0%, Waits=993
[21:05:46] [Tick 1169] Pos=(18, 6), Heading=WEST, State=CHARGING, Action=WAITING, Priority=0.0, Battery=0.0%, Waits=994
[21:05:47] [Tick 1170] Pos=(18, 6), Heading=WEST, State=CHARGING, Action=WAITING, Priority=0.0, Battery=0.0%, Waits=995
[21:05:47] [Tick 1171] Pos=(18, 6), Heading=WEST, State=CHARGING, Action=WAITING, Priority=0.0, Battery=0.0%, Waits=996
[21:05:48] [Tick 1172] Pos=(18, 6), Heading=WEST, State=CHARGING, Action=WAITING, Priority=0.0, Battery=0.0%, Waits=997
[21:05:48] [Tick 1173] Pos=(18, 6), Heading=WEST, State=CHARGING, Action=WAITING, Priority=0.0, Battery=0.0%, Waits=998
[21:05:49] [Tick 1174] Pos=(18, 6), Heading=WEST, State=CHARGING, Action=WAITING, Priority=0.0, Battery=0.0%, Waits=999
[21:05:49] [Tick 1175] Pos=(18, 6), Heading=WEST, State=CHARGING, Action=WAITING, Priority=0.0, Battery=0.0%, Waits=1000
[21:05:50] [Tick 1176] Pos=(18, 6), Heading=WEST, State=CHARGING, Action=WAITING, Priority=0.0, Battery=0.0%, Waits=1001
[21:05:50] [Tick 1177] Pos=(18, 6), Heading=WEST, State=CHARGING, Action=WAITING, Priority=0.0, Battery=0.0%, Waits=1002
[21:05:51] [Tick 1178] Pos=(18, 6), Heading=WEST, State=CHARGING, Action=WAITING, Priority=0.0, Battery=0.0%, Waits=1003
[21:05:51] [Tick 1179] Pos=(18, 6), Heading=WEST, State=CHARGING, Action=WAITING, Priority=0.0, Battery=0.0%, Waits=1004
[21:05:52] [Tick 1180] Pos=(18, 6), Heading=WEST, State=CHARGING, Action=WAITING, Priority=0.0, Battery=0.0%, Waits=1005
[21:05:52] [Tick 1181] Pos=(18, 6), Heading=WEST, State=CHARGING, Action=WAITING, Priority=0.0, Battery=0.0%, Waits=1006
[21:05:53] [Tick 1182] Pos=(18, 6), Heading=WEST, State=CHARGING, Action=WAITING, Priority=0.0, Battery=0.0%, Waits=1007
[21:05:53] [Tick 1183] Pos=(18, 6), Heading=WEST, State=CHARGING, Action=WAITING, Priority=0.0, Battery=0.0%, Waits=1008
[21:05:54] [Tick 1184] Pos=(18, 6), Heading=WEST, State=CHARGING, Action=WAITING, Priority=0.0, Battery=0.0%, Waits=1009
[21:05:54] [Tick 1185] Pos=(18, 6), Heading=WEST, State=CHARGING, Action=WAITING, Priority=0.0, Battery=0.0%, Waits=1010
[21:05:55] [Tick 1186] Pos=(18, 6), Heading=WEST, State=CHARGING, Action=WAITING, Priority=0.0, Battery=0.0%, Waits=1011
[21:05:55] [Tick 1187] Pos=(18, 6), Heading=WEST, State=CHARGING, Action=WAITING, Priority=0.0, Battery=0.0%, Waits=1012
[21:05:56] [Tick 1188] Pos=(18, 6), Heading=WEST, State=CHARGING, Action=WAITING, Priority=0.0, Battery=0.0%, Waits=1013
[21:05:56] [Tick 1189] Pos=(18, 6), Heading=WEST, State=CHARGING, Action=WAITING, Priority=0.0, Battery=0.0%, Waits=1014
[21:05:57] [Tick 1190] Pos=(18, 6), Heading=WEST, State=CHARGING, Action=WAITING, Priority=0.0, Battery=0.0%, Waits=1015
[21:05:57] [Tick 1191] Pos=(18, 6), Heading=WEST, State=CHARGING, Action=WAITING, Priority=0.0, Battery=0.0%, Waits=1016
[21:05:58] [Tick 1192] Pos=(18, 6), Heading=WEST, State=CHARGING, Action=WAITING, Priority=0.0, Battery=0.0%, Waits=1017
[21:05:58] [Tick 1193] Pos=(18, 6), Heading=WEST, State=CHARGING, Action=WAITING, Priority=0.0, Battery=0.0%, Waits=1018
[21:05:59] [Tick 1194] Pos=(18, 6), Heading=WEST, State=CHARGING, Action=WAITING, Priority=0.0, Battery=0.0%, Waits=1019
[21:05:59] [Tick 1195] Pos=(18, 6), Heading=WEST, State=CHARGING, Action=WAITING, Priority=0.0, Battery=0.0%, Waits=1020
[21:06:00] [Tick 1196] Pos=(18, 6), Heading=WEST, State=CHARGING, Action=WAITING, Priority=0.0, Battery=0.0%, Waits=1021
[21:06:00] [Tick 1197] Pos=(18, 6), Heading=WEST, State=CHARGING, Action=WAITING, Priority=0.0, Battery=0.0%, Waits=1022
[21:06:01] [Tick 1198] Pos=(18, 6), Heading=WEST, State=CHARGING, Action=WAITING, Priority=0.0, Battery=0.0%, Waits=1023
[21:06:01] [Tick 1199] Pos=(18, 6), Heading=WEST, State=CHARGING, Action=WAITING, Priority=0.0, Battery=0.0%, Waits=1024
[21:06:02] [Tick 1200] Pos=(18, 6), Heading=WEST, State=CHARGING, Action=WAITING, Priority=0.0, Battery=0.0%, Waits=1025
[21:06:02] [Tick 1201] Pos=(18, 6), Heading=WEST, State=CHARGING, Action=WAITING, Priority=0.0, Battery=0.0%, Waits=1026
[21:06:03] [Tick 1202] Pos=(18, 6), Heading=WEST, State=CHARGING, Action=WAITING, Priority=0.0, Battery=0.0%, Waits=1027
[21:06:03] [Tick 1203] Pos=(18, 6), Heading=WEST, State=CHARGING, Action=WAITING, Priority=0.0, Battery=0.0%, Waits=1028
[21:06:04] [Tick 1204] Pos=(18, 6), Heading=WEST, State=CHARGING, Action=WAITING, Priority=0.0, Battery=0.0%, Waits=1029
[21:06:04] [Tick 1205] Pos=(18, 6), Heading=WEST, State=CHARGING, Action=WAITING, Priority=0.0, Battery=0.0%, Waits=1030
[21:06:05] [Tick 1206] Pos=(18, 6), Heading=WEST, State=CHARGING, Action=WAITING, Priority=0.0, Battery=0.0%, Waits=1031
[21:06:05] [Tick 1207] Pos=(18, 6), Heading=WEST, State=CHARGING, Action=WAITING, Priority=0.0, Battery=0.0%, Waits=1032
[21:06:06] [Tick 1208] Pos=(18, 6), Heading=WEST, State=CHARGING, Action=WAITING, Priority=0.0, Battery=0.0%, Waits=1033
[21:06:06] [Tick 1209] Pos=(18, 6), Heading=WEST, State=CHARGING, Action=WAITING, Priority=0.0, Battery=0.0%, Waits=1034
[21:06:07] [Tick 1210] Pos=(18, 6), Heading=WEST, State=CHARGING, Action=WAITING, Priority=0.0, Battery=0.0%, Waits=1035
[21:06:07] [Tick 1211] Pos=(18, 6), Heading=WEST, State=CHARGING, Action=WAITING, Priority=0.0, Battery=0.0%, Waits=1036
[21:06:08] [Tick 1212] Pos=(18, 6), Heading=WEST, State=CHARGING, Action=WAITING, Priority=0.0, Battery=0.0%, Waits=1037
[21:06:08] [Tick 1213] Pos=(18, 6), Heading=WEST, State=CHARGING, Action=WAITING, Priority=0.0, Battery=0.0%, Waits=1038
[21:06:09] [Tick 1214] Pos=(18, 6), Heading=WEST, State=CHARGING, Action=WAITING, Priority=0.0, Battery=0.0%, Waits=1039
[21:06:09] [Tick 1215] Pos=(18, 6), Heading=WEST, State=CHARGING, Action=WAITING, Priority=0.0, Battery=0.0%, Waits=1040
[21:06:10] [Tick 1216] Pos=(18, 6), Heading=WEST, State=CHARGING, Action=WAITING, Priority=0.0, Battery=0.0%, Waits=1041
[21:06:10] [Tick 1217] Pos=(18, 6), Heading=WEST, State=CHARGING, Action=WAITING, Priority=0.0, Battery=0.0%, Waits=1042
[21:06:11] [Tick 1218] Pos=(18, 6), Heading=WEST, State=CHARGING, Action=WAITING, Priority=0.0, Battery=0.0%, Waits=1043
[21:06:11] [Tick 1219] Pos=(18, 6), Heading=WEST, State=CHARGING, Action=WAITING, Priority=0.0, Battery=0.0%, Waits=1044
[21:06:12] [Tick 1220] Pos=(18, 6), Heading=WEST, State=CHARGING, Action=WAITING, Priority=0.0, Battery=0.0%, Waits=1045
[21:06:12] [Tick 1221] Pos=(18, 6), Heading=WEST, State=CHARGING, Action=WAITING, Priority=0.0, Battery=0.0%, Waits=1046
[21:06:13] [Tick 1222] Pos=(18, 6), Heading=WEST, State=CHARGING, Action=WAITING, Priority=0.0, Battery=0.0%, Waits=1047
[21:06:13] [Tick 1223] Pos=(18, 6), Heading=WEST, State=CHARGING, Action=WAITING, Priority=0.0, Battery=0.0%, Waits=1048
[21:06:14] [Tick 1224] Pos=(18, 6), Heading=WEST, State=CHARGING, Action=WAITING, Priority=0.0, Battery=0.0%, Waits=1049
[21:06:14] [Tick 1225] Pos=(18, 6), Heading=WEST, State=CHARGING, Action=WAITING, Priority=0.0, Battery=0.0%, Waits=1050
[21:06:15] [Tick 1226] Pos=(18, 6), Heading=WEST, State=CHARGING, Action=WAITING, Priority=0.0, Battery=0.0%, Waits=1051
[21:06:15] [Tick 1227] Pos=(18, 6), Heading=WEST, State=CHARGING, Action=WAITING, Priority=0.0, Battery=0.0%, Waits=1052
[21:06:16] [Tick 1228] Pos=(18, 6), Heading=WEST, State=CHARGING, Action=WAITING, Priority=0.0, Battery=0.0%, Waits=1053
[21:06:16] [Tick 1229] Pos=(18, 6), Heading=WEST, State=CHARGING, Action=WAITING, Priority=0.0, Battery=0.0%, Waits=1054
[21:06:17] [Tick 1230] Pos=(18, 6), Heading=WEST, State=CHARGING, Action=WAITING, Priority=0.0, Battery=0.0%, Waits=1055
[21:06:17] [Tick 1231] Pos=(18, 6), Heading=WEST, State=CHARGING, Action=WAITING, Priority=0.0, Battery=0.0%, Waits=1056
[21:06:18] [Tick 1232] Pos=(18, 6), Heading=WEST, State=CHARGING, Action=WAITING, Priority=0.0, Battery=0.0%, Waits=1057
[21:06:18] [Tick 1233] Pos=(18, 6), Heading=WEST, State=CHARGING, Action=WAITING, Priority=0.0, Battery=0.0%, Waits=1058
[21:06:19] [Tick 1234] Pos=(18, 6), Heading=WEST, State=CHARGING, Action=WAITING, Priority=0.0, Battery=0.0%, Waits=1059
[21:06:19] [Tick 1235] Pos=(18, 6), Heading=WEST, State=CHARGING, Action=WAITING, Priority=0.0, Battery=0.0%, Waits=1060
[21:06:20] [Tick 1236] Pos=(18, 6), Heading=WEST, State=CHARGING, Action=WAITING, Priority=0.0, Battery=0.0%, Waits=1061
[21:06:20] [Tick 1237] Pos=(18, 6), Heading=WEST, State=CHARGING, Action=WAITING, Priority=0.0, Battery=0.0%, Waits=1062
[21:06:21] [Tick 1238] Pos=(18, 6), Heading=WEST, State=CHARGING, Action=WAITING, Priority=0.0, Battery=0.0%, Waits=1063
[21:06:21] [Tick 1239] Pos=(18, 6), Heading=WEST, State=CHARGING, Action=WAITING, Priority=0.0, Battery=0.0%, Waits=1064
[21:06:22] [Tick 1240] Pos=(18, 6), Heading=WEST, State=CHARGING, Action=WAITING, Priority=0.0, Battery=0.0%, Waits=1065
[21:06:22] [Tick 1241] Pos=(18, 6), Heading=WEST, State=CHARGING, Action=WAITING, Priority=0.0, Battery=0.0%, Waits=1066
[21:06:23] [Tick 1242] Pos=(18, 6), Heading=WEST, State=CHARGING, Action=WAITING, Priority=0.0, Battery=0.0%, Waits=1067
[21:06:23] [Tick 1243] Pos=(18, 6), Heading=WEST, State=CHARGING, Action=WAITING, Priority=0.0, Battery=0.0%, Waits=1068
[21:06:24] [Tick 1244] Pos=(18, 6), Heading=WEST, State=CHARGING, Action=WAITING, Priority=0.0, Battery=0.0%, Waits=1069
[21:06:24] [Tick 1245] Pos=(18, 6), Heading=WEST, State=CHARGING, Action=WAITING, Priority=0.0, Battery=0.0%, Waits=1070
[21:06:25] [Tick 1246] Pos=(18, 6), Heading=WEST, State=CHARGING, Action=WAITING, Priority=0.0, Battery=0.0%, Waits=1071
[21:06:25] [Tick 1247] Pos=(18, 6), Heading=WEST, State=CHARGING, Action=WAITING, Priority=0.0, Battery=0.0%, Waits=1072
[21:06:26] [Tick 1248] Pos=(18, 6), Heading=WEST, State=CHARGING, Action=WAITING, Priority=0.0, Battery=0.0%, Waits=1073
[21:06:26] [Tick 1249] Pos=(18, 6), Heading=WEST, State=CHARGING, Action=WAITING, Priority=0.0, Battery=0.0%, Waits=1074
[21:06:27] [Tick 1250] Pos=(18, 6), Heading=WEST, State=CHARGING, Action=WAITING, Priority=0.0, Battery=0.0%, Waits=1075
[21:06:27] [Tick 1251] Pos=(18, 6), Heading=WEST, State=CHARGING, Action=WAITING, Priority=0.0, Battery=0.0%, Waits=1076
[21:06:28] [Tick 1252] Pos=(18, 6), Heading=WEST, State=CHARGING, Action=WAITING, Priority=0.0, Battery=0.0%, Waits=1077
[21:06:28] [Tick 1253] Pos=(18, 6), Heading=WEST, State=CHARGING, Action=WAITING, Priority=0.0, Battery=0.0%, Waits=1078
[21:06:29] [Tick 1254] Pos=(18, 6), Heading=WEST, State=CHARGING, Action=WAITING, Priority=0.0, Battery=0.0%, Waits=1079
[21:06:29] [Tick 1255] Pos=(18, 6), Heading=WEST, State=CHARGING, Action=WAITING, Priority=0.0, Battery=0.0%, Waits=1080
[21:06:30] [Tick 1256] Pos=(18, 6), Heading=WEST, State=CHARGING, Action=WAITING, Priority=0.0, Battery=0.0%, Waits=1081
[21:06:30] [Tick 1257] Pos=(18, 6), Heading=WEST, State=CHARGING, Action=WAITING, Priority=0.0, Battery=0.0%, Waits=1082
[21:06:31] [Tick 1258] Pos=(18, 6), Heading=WEST, State=CHARGING, Action=WAITING, Priority=0.0, Battery=0.0%, Waits=1083
[21:06:31] [Tick 1259] Pos=(18, 6), Heading=WEST, State=CHARGING, Action=WAITING, Priority=0.0, Battery=0.0%, Waits=1084
[21:06:32] [Tick 1260] Pos=(18, 6), Heading=WEST, State=CHARGING, Action=WAITING, Priority=0.0, Battery=0.0%, Waits=1085
[21:06:32] [Tick 1261] Pos=(18, 6), Heading=WEST, State=CHARGING, Action=WAITING, Priority=0.0, Battery=0.0%, Waits=1086
[21:06:33] [Tick 1262] Pos=(18, 6), Heading=WEST, State=CHARGING, Action=WAITING, Priority=0.0, Battery=0.0%, Waits=1087
[21:06:33] [Tick 1263] Pos=(18, 6), Heading=WEST, State=CHARGING, Action=WAITING, Priority=0.0, Battery=0.0%, Waits=1088
[21:06:34] [Tick 1264] Pos=(18, 6), Heading=WEST, State=CHARGING, Action=WAITING, Priority=0.0, Battery=0.0%, Waits=1089
[21:06:34] [Tick 1265] Pos=(18, 6), Heading=WEST, State=CHARGING, Action=WAITING, Priority=0.0, Battery=0.0%, Waits=1090
[21:06:35] [Tick 1266] Pos=(18, 6), Heading=WEST, State=CHARGING, Action=WAITING, Priority=0.0, Battery=0.0%, Waits=1091
[21:06:35] [Tick 1267] Pos=(18, 6), Heading=WEST, State=CHARGING, Action=WAITING, Priority=0.0, Battery=0.0%, Waits=1092
[21:06:36] [Tick 1268] Pos=(18, 6), Heading=WEST, State=CHARGING, Action=WAITING, Priority=0.0, Battery=0.0%, Waits=1093
[21:06:36] [Tick 1269] Pos=(18, 6), Heading=WEST, State=CHARGING, Action=WAITING, Priority=0.0, Battery=0.0%, Waits=1094
[21:06:37] [Tick 1270] Pos=(18, 6), Heading=WEST, State=CHARGING, Action=WAITING, Priority=0.0, Battery=0.0%, Waits=1095
[21:06:37] [Tick 1271] Pos=(18, 6), Heading=WEST, State=CHARGING, Action=WAITING, Priority=0.0, Battery=0.0%, Waits=1096
[21:06:38] [Tick 1272] Pos=(18, 6), Heading=WEST, State=CHARGING, Action=WAITING, Priority=0.0, Battery=0.0%, Waits=1097
[21:06:38] [Tick 1273] Pos=(18, 6), Heading=WEST, State=CHARGING, Action=WAITING, Priority=0.0, Battery=0.0%, Waits=1098
[21:06:39] [Tick 1274] Pos=(18, 6), Heading=WEST, State=CHARGING, Action=WAITING, Priority=0.0, Battery=0.0%, Waits=1099
[21:06:39] [Tick 1275] Pos=(18, 6), Heading=WEST, State=CHARGING, Action=WAITING, Priority=0.0, Battery=0.0%, Waits=1100
[21:06:40] [Tick 1276] Pos=(18, 6), Heading=WEST, State=CHARGING, Action=WAITING, Priority=0.0, Battery=0.0%, Waits=1101
[21:06:40] [Tick 1277] Pos=(18, 6), Heading=WEST, State=CHARGING, Action=WAITING, Priority=0.0, Battery=0.0%, Waits=1102
[21:06:41] [Tick 1278] Pos=(18, 6), Heading=WEST, State=CHARGING, Action=WAITING, Priority=0.0, Battery=0.0%, Waits=1103
[21:06:41] [Tick 1279] Pos=(18, 6), Heading=WEST, State=CHARGING, Action=WAITING, Priority=0.0, Battery=0.0%, Waits=1104
[21:06:42] [Tick 1280] Pos=(18, 6), Heading=WEST, State=CHARGING, Action=WAITING, Priority=0.0, Battery=0.0%, Waits=1105
[21:06:42] [Tick 1281] Pos=(18, 6), Heading=WEST, State=CHARGING, Action=WAITING, Priority=0.0, Battery=0.0%, Waits=1106
[21:06:43] [Tick 1282] Pos=(18, 6), Heading=WEST, State=CHARGING, Action=WAITING, Priority=0.0, Battery=0.0%, Waits=1107
[21:06:43] [Tick 1283] Pos=(18, 6), Heading=WEST, State=CHARGING, Action=WAITING, Priority=0.0, Battery=0.0%, Waits=1108
[21:06:44] [Tick 1284] Pos=(18, 6), Heading=WEST, State=CHARGING, Action=WAITING, Priority=0.0, Battery=0.0%, Waits=1109
[21:06:44] [Tick 1285] Pos=(18, 6), Heading=WEST, State=CHARGING, Action=WAITING, Priority=0.0, Battery=0.0%, Waits=1110
[21:06:45] [Tick 1286] Pos=(18, 6), Heading=WEST, State=CHARGING, Action=WAITING, Priority=0.0, Battery=0.0%, Waits=1111
[21:06:45] [Tick 1287] Pos=(18, 6), Heading=WEST, State=CHARGING, Action=WAITING, Priority=0.0, Battery=0.0%, Waits=1112
[21:06:46] [Tick 1288] Pos=(18, 6), Heading=WEST, State=CHARGING, Action=WAITING, Priority=0.0, Battery=0.0%, Waits=1113
[21:06:46] [Tick 1289] Pos=(18, 6), Heading=WEST, State=CHARGING, Action=WAITING, Priority=0.0, Battery=0.0%, Waits=1114
[21:06:47] [Tick 1290] Pos=(18, 6), Heading=WEST, State=CHARGING, Action=WAITING, Priority=0.0, Battery=0.0%, Waits=1115
[21:06:47] [Tick 1291] Pos=(18, 6), Heading=WEST, State=CHARGING, Action=WAITING, Priority=0.0, Battery=0.0%, Waits=1116
[21:06:48] [Tick 1292] Pos=(18, 6), Heading=WEST, State=CHARGING, Action=WAITING, Priority=0.0, Battery=0.0%, Waits=1117
[21:06:48] [Tick 1293] Pos=(18, 6), Heading=WEST, State=CHARGING, Action=WAITING, Priority=0.0, Battery=0.0%, Waits=1118
[21:06:49] [Tick 1294] Pos=(18, 6), Heading=WEST, State=CHARGING, Action=WAITING, Priority=0.0, Battery=0.0%, Waits=1119
[21:06:49] [Tick 1295] Pos=(18, 6), Heading=WEST, State=CHARGING, Action=WAITING, Priority=0.0, Battery=0.0%, Waits=1120
[21:06:50] [Tick 1296] Pos=(18, 6), Heading=WEST, State=CHARGING, Action=WAITING, Priority=0.0, Battery=0.0%, Waits=1121
[21:06:50] [Tick 1297] Pos=(18, 6), Heading=WEST, State=CHARGING, Action=WAITING, Priority=0.0, Battery=0.0%, Waits=1122
[21:06:51] [Tick 1298] Pos=(18, 6), Heading=WEST, State=CHARGING, Action=WAITING, Priority=0.0, Battery=0.0%, Waits=1123
[21:06:51] [Tick 1299] Pos=(18, 6), Heading=WEST, State=CHARGING, Action=WAITING, Priority=0.0, Battery=0.0%, Waits=1124
[21:06:52] [Tick 1300] Pos=(18, 6), Heading=WEST, State=CHARGING, Action=WAITING, Priority=0.0, Battery=0.0%, Waits=1125
[21:06:52] [Tick 1301] Pos=(18, 6), Heading=WEST, State=CHARGING, Action=WAITING, Priority=0.0, Battery=0.0%, Waits=1126
[21:06:53] [Tick 1302] Pos=(18, 6), Heading=WEST, State=CHARGING, Action=WAITING, Priority=0.0, Battery=0.0%, Waits=1127
[21:06:53] [Tick 1303] Pos=(18, 6), Heading=WEST, State=CHARGING, Action=WAITING, Priority=0.0, Battery=0.0%, Waits=1128
[21:06:54] [Tick 1304] Pos=(18, 6), Heading=WEST, State=CHARGING, Action=WAITING, Priority=0.0, Battery=0.0%, Waits=1129
[21:06:54] [Tick 1305] Pos=(18, 6), Heading=WEST, State=CHARGING, Action=WAITING, Priority=0.0, Battery=0.0%, Waits=1130
[21:06:55] [Tick 1306] Pos=(18, 6), Heading=WEST, State=CHARGING, Action=WAITING, Priority=0.0, Battery=0.0%, Waits=1131
[21:06:55] [Tick 1307] Pos=(18, 6), Heading=WEST, State=CHARGING, Action=WAITING, Priority=0.0, Battery=0.0%, Waits=1132
[21:06:56] [Tick 1308] Pos=(18, 6), Heading=WEST, State=CHARGING, Action=WAITING, Priority=0.0, Battery=0.0%, Waits=1133
[21:06:56] [Tick 1309] Pos=(18, 6), Heading=WEST, State=CHARGING, Action=WAITING, Priority=0.0, Battery=0.0%, Waits=1134
[21:06:57] [Tick 1310] Pos=(18, 6), Heading=WEST, State=CHARGING, Action=WAITING, Priority=0.0, Battery=0.0%, Waits=1135
[21:06:57] [Tick 1311] Pos=(18, 6), Heading=WEST, State=CHARGING, Action=WAITING, Priority=0.0, Battery=0.0%, Waits=1136
[21:06:58] [Tick 1312] Pos=(18, 6), Heading=WEST, State=CHARGING, Action=WAITING, Priority=0.0, Battery=0.0%, Waits=1137
[21:06:58] [Tick 1313] Pos=(18, 6), Heading=WEST, State=CHARGING, Action=WAITING, Priority=0.0, Battery=0.0%, Waits=1138
[21:06:59] [Tick 1314] Pos=(18, 6), Heading=WEST, State=CHARGING, Action=WAITING, Priority=0.0, Battery=0.0%, Waits=1139
[21:06:59] [Tick 1315] Pos=(18, 6), Heading=WEST, State=CHARGING, Action=WAITING, Priority=0.0, Battery=0.0%, Waits=1140
[21:07:00] [Tick 1316] Pos=(18, 6), Heading=WEST, State=CHARGING, Action=WAITING, Priority=0.0, Battery=0.0%, Waits=1141
[21:07:00] [Tick 1317] Pos=(18, 6), Heading=WEST, State=CHARGING, Action=WAITING, Priority=0.0, Battery=0.0%, Waits=1142
[21:07:01] [Tick 1318] Pos=(18, 6), Heading=WEST, State=CHARGING, Action=WAITING, Priority=0.0, Battery=0.0%, Waits=1143
[21:07:01] [Tick 1319] Pos=(18, 6), Heading=WEST, State=CHARGING, Action=WAITING, Priority=0.0, Battery=0.0%, Waits=1144
[21:07:02] [Tick 1320] Pos=(18, 6), Heading=WEST, State=CHARGING, Action=WAITING, Priority=0.0, Battery=0.0%, Waits=1145
[21:07:02] [Tick 1321] Pos=(18, 6), Heading=WEST, State=CHARGING, Action=WAITING, Priority=0.0, Battery=0.0%, Waits=1146
[21:07:03] [Tick 1322] Pos=(18, 6), Heading=WEST, State=CHARGING, Action=WAITING, Priority=0.0, Battery=0.0%, Waits=1147
[21:07:03] [Tick 1323] Pos=(18, 6), Heading=WEST, State=CHARGING, Action=WAITING, Priority=0.0, Battery=0.0%, Waits=1148
[21:07:04] [Tick 1324] Pos=(18, 6), Heading=WEST, State=CHARGING, Action=WAITING, Priority=0.0, Battery=0.0%, Waits=1149
[21:07:04] [Tick 1325] Pos=(18, 6), Heading=WEST, State=CHARGING, Action=WAITING, Priority=0.0, Battery=0.0%, Waits=1150
[21:07:05] [Tick 1326] Pos=(18, 6), Heading=WEST, State=CHARGING, Action=WAITING, Priority=0.0, Battery=0.0%, Waits=1151
[21:07:05] [Tick 1327] Pos=(18, 6), Heading=WEST, State=CHARGING, Action=WAITING, Priority=0.0, Battery=0.0%, Waits=1152
[21:07:06] [Tick 1328] Pos=(18, 6), Heading=WEST, State=CHARGING, Action=WAITING, Priority=0.0, Battery=0.0%, Waits=1153
[21:07:06] [Tick 1329] Pos=(18, 6), Heading=WEST, State=CHARGING, Action=WAITING, Priority=0.0, Battery=0.0%, Waits=1154
[21:07:07] [Tick 1330] Pos=(18, 6), Heading=WEST, State=CHARGING, Action=WAITING, Priority=0.0, Battery=0.0%, Waits=1155
[21:07:07] [Tick 1331] Pos=(18, 6), Heading=WEST, State=CHARGING, Action=WAITING, Priority=0.0, Battery=0.0%, Waits=1156
[21:07:08] [Tick 1332] Pos=(18, 6), Heading=WEST, State=CHARGING, Action=WAITING, Priority=0.0, Battery=0.0%, Waits=1157
[21:07:08] [Tick 1333] Pos=(18, 6), Heading=WEST, State=CHARGING, Action=WAITING, Priority=0.0, Battery=0.0%, Waits=1158
[21:07:09] [Tick 1334] Pos=(18, 6), Heading=WEST, State=CHARGING, Action=WAITING, Priority=0.0, Battery=0.0%, Waits=1159
[21:07:09] [Tick 1335] Pos=(18, 6), Heading=WEST, State=CHARGING, Action=WAITING, Priority=0.0, Battery=0.0%, Waits=1160
[21:07:10] [Tick 1336] Pos=(18, 6), Heading=WEST, State=CHARGING, Action=WAITING, Priority=0.0, Battery=0.0%, Waits=1161
[21:07:10] [Tick 1337] Pos=(18, 6), Heading=WEST, State=CHARGING, Action=WAITING, Priority=0.0, Battery=0.0%, Waits=1162
[21:07:11] [Tick 1338] Pos=(18, 6), Heading=WEST, State=CHARGING, Action=WAITING, Priority=0.0, Battery=0.0%, Waits=1163
[21:07:11] [Tick 1339] Pos=(18, 6), Heading=WEST, State=CHARGING, Action=WAITING, Priority=0.0, Battery=0.0%, Waits=1164
[21:07:12] [Tick 1340] Pos=(18, 6), Heading=WEST, State=CHARGING, Action=WAITING, Priority=0.0, Battery=0.0%, Waits=1165
[21:07:12] [Tick 1341] Pos=(18, 6), Heading=WEST, State=CHARGING, Action=WAITING, Priority=0.0, Battery=0.0%, Waits=1166
[21:07:13] [Tick 1342] Pos=(18, 6), Heading=WEST, State=CHARGING, Action=WAITING, Priority=0.0, Battery=0.0%, Waits=1167
[21:07:13] [Tick 1343] Pos=(18, 6), Heading=WEST, State=CHARGING, Action=WAITING, Priority=0.0, Battery=0.0%, Waits=1168
[21:07:14] [Tick 1344] Pos=(18, 6), Heading=WEST, State=CHARGING, Action=WAITING, Priority=0.0, Battery=0.0%, Waits=1169
[21:07:14] [Tick 1345] Pos=(18, 6), Heading=WEST, State=CHARGING, Action=WAITING, Priority=0.0, Battery=0.0%, Waits=1170
[21:07:15] [Tick 1346] Pos=(18, 6), Heading=WEST, State=CHARGING, Action=WAITING, Priority=0.0, Battery=0.0%, Waits=1171
[21:07:15] [Tick 1347] Pos=(18, 6), Heading=WEST, State=CHARGING, Action=WAITING, Priority=0.0, Battery=0.0%, Waits=1172
[21:07:16] [Tick 1348] Pos=(18, 6), Heading=WEST, State=CHARGING, Action=WAITING, Priority=0.0, Battery=0.0%, Waits=1173
[21:07:16] [Tick 1349] Pos=(18, 6), Heading=WEST, State=CHARGING, Action=WAITING, Priority=0.0, Battery=0.0%, Waits=1174
[21:07:17] [Tick 1350] Pos=(18, 6), Heading=WEST, State=CHARGING, Action=WAITING, Priority=0.0, Battery=0.0%, Waits=1175
[21:07:17] [Tick 1351] Pos=(18, 6), Heading=WEST, State=CHARGING, Action=WAITING, Priority=0.0, Battery=0.0%, Waits=1176
[21:07:18] [Tick 1352] Pos=(18, 6), Heading=WEST, State=CHARGING, Action=WAITING, Priority=0.0, Battery=0.0%, Waits=1177
[21:07:18] [Tick 1353] Pos=(18, 6), Heading=WEST, State=CHARGING, Action=WAITING, Priority=0.0, Battery=0.0%, Waits=1178
[21:07:19] [Tick 1354] Pos=(18, 6), Heading=WEST, State=CHARGING, Action=WAITING, Priority=0.0, Battery=0.0%, Waits=1179
[21:07:19] [Tick 1355] Pos=(18, 6), Heading=WEST, State=CHARGING, Action=WAITING, Priority=0.0, Battery=0.0%, Waits=1180
[21:07:20] [Tick 1356] Pos=(18, 6), Heading=WEST, State=CHARGING, Action=WAITING, Priority=0.0, Battery=0.0%, Waits=1181
[21:07:20] [Tick 1357] Pos=(18, 6), Heading=WEST, State=CHARGING, Action=WAITING, Priority=0.0, Battery=0.0%, Waits=1182
[21:07:21] [Tick 1358] Pos=(18, 6), Heading=WEST, State=CHARGING, Action=WAITING, Priority=0.0, Battery=0.0%, Waits=1183
[21:07:21] [Tick 1359] Pos=(18, 6), Heading=WEST, State=CHARGING, Action=WAITING, Priority=0.0, Battery=0.0%, Waits=1184
[21:07:22] [Tick 1360] Pos=(18, 6), Heading=WEST, State=CHARGING, Action=WAITING, Priority=0.0, Battery=0.0%, Waits=1185
[21:07:22] [Tick 1361] Pos=(18, 6), Heading=WEST, State=CHARGING, Action=WAITING, Priority=0.0, Battery=0.0%, Waits=1186
[21:07:23] [Tick 1362] Pos=(18, 6), Heading=WEST, State=CHARGING, Action=WAITING, Priority=0.0, Battery=0.0%, Waits=1187
[21:07:23] [Tick 1363] Pos=(18, 6), Heading=WEST, State=CHARGING, Action=WAITING, Priority=0.0, Battery=0.0%, Waits=1188
[21:07:24] [Tick 1364] Pos=(18, 6), Heading=WEST, State=CHARGING, Action=WAITING, Priority=0.0, Battery=0.0%, Waits=1189
[21:07:24] [Tick 1365] Pos=(18, 6), Heading=WEST, State=CHARGING, Action=WAITING, Priority=0.0, Battery=0.0%, Waits=1190
[21:07:25] [Tick 1366] Pos=(18, 6), Heading=WEST, State=CHARGING, Action=WAITING, Priority=0.0, Battery=0.0%, Waits=1191
[21:07:25] [Tick 1367] Pos=(18, 6), Heading=WEST, State=CHARGING, Action=WAITING, Priority=0.0, Battery=0.0%, Waits=1192
[21:07:26] [Tick 1368] Pos=(18, 6), Heading=WEST, State=CHARGING, Action=WAITING, Priority=0.0, Battery=0.0%, Waits=1193
[21:07:26] [Tick 1369] Pos=(18, 6), Heading=WEST, State=CHARGING, Action=WAITING, Priority=0.0, Battery=0.0%, Waits=1194
[21:07:27] [Tick 1370] Pos=(18, 6), Heading=WEST, State=CHARGING, Action=WAITING, Priority=0.0, Battery=0.0%, Waits=1195
[21:07:27] [Tick 1371] Pos=(18, 6), Heading=WEST, State=CHARGING, Action=WAITING, Priority=0.0, Battery=0.0%, Waits=1196
[21:07:28] [Tick 1372] Pos=(18, 6), Heading=WEST, State=CHARGING, Action=WAITING, Priority=0.0, Battery=0.0%, Waits=1197
[21:07:28] [Tick 1373] Pos=(18, 6), Heading=WEST, State=CHARGING, Action=WAITING, Priority=0.0, Battery=0.0%, Waits=1198
[21:07:29] [Tick 1374] Pos=(18, 6), Heading=WEST, State=CHARGING, Action=WAITING, Priority=0.0, Battery=0.0%, Waits=1199
[21:07:29] [Tick 1375] Pos=(18, 6), Heading=WEST, State=CHARGING, Action=WAITING, Priority=0.0, Battery=0.0%, Waits=1200
[21:07:30] [Tick 1376] Pos=(18, 6), Heading=WEST, State=CHARGING, Action=WAITING, Priority=0.0, Battery=0.0%, Waits=1201
[21:07:30] [Tick 1377] Pos=(18, 6), Heading=WEST, State=CHARGING, Action=WAITING, Priority=0.0, Battery=0.0%, Waits=1202
[21:07:31] [Tick 1378] Pos=(18, 6), Heading=WEST, State=CHARGING, Action=WAITING, Priority=0.0, Battery=0.0%, Waits=1203
[21:07:31] [Tick 1379] Pos=(18, 6), Heading=WEST, State=CHARGING, Action=WAITING, Priority=0.0, Battery=0.0%, Waits=1204
[21:07:32] [Tick 1380] Pos=(18, 6), Heading=WEST, State=CHARGING, Action=WAITING, Priority=0.0, Battery=0.0%, Waits=1205
[21:07:32] [Tick 1381] Pos=(18, 6), Heading=WEST, State=CHARGING, Action=WAITING, Priority=0.0, Battery=0.0%, Waits=1206
[21:07:33] [Tick 1382] Pos=(18, 6), Heading=WEST, State=CHARGING, Action=WAITING, Priority=0.0, Battery=0.0%, Waits=1207
[21:07:33] [Tick 1383] Pos=(18, 6), Heading=WEST, State=CHARGING, Action=WAITING, Priority=0.0, Battery=0.0%, Waits=1208
[21:07:34] [Tick 1384] Pos=(18, 6), Heading=WEST, State=CHARGING, Action=WAITING, Priority=0.0, Battery=0.0%, Waits=1209
[21:07:34] [Tick 1385] Pos=(18, 6), Heading=WEST, State=CHARGING, Action=WAITING, Priority=0.0, Battery=0.0%, Waits=1210
[21:07:35] [Tick 1386] Pos=(18, 6), Heading=WEST, State=CHARGING, Action=WAITING, Priority=0.0, Battery=0.0%, Waits=1211
[21:07:35] [Tick 1387] Pos=(18, 6), Heading=WEST, State=CHARGING, Action=WAITING, Priority=0.0, Battery=0.0%, Waits=1212
[21:07:36] [Tick 1388] Pos=(18, 6), Heading=WEST, State=CHARGING, Action=WAITING, Priority=0.0, Battery=0.0%, Waits=1213
[21:07:36] [Tick 1389] Pos=(18, 6), Heading=WEST, State=CHARGING, Action=WAITING, Priority=0.0, Battery=0.0%, Waits=1214
[21:07:37] [Tick 1390] Pos=(18, 6), Heading=WEST, State=CHARGING, Action=WAITING, Priority=0.0, Battery=0.0%, Waits=1215
[21:07:37] [Tick 1391] Pos=(18, 6), Heading=WEST, State=CHARGING, Action=WAITING, Priority=0.0, Battery=0.0%, Waits=1216
[21:07:38] [Tick 1392] Pos=(18, 6), Heading=WEST, State=CHARGING, Action=WAITING, Priority=0.0, Battery=0.0%, Waits=1217
[21:07:38] [Tick 1393] Pos=(18, 6), Heading=WEST, State=CHARGING, Action=WAITING, Priority=0.0, Battery=0.0%, Waits=1218
[21:07:39] [Tick 1394] Pos=(18, 6), Heading=WEST, State=CHARGING, Action=WAITING, Priority=0.0, Battery=0.0%, Waits=1219
[21:07:39] [Tick 1395] Pos=(18, 6), Heading=WEST, State=CHARGING, Action=WAITING, Priority=0.0, Battery=0.0%, Waits=1220
[21:07:40] [Tick 1396] Pos=(18, 6), Heading=WEST, State=CHARGING, Action=WAITING, Priority=0.0, Battery=0.0%, Waits=1221
[21:07:40] [Tick 1397] Pos=(18, 6), Heading=WEST, State=CHARGING, Action=WAITING, Priority=0.0, Battery=0.0%, Waits=1222
[21:07:41] [Tick 1398] Pos=(18, 6), Heading=WEST, State=CHARGING, Action=WAITING, Priority=0.0, Battery=0.0%, Waits=1223
[21:07:41] [Tick 1399] Pos=(18, 6), Heading=WEST, State=CHARGING, Action=WAITING, Priority=0.0, Battery=0.0%, Waits=1224
[21:07:42] [Tick 1400] Pos=(18, 6), Heading=WEST, State=CHARGING, Action=WAITING, Priority=0.0, Battery=0.0%, Waits=1225
[21:07:42] [Tick 1401] Pos=(18, 6), Heading=WEST, State=CHARGING, Action=WAITING, Priority=0.0, Battery=0.0%, Waits=1226
[21:07:43] [Tick 1402] Pos=(18, 6), Heading=WEST, State=CHARGING, Action=WAITING, Priority=0.0, Battery=0.0%, Waits=1227
[21:07:43] [Tick 1403] Pos=(18, 6), Heading=WEST, State=CHARGING, Action=WAITING, Priority=0.0, Battery=0.0%, Waits=1228
[21:07:44] [Tick 1404] Pos=(18, 6), Heading=WEST, State=CHARGING, Action=WAITING, Priority=0.0, Battery=0.0%, Waits=1229
[21:07:44] [Tick 1405] Pos=(18, 6), Heading=WEST, State=CHARGING, Action=WAITING, Priority=0.0, Battery=0.0%, Waits=1230
[21:07:45] [Tick 1406] Pos=(18, 6), Heading=WEST, State=CHARGING, Action=WAITING, Priority=0.0, Battery=0.0%, Waits=1231
[21:07:45] [Tick 1407] Pos=(18, 6), Heading=WEST, State=CHARGING, Action=WAITING, Priority=0.0, Battery=0.0%, Waits=1232
[21:07:46] [Tick 1408] Pos=(18, 6), Heading=WEST, State=CHARGING, Action=WAITING, Priority=0.0, Battery=0.0%, Waits=1233
[21:07:46] [Tick 1409] Pos=(18, 6), Heading=WEST, State=CHARGING, Action=WAITING, Priority=0.0, Battery=0.0%, Waits=1234
[21:07:47] [Tick 1410] Pos=(18, 6), Heading=WEST, State=CHARGING, Action=WAITING, Priority=0.0, Battery=0.0%, Waits=1235
[21:07:47] [Tick 1411] Pos=(18, 6), Heading=WEST, State=CHARGING, Action=WAITING, Priority=0.0, Battery=0.0%, Waits=1236
[21:07:48] [Tick 1412] Pos=(18, 6), Heading=WEST, State=CHARGING, Action=WAITING, Priority=0.0, Battery=0.0%, Waits=1237
[21:07:48] [Tick 1413] Pos=(18, 6), Heading=WEST, State=CHARGING, Action=WAITING, Priority=0.0, Battery=0.0%, Waits=1238
[21:07:49] [Tick 1414] Pos=(18, 6), Heading=WEST, State=CHARGING, Action=WAITING, Priority=0.0, Battery=0.0%, Waits=1239
[21:07:49] [Tick 1415] Pos=(18, 6), Heading=WEST, State=CHARGING, Action=WAITING, Priority=0.0, Battery=0.0%, Waits=1240
[21:07:50] [Tick 1416] Pos=(18, 6), Heading=WEST, State=CHARGING, Action=WAITING, Priority=0.0, Battery=0.0%, Waits=1241
[21:07:50] [Tick 1417] Pos=(18, 6), Heading=WEST, State=CHARGING, Action=WAITING, Priority=0.0, Battery=0.0%, Waits=1242
[21:07:51] [Tick 1418] Pos=(18, 6), Heading=WEST, State=CHARGING, Action=WAITING, Priority=0.0, Battery=0.0%, Waits=1243
[21:07:51] [Tick 1419] Pos=(18, 6), Heading=WEST, State=CHARGING, Action=WAITING, Priority=0.0, Battery=0.0%, Waits=1244
[21:07:52] [Tick 1420] Pos=(18, 6), Heading=WEST, State=CHARGING, Action=WAITING, Priority=0.0, Battery=0.0%, Waits=1245
[21:07:52] [Tick 1421] Pos=(18, 6), Heading=WEST, State=CHARGING, Action=WAITING, Priority=0.0, Battery=0.0%, Waits=1246
[21:07:53] [Tick 1422] Pos=(18, 6), Heading=WEST, State=CHARGING, Action=WAITING, Priority=0.0, Battery=0.0%, Waits=1247
[21:07:53] [Tick 1423] Pos=(18, 6), Heading=WEST, State=CHARGING, Action=WAITING, Priority=0.0, Battery=0.0%, Waits=1248
[21:07:54] [Tick 1424] Pos=(18, 6), Heading=WEST, State=CHARGING, Action=WAITING, Priority=0.0, Battery=0.0%, Waits=1249
[21:07:54] [Tick 1425] Pos=(18, 6), Heading=WEST, State=CHARGING, Action=WAITING, Priority=0.0, Battery=0.0%, Waits=1250
[21:07:55] [Tick 1426] Pos=(18, 6), Heading=WEST, State=CHARGING, Action=WAITING, Priority=0.0, Battery=0.0%, Waits=1251
[21:07:55] [Tick 1427] Pos=(18, 6), Heading=WEST, State=CHARGING, Action=WAITING, Priority=0.0, Battery=0.0%, Waits=1252
[21:07:56] [Tick 1428] Pos=(18, 6), Heading=WEST, State=CHARGING, Action=WAITING, Priority=0.0, Battery=0.0%, Waits=1253
[21:07:56] [Tick 1429] Pos=(18, 6), Heading=WEST, State=CHARGING, Action=WAITING, Priority=0.0, Battery=0.0%, Waits=1254
[21:07:57] [Tick 1430] Pos=(18, 6), Heading=WEST, State=CHARGING, Action=WAITING, Priority=0.0, Battery=0.0%, Waits=1255
[21:07:57] [Tick 1431] Pos=(18, 6), Heading=WEST, State=CHARGING, Action=WAITING, Priority=0.0, Battery=0.0%, Waits=1256
[21:07:58] [Tick 1432] Pos=(18, 6), Heading=WEST, State=CHARGING, Action=WAITING, Priority=0.0, Battery=0.0%, Waits=1257
[21:07:58] [Tick 1433] Pos=(18, 6), Heading=WEST, State=CHARGING, Action=WAITING, Priority=0.0, Battery=0.0%, Waits=1258
[21:07:59] [Tick 1434] Pos=(18, 6), Heading=WEST, State=CHARGING, Action=WAITING, Priority=0.0, Battery=0.0%, Waits=1259
[21:07:59] [Tick 1435] Pos=(18, 6), Heading=WEST, State=CHARGING, Action=WAITING, Priority=0.0, Battery=0.0%, Waits=1260
[21:08:00] [Tick 1436] Pos=(18, 6), Heading=WEST, State=CHARGING, Action=WAITING, Priority=0.0, Battery=0.0%, Waits=1261
[21:08:00] [Tick 1437] Pos=(18, 6), Heading=WEST, State=CHARGING, Action=WAITING, Priority=0.0, Battery=0.0%, Waits=1262
[21:08:01] [Tick 1438] Pos=(18, 6), Heading=WEST, State=CHARGING, Action=WAITING, Priority=0.0, Battery=0.0%, Waits=1263
[21:08:01] [Tick 1439] Pos=(18, 6), Heading=WEST, State=CHARGING, Action=WAITING, Priority=0.0, Battery=0.0%, Waits=1264
[21:08:02] [Tick 1440] Pos=(18, 6), Heading=WEST, State=CHARGING, Action=WAITING, Priority=0.0, Battery=0.0%, Waits=1265
[21:08:02] [Tick 1441] Pos=(18, 6), Heading=WEST, State=CHARGING, Action=WAITING, Priority=0.0, Battery=0.0%, Waits=1266
[21:08:03] [Tick 1442] Pos=(18, 6), Heading=WEST, State=CHARGING, Action=WAITING, Priority=0.0, Battery=0.0%, Waits=1267
[21:08:03] [Tick 1443] Pos=(18, 6), Heading=WEST, State=CHARGING, Action=WAITING, Priority=0.0, Battery=0.0%, Waits=1268
[21:08:04] [Tick 1444] Pos=(18, 6), Heading=WEST, State=CHARGING, Action=WAITING, Priority=0.0, Battery=0.0%, Waits=1269
[21:08:04] [Tick 1445] Pos=(18, 6), Heading=WEST, State=CHARGING, Action=WAITING, Priority=0.0, Battery=0.0%, Waits=1270
[21:08:05] [Tick 1446] Pos=(18, 6), Heading=WEST, State=CHARGING, Action=WAITING, Priority=0.0, Battery=0.0%, Waits=1271
[21:08:05] [Tick 1447] Pos=(18, 6), Heading=WEST, State=CHARGING, Action=WAITING, Priority=0.0, Battery=0.0%, Waits=1272
[21:08:06] [Tick 1448] Pos=(18, 6), Heading=WEST, State=CHARGING, Action=WAITING, Priority=0.0, Battery=0.0%, Waits=1273
[21:08:06] [Tick 1449] Pos=(18, 6), Heading=WEST, State=CHARGING, Action=WAITING, Priority=0.0, Battery=0.0%, Waits=1274
[21:08:07] [Tick 1450] Pos=(18, 6), Heading=WEST, State=CHARGING, Action=WAITING, Priority=0.0, Battery=0.0%, Waits=1275
[21:08:07] [Tick 1451] Pos=(18, 6), Heading=WEST, State=CHARGING, Action=WAITING, Priority=0.0, Battery=0.0%, Waits=1276
[21:08:08] [Tick 1452] Pos=(18, 6), Heading=WEST, State=CHARGING, Action=WAITING, Priority=0.0, Battery=0.0%, Waits=1277
[21:08:08] [Tick 1453] Pos=(18, 6), Heading=WEST, State=CHARGING, Action=WAITING, Priority=0.0, Battery=0.0%, Waits=1278
[21:08:09] [Tick 1454] Pos=(18, 6), Heading=WEST, State=CHARGING, Action=WAITING, Priority=0.0, Battery=0.0%, Waits=1279
[21:08:09] [Tick 1455] Pos=(18, 6), Heading=WEST, State=CHARGING, Action=WAITING, Priority=0.0, Battery=0.0%, Waits=1280
[21:08:10] [Tick 1456] Pos=(18, 6), Heading=WEST, State=CHARGING, Action=WAITING, Priority=0.0, Battery=0.0%, Waits=1281
[21:08:10] [Tick 1457] Pos=(18, 6), Heading=WEST, State=CHARGING, Action=WAITING, Priority=0.0, Battery=0.0%, Waits=1282
[21:08:11] [Tick 1458] Pos=(18, 6), Heading=WEST, State=CHARGING, Action=WAITING, Priority=0.0, Battery=0.0%, Waits=1283
[21:08:11] [Tick 1459] Pos=(18, 6), Heading=WEST, State=CHARGING, Action=WAITING, Priority=0.0, Battery=0.0%, Waits=1284
[21:08:12] [Tick 1460] Pos=(18, 6), Heading=WEST, State=CHARGING, Action=WAITING, Priority=0.0, Battery=0.0%, Waits=1285
[21:08:12] [Tick 1461] Pos=(18, 6), Heading=WEST, State=CHARGING, Action=WAITING, Priority=0.0, Battery=0.0%, Waits=1286
[21:08:13] [Tick 1462] Pos=(18, 6), Heading=WEST, State=CHARGING, Action=WAITING, Priority=0.0, Battery=0.0%, Waits=1287
[21:08:13] [Tick 1463] Pos=(18, 6), Heading=WEST, State=CHARGING, Action=WAITING, Priority=0.0, Battery=0.0%, Waits=1288
[21:08:14] [Tick 1464] Pos=(18, 6), Heading=WEST, State=CHARGING, Action=WAITING, Priority=0.0, Battery=0.0%, Waits=1289
[21:08:14] [Tick 1465] Pos=(18, 6), Heading=WEST, State=CHARGING, Action=WAITING, Priority=0.0, Battery=0.0%, Waits=1290
[21:08:15] [Tick 1466] Pos=(18, 6), Heading=WEST, State=CHARGING, Action=WAITING, Priority=0.0, Battery=0.0%, Waits=1291
[21:08:15] [Tick 1467] Pos=(18, 6), Heading=WEST, State=CHARGING, Action=WAITING, Priority=0.0, Battery=0.0%, Waits=1292
[21:08:16] [Tick 1468] Pos=(18, 6), Heading=WEST, State=CHARGING, Action=WAITING, Priority=0.0, Battery=0.0%, Waits=1293
[21:08:16] [Tick 1469] Pos=(18, 6), Heading=WEST, State=CHARGING, Action=WAITING, Priority=0.0, Battery=0.0%, Waits=1294
[21:08:17] [Tick 1470] Pos=(18, 6), Heading=WEST, State=CHARGING, Action=WAITING, Priority=0.0, Battery=0.0%, Waits=1295
[21:08:17] [Tick 1471] Pos=(18, 6), Heading=WEST, State=CHARGING, Action=WAITING, Priority=0.0, Battery=0.0%, Waits=1296
[21:08:18] [Tick 1472] Pos=(18, 6), Heading=WEST, State=CHARGING, Action=WAITING, Priority=0.0, Battery=0.0%, Waits=1297
[21:08:18] [Tick 1473] Pos=(18, 6), Heading=WEST, State=CHARGING, Action=WAITING, Priority=0.0, Battery=0.0%, Waits=1298
[21:08:19] [Tick 1474] Pos=(18, 6), Heading=WEST, State=CHARGING, Action=WAITING, Priority=0.0, Battery=0.0%, Waits=1299
[21:08:19] [Tick 1475] Pos=(18, 6), Heading=WEST, State=CHARGING, Action=WAITING, Priority=0.0, Battery=0.0%, Waits=1300
[21:08:20] [Tick 1476] Pos=(18, 6), Heading=WEST, State=CHARGING, Action=WAITING, Priority=0.0, Battery=0.0%, Waits=1301
[21:08:20] [Tick 1477] Pos=(18, 6), Heading=WEST, State=CHARGING, Action=WAITING, Priority=0.0, Battery=0.0%, Waits=1302
[21:08:21] [Tick 1478] Pos=(18, 6), Heading=WEST, State=CHARGING, Action=WAITING, Priority=0.0, Battery=0.0%, Waits=1303
[21:08:21] [Tick 1479] Pos=(18, 6), Heading=WEST, State=CHARGING, Action=WAITING, Priority=0.0, Battery=0.0%, Waits=1304
[21:08:22] [Tick 1480] Pos=(18, 6), Heading=WEST, State=CHARGING, Action=WAITING, Priority=0.0, Battery=0.0%, Waits=1305
[21:08:22] [Tick 1481] Pos=(18, 6), Heading=WEST, State=CHARGING, Action=WAITING, Priority=0.0, Battery=0.0%, Waits=1306
[21:08:23] [Tick 1482] Pos=(18, 6), Heading=WEST, State=CHARGING, Action=WAITING, Priority=0.0, Battery=0.0%, Waits=1307
[21:08:23] [Tick 1483] Pos=(18, 6), Heading=WEST, State=CHARGING, Action=WAITING, Priority=0.0, Battery=0.0%, Waits=1308
[21:08:24] [Tick 1484] Pos=(18, 6), Heading=WEST, State=CHARGING, Action=WAITING, Priority=0.0, Battery=0.0%, Waits=1309
[21:08:25] [Tick 1485] Pos=(18, 6), Heading=WEST, State=CHARGING, Action=WAITING, Priority=0.0, Battery=0.0%, Waits=1310
[21:08:25] [Tick 1486] Pos=(18, 6), Heading=WEST, State=CHARGING, Action=WAITING, Priority=0.0, Battery=0.0%, Waits=1311
[21:08:26] [Tick 1487] Pos=(18, 6), Heading=WEST, State=CHARGING, Action=WAITING, Priority=0.0, Battery=0.0%, Waits=1312
[21:08:26] [Tick 1488] Pos=(18, 6), Heading=WEST, State=CHARGING, Action=WAITING, Priority=0.0, Battery=0.0%, Waits=1313
[21:08:27] [Tick 1489] Pos=(18, 6), Heading=WEST, State=CHARGING, Action=WAITING, Priority=0.0, Battery=0.0%, Waits=1314
[21:08:27] [Tick 1490] Pos=(18, 6), Heading=WEST, State=CHARGING, Action=WAITING, Priority=0.0, Battery=0.0%, Waits=1315
[21:08:28] [Tick 1491] Pos=(18, 6), Heading=WEST, State=CHARGING, Action=WAITING, Priority=0.0, Battery=0.0%, Waits=1316
[21:08:28] [Tick 1492] Pos=(18, 6), Heading=WEST, State=CHARGING, Action=WAITING, Priority=0.0, Battery=0.0%, Waits=1317
[21:08:29] [Tick 1493] Pos=(18, 6), Heading=WEST, State=CHARGING, Action=WAITING, Priority=0.0, Battery=0.0%, Waits=1318
[21:08:29] [Tick 1494] Pos=(18, 6), Heading=WEST, State=CHARGING, Action=WAITING, Priority=0.0, Battery=0.0%, Waits=1319
[21:08:30] [Tick 1495] Pos=(18, 6), Heading=WEST, State=CHARGING, Action=WAITING, Priority=0.0, Battery=0.0%, Waits=1320
[21:08:30] [Tick 1496] Pos=(18, 6), Heading=WEST, State=CHARGING, Action=WAITING, Priority=0.0, Battery=0.0%, Waits=1321
[21:08:31] [Tick 1497] Pos=(18, 6), Heading=WEST, State=CHARGING, Action=WAITING, Priority=0.0, Battery=0.0%, Waits=1322
[21:08:31] [Tick 1498] Pos=(18, 6), Heading=WEST, State=CHARGING, Action=WAITING, Priority=0.0, Battery=0.0%, Waits=1323
[21:08:32] [Tick 1499] Pos=(18, 6), Heading=WEST, State=CHARGING, Action=WAITING, Priority=0.0, Battery=0.0%, Waits=1324
[21:08:32] [Tick 1500] Pos=(18, 6), Heading=WEST, State=CHARGING, Action=WAITING, Priority=0.0, Battery=0.0%, Waits=1325
[21:08:33] [Tick 1501] Pos=(18, 6), Heading=WEST, State=CHARGING, Action=WAITING, Priority=0.0, Battery=0.0%, Waits=1326
[21:08:33] [Tick 1502] Pos=(18, 6), Heading=WEST, State=CHARGING, Action=WAITING, Priority=0.0, Battery=0.0%, Waits=1327
[21:08:34] [Tick 1503] Pos=(18, 6), Heading=WEST, State=CHARGING, Action=WAITING, Priority=0.0, Battery=0.0%, Waits=1328
[21:08:34] [Tick 1504] Pos=(18, 6), Heading=WEST, State=CHARGING, Action=WAITING, Priority=0.0, Battery=0.0%, Waits=1329
[21:08:35] [Tick 1505] Pos=(18, 6), Heading=WEST, State=CHARGING, Action=WAITING, Priority=0.0, Battery=0.0%, Waits=1330
[21:08:35] [Tick 1506] Pos=(18, 6), Heading=WEST, State=CHARGING, Action=WAITING, Priority=0.0, Battery=0.0%, Waits=1331
[21:08:36] [Tick 1507] Pos=(18, 6), Heading=WEST, State=CHARGING, Action=WAITING, Priority=0.0, Battery=0.0%, Waits=1332
[21:08:36] [Tick 1508] Pos=(18, 6), Heading=WEST, State=CHARGING, Action=WAITING, Priority=0.0, Battery=0.0%, Waits=1333
[21:08:37] [Tick 1509] Pos=(18, 6), Heading=WEST, State=CHARGING, Action=WAITING, Priority=0.0, Battery=0.0%, Waits=1334
[21:08:37] [Tick 1510] Pos=(18, 6), Heading=WEST, State=CHARGING, Action=WAITING, Priority=0.0, Battery=0.0%, Waits=1335
[21:08:38] [Tick 1511] Pos=(18, 6), Heading=WEST, State=CHARGING, Action=WAITING, Priority=0.0, Battery=0.0%, Waits=1336
[21:08:38] [Tick 1512] Pos=(18, 6), Heading=WEST, State=CHARGING, Action=WAITING, Priority=0.0, Battery=0.0%, Waits=1337
[21:08:39] [Tick 1513] Pos=(18, 6), Heading=WEST, State=CHARGING, Action=WAITING, Priority=0.0, Battery=0.0%, Waits=1338
[21:08:39] [Tick 1514] Pos=(18, 6), Heading=WEST, State=CHARGING, Action=WAITING, Priority=0.0, Battery=0.0%, Waits=1339
[21:08:40] [Tick 1515] Pos=(18, 6), Heading=WEST, State=CHARGING, Action=WAITING, Priority=0.0, Battery=0.0%, Waits=1340
[21:08:40] [Tick 1516] Pos=(18, 6), Heading=WEST, State=CHARGING, Action=WAITING, Priority=0.0, Battery=0.0%, Waits=1341
[21:08:41] [Tick 1517] Pos=(18, 6), Heading=WEST, State=CHARGING, Action=WAITING, Priority=0.0, Battery=0.0%, Waits=1342
[21:08:41] [Tick 1518] Pos=(18, 6), Heading=WEST, State=CHARGING, Action=WAITING, Priority=0.0, Battery=0.0%, Waits=1343
[21:08:42] [Tick 1519] Pos=(18, 6), Heading=WEST, State=CHARGING, Action=WAITING, Priority=0.0, Battery=0.0%, Waits=1344
[21:08:42] [Tick 1520] Pos=(18, 6), Heading=WEST, State=CHARGING, Action=WAITING, Priority=0.0, Battery=0.0%, Waits=1345
[21:08:43] [Tick 1521] Pos=(18, 6), Heading=WEST, State=CHARGING, Action=WAITING, Priority=0.0, Battery=0.0%, Waits=1346
[21:08:43] [Tick 1522] Pos=(18, 6), Heading=WEST, State=CHARGING, Action=WAITING, Priority=0.0, Battery=0.0%, Waits=1347
[21:08:44] [Tick 1523] Pos=(18, 6), Heading=WEST, State=CHARGING, Action=WAITING, Priority=0.0, Battery=0.0%, Waits=1348
[21:08:44] [Tick 1524] Pos=(18, 6), Heading=WEST, State=CHARGING, Action=WAITING, Priority=0.0, Battery=0.0%, Waits=1349
[21:08:45] [Tick 1525] Pos=(18, 6), Heading=WEST, State=CHARGING, Action=WAITING, Priority=0.0, Battery=0.0%, Waits=1350
[21:08:45] [Tick 1526] Pos=(18, 6), Heading=WEST, State=CHARGING, Action=WAITING, Priority=0.0, Battery=0.0%, Waits=1351
[21:08:46] [Tick 1527] Pos=(18, 6), Heading=WEST, State=CHARGING, Action=WAITING, Priority=0.0, Battery=0.0%, Waits=1352
[21:08:46] [Tick 1528] Pos=(18, 6), Heading=WEST, State=CHARGING, Action=WAITING, Priority=0.0, Battery=0.0%, Waits=1353
[21:08:47] [Tick 1529] Pos=(18, 6), Heading=WEST, State=CHARGING, Action=WAITING, Priority=0.0, Battery=0.0%, Waits=1354
[21:08:47] [Tick 1530] Pos=(18, 6), Heading=WEST, State=CHARGING, Action=WAITING, Priority=0.0, Battery=0.0%, Waits=1355
[21:08:48] [Tick 1531] Pos=(18, 6), Heading=WEST, State=CHARGING, Action=WAITING, Priority=0.0, Battery=0.0%, Waits=1356
[21:08:48] [Tick 1532] Pos=(18, 6), Heading=WEST, State=CHARGING, Action=WAITING, Priority=0.0, Battery=0.0%, Waits=1357
[21:08:49] [Tick 1533] Pos=(18, 6), Heading=WEST, State=CHARGING, Action=WAITING, Priority=0.0, Battery=0.0%, Waits=1358
[21:08:49] [Tick 1534] Pos=(18, 6), Heading=WEST, State=CHARGING, Action=WAITING, Priority=0.0, Battery=0.0%, Waits=1359
[21:08:50] [Tick 1535] Pos=(18, 6), Heading=WEST, State=CHARGING, Action=WAITING, Priority=0.0, Battery=0.0%, Waits=1360
[21:08:50] [Tick 1536] Pos=(18, 6), Heading=WEST, State=CHARGING, Action=WAITING, Priority=0.0, Battery=0.0%, Waits=1361
[21:08:51] [Tick 1537] Pos=(18, 6), Heading=WEST, State=CHARGING, Action=WAITING, Priority=0.0, Battery=0.0%, Waits=1362
[21:08:51] [Tick 1538] Pos=(18, 6), Heading=WEST, State=CHARGING, Action=WAITING, Priority=0.0, Battery=0.0%, Waits=1363
[21:08:52] [Tick 1539] Pos=(18, 6), Heading=WEST, State=CHARGING, Action=WAITING, Priority=0.0, Battery=0.0%, Waits=1364
[21:08:52] [Tick 1540] Pos=(18, 6), Heading=WEST, State=CHARGING, Action=WAITING, Priority=0.0, Battery=0.0%, Waits=1365
[21:08:53] [Tick 1541] Pos=(18, 6), Heading=WEST, State=CHARGING, Action=WAITING, Priority=0.0, Battery=0.0%, Waits=1366
[21:08:53] [Tick 1542] Pos=(18, 6), Heading=WEST, State=CHARGING, Action=WAITING, Priority=0.0, Battery=0.0%, Waits=1367
[21:08:54] [Tick 1543] Pos=(18, 6), Heading=WEST, State=CHARGING, Action=WAITING, Priority=0.0, Battery=0.0%, Waits=1368
[21:08:54] [Tick 1544] Pos=(18, 6), Heading=WEST, State=CHARGING, Action=WAITING, Priority=0.0, Battery=0.0%, Waits=1369
[21:08:55] [Tick 1545] Pos=(18, 6), Heading=WEST, State=CHARGING, Action=WAITING, Priority=0.0, Battery=0.0%, Waits=1370
[21:08:55] [Tick 1546] Pos=(18, 6), Heading=WEST, State=CHARGING, Action=WAITING, Priority=0.0, Battery=0.0%, Waits=1371
[21:08:56] [Tick 1547] Pos=(18, 6), Heading=WEST, State=CHARGING, Action=WAITING, Priority=0.0, Battery=0.0%, Waits=1372
[21:08:56] [Tick 1548] Pos=(18, 6), Heading=WEST, State=CHARGING, Action=WAITING, Priority=0.0, Battery=0.0%, Waits=1373
[21:08:57] [Tick 1549] Pos=(18, 6), Heading=WEST, State=CHARGING, Action=WAITING, Priority=0.0, Battery=0.0%, Waits=1374
[21:08:57] [Tick 1550] Pos=(18, 6), Heading=WEST, State=CHARGING, Action=WAITING, Priority=0.0, Battery=0.0%, Waits=1375
[21:08:58] [Tick 1551] Pos=(18, 6), Heading=WEST, State=CHARGING, Action=WAITING, Priority=0.0, Battery=0.0%, Waits=1376
[21:08:58] [Tick 1552] Pos=(18, 6), Heading=WEST, State=CHARGING, Action=WAITING, Priority=0.0, Battery=0.0%, Waits=1377
[21:08:59] [Tick 1553] Pos=(18, 6), Heading=WEST, State=CHARGING, Action=WAITING, Priority=0.0, Battery=0.0%, Waits=1378
[21:08:59] [Tick 1554] Pos=(18, 6), Heading=WEST, State=CHARGING, Action=WAITING, Priority=0.0, Battery=0.0%, Waits=1379
[21:09:00] [Tick 1555] Pos=(18, 6), Heading=WEST, State=CHARGING, Action=WAITING, Priority=0.0, Battery=0.0%, Waits=1380
[21:09:00] [Tick 1556] Pos=(18, 6), Heading=WEST, State=CHARGING, Action=WAITING, Priority=0.0, Battery=0.0%, Waits=1381
[21:09:01] [Tick 1557] Pos=(18, 6), Heading=WEST, State=CHARGING, Action=WAITING, Priority=0.0, Battery=0.0%, Waits=1382
[21:09:01] [Tick 1558] Pos=(18, 6), Heading=WEST, State=CHARGING, Action=WAITING, Priority=0.0, Battery=0.0%, Waits=1383
[21:09:02] [Tick 1559] Pos=(18, 6), Heading=WEST, State=CHARGING, Action=WAITING, Priority=0.0, Battery=0.0%, Waits=1384
[21:09:02] [Tick 1560] Pos=(18, 6), Heading=WEST, State=CHARGING, Action=WAITING, Priority=0.0, Battery=0.0%, Waits=1385
[21:09:03] [Tick 1561] Pos=(18, 6), Heading=WEST, State=CHARGING, Action=WAITING, Priority=0.0, Battery=0.0%, Waits=1386
[21:09:03] [Tick 1562] Pos=(18, 6), Heading=WEST, State=CHARGING, Action=WAITING, Priority=0.0, Battery=0.0%, Waits=1387
[21:09:04] [Tick 1563] Pos=(18, 6), Heading=WEST, State=CHARGING, Action=WAITING, Priority=0.0, Battery=0.0%, Waits=1388
[21:09:04] [Tick 1564] Pos=(18, 6), Heading=WEST, State=CHARGING, Action=WAITING, Priority=0.0, Battery=0.0%, Waits=1389
[21:09:05] [Tick 1565] Pos=(18, 6), Heading=WEST, State=CHARGING, Action=WAITING, Priority=0.0, Battery=0.0%, Waits=1390
[21:09:05] [Tick 1566] Pos=(18, 6), Heading=WEST, State=CHARGING, Action=WAITING, Priority=0.0, Battery=0.0%, Waits=1391
[21:09:06] [Tick 1567] Pos=(18, 6), Heading=WEST, State=CHARGING, Action=WAITING, Priority=0.0, Battery=0.0%, Waits=1392
[21:09:06] [Tick 1568] Pos=(18, 6), Heading=WEST, State=CHARGING, Action=WAITING, Priority=0.0, Battery=0.0%, Waits=1393
[21:09:07] [Tick 1569] Pos=(18, 6), Heading=WEST, State=CHARGING, Action=WAITING, Priority=0.0, Battery=0.0%, Waits=1394
[21:09:07] [Tick 1570] Pos=(18, 6), Heading=WEST, State=CHARGING, Action=WAITING, Priority=0.0, Battery=0.0%, Waits=1395
[21:09:08] [Tick 1571] Pos=(18, 6), Heading=WEST, State=CHARGING, Action=WAITING, Priority=0.0, Battery=0.0%, Waits=1396
[21:09:08] [Tick 1572] Pos=(18, 6), Heading=WEST, State=CHARGING, Action=WAITING, Priority=0.0, Battery=0.0%, Waits=1397
[21:09:09] [Tick 1573] Pos=(18, 6), Heading=WEST, State=CHARGING, Action=WAITING, Priority=0.0, Battery=0.0%, Waits=1398
[21:09:09] [Tick 1574] Pos=(18, 6), Heading=WEST, State=CHARGING, Action=WAITING, Priority=0.0, Battery=0.0%, Waits=1399
[21:09:10] [Tick 1575] Pos=(18, 6), Heading=WEST, State=CHARGING, Action=WAITING, Priority=0.0, Battery=0.0%, Waits=1400
[21:09:10] [Tick 1576] Pos=(18, 6), Heading=WEST, State=CHARGING, Action=WAITING, Priority=0.0, Battery=0.0%, Waits=1401
[21:09:11] [Tick 1577] Pos=(18, 6), Heading=WEST, State=CHARGING, Action=WAITING, Priority=0.0, Battery=0.0%, Waits=1402
[21:09:11] [Tick 1578] Pos=(18, 6), Heading=WEST, State=CHARGING, Action=WAITING, Priority=0.0, Battery=0.0%, Waits=1403
[21:09:12] [Tick 1579] Pos=(18, 6), Heading=WEST, State=CHARGING, Action=WAITING, Priority=0.0, Battery=0.0%, Waits=1404
[21:09:12] [Tick 1580] Pos=(18, 6), Heading=WEST, State=CHARGING, Action=WAITING, Priority=0.0, Battery=0.0%, Waits=1405
[21:09:13] [Tick 1581] Pos=(18, 6), Heading=WEST, State=CHARGING, Action=WAITING, Priority=0.0, Battery=0.0%, Waits=1406
[21:09:13] [Tick 1582] Pos=(18, 6), Heading=WEST, State=CHARGING, Action=WAITING, Priority=0.0, Battery=0.0%, Waits=1407
[21:09:14] [Tick 1583] Pos=(18, 6), Heading=WEST, State=CHARGING, Action=WAITING, Priority=0.0, Battery=0.0%, Waits=1408
[21:09:14] [Tick 1584] Pos=(18, 6), Heading=WEST, State=CHARGING, Action=WAITING, Priority=0.0, Battery=0.0%, Waits=1409
[21:09:15] [Tick 1585] Pos=(18, 6), Heading=WEST, State=CHARGING, Action=WAITING, Priority=0.0, Battery=0.0%, Waits=1410
[21:09:15] [Tick 1586] Pos=(18, 6), Heading=WEST, State=CHARGING, Action=WAITING, Priority=0.0, Battery=0.0%, Waits=1411
[21:09:16] [Tick 1587] Pos=(18, 6), Heading=WEST, State=CHARGING, Action=WAITING, Priority=0.0, Battery=0.0%, Waits=1412
[21:09:16] [Tick 1588] Pos=(18, 6), Heading=WEST, State=CHARGING, Action=WAITING, Priority=0.0, Battery=0.0%, Waits=1413
[21:09:17] [Tick 1589] Pos=(18, 6), Heading=WEST, State=CHARGING, Action=WAITING, Priority=0.0, Battery=0.0%, Waits=1414
[21:09:17] [Tick 1590] Pos=(18, 6), Heading=WEST, State=CHARGING, Action=WAITING, Priority=0.0, Battery=0.0%, Waits=1415
[21:09:18] [Tick 1591] Pos=(18, 6), Heading=WEST, State=CHARGING, Action=WAITING, Priority=0.0, Battery=0.0%, Waits=1416
[21:09:18] [Tick 1592] Pos=(18, 6), Heading=WEST, State=CHARGING, Action=WAITING, Priority=0.0, Battery=0.0%, Waits=1417
[21:09:19] [Tick 1593] Pos=(18, 6), Heading=WEST, State=CHARGING, Action=WAITING, Priority=0.0, Battery=0.0%, Waits=1418
[21:09:19] [Tick 1594] Pos=(18, 6), Heading=WEST, State=CHARGING, Action=WAITING, Priority=0.0, Battery=0.0%, Waits=1419
[21:09:20] [Tick 1595] Pos=(18, 6), Heading=WEST, State=CHARGING, Action=WAITING, Priority=0.0, Battery=0.0%, Waits=1420
[21:09:20] [Tick 1596] Pos=(18, 6), Heading=WEST, State=CHARGING, Action=WAITING, Priority=0.0, Battery=0.0%, Waits=1421
[21:09:21] [Tick 1597] Pos=(18, 6), Heading=WEST, State=CHARGING, Action=WAITING, Priority=0.0, Battery=0.0%, Waits=1422
[21:09:21] [Tick 1598] Pos=(18, 6), Heading=WEST, State=CHARGING, Action=WAITING, Priority=0.0, Battery=0.0%, Waits=1423
[21:09:22] [Tick 1599] Pos=(18, 6), Heading=WEST, State=CHARGING, Action=WAITING, Priority=0.0, Battery=0.0%, Waits=1424
[21:09:22] [Tick 1600] Pos=(18, 6), Heading=WEST, State=CHARGING, Action=WAITING, Priority=0.0, Battery=0.0%, Waits=1425
[21:09:23] [Tick 1601] Pos=(18, 6), Heading=WEST, State=CHARGING, Action=WAITING, Priority=0.0, Battery=0.0%, Waits=1426
[21:09:23] [Tick 1602] Pos=(18, 6), Heading=WEST, State=CHARGING, Action=WAITING, Priority=0.0, Battery=0.0%, Waits=1427
[21:09:24] [Tick 1603] Pos=(18, 6), Heading=WEST, State=CHARGING, Action=WAITING, Priority=0.0, Battery=0.0%, Waits=1428
[21:09:24] [Tick 1604] Pos=(18, 6), Heading=WEST, State=CHARGING, Action=WAITING, Priority=0.0, Battery=0.0%, Waits=1429
[21:09:25] [Tick 1605] Pos=(18, 6), Heading=WEST, State=CHARGING, Action=WAITING, Priority=0.0, Battery=0.0%, Waits=1430
[21:09:25] [Tick 1606] Pos=(18, 6), Heading=WEST, State=CHARGING, Action=WAITING, Priority=0.0, Battery=0.0%, Waits=1431
[21:09:26] [Tick 1607] Pos=(18, 6), Heading=WEST, State=CHARGING, Action=WAITING, Priority=0.0, Battery=0.0%, Waits=1432
[21:09:26] [Tick 1608] Pos=(18, 6), Heading=WEST, State=CHARGING, Action=WAITING, Priority=0.0, Battery=0.0%, Waits=1433
[21:09:27] [Tick 1609] Pos=(18, 6), Heading=WEST, State=CHARGING, Action=WAITING, Priority=0.0, Battery=0.0%, Waits=1434
[21:09:27] [Tick 1610] Pos=(18, 6), Heading=WEST, State=CHARGING, Action=WAITING, Priority=0.0, Battery=0.0%, Waits=1435
[21:09:28] [Tick 1611] Pos=(18, 6), Heading=WEST, State=CHARGING, Action=WAITING, Priority=0.0, Battery=0.0%, Waits=1436
[21:09:28] [Tick 1612] Pos=(18, 6), Heading=WEST, State=CHARGING, Action=WAITING, Priority=0.0, Battery=0.0%, Waits=1437
[21:09:29] [Tick 1613] Pos=(18, 6), Heading=WEST, State=CHARGING, Action=WAITING, Priority=0.0, Battery=0.0%, Waits=1438
[21:09:29] [Tick 1614] Pos=(18, 6), Heading=WEST, State=CHARGING, Action=WAITING, Priority=0.0, Battery=0.0%, Waits=1439
[21:09:30] [Tick 1615] Pos=(18, 6), Heading=WEST, State=CHARGING, Action=WAITING, Priority=0.0, Battery=0.0%, Waits=1440
[21:09:30] [Tick 1616] Pos=(18, 6), Heading=WEST, State=CHARGING, Action=WAITING, Priority=0.0, Battery=0.0%, Waits=1441
[21:09:31] [Tick 1617] Pos=(18, 6), Heading=WEST, State=CHARGING, Action=WAITING, Priority=0.0, Battery=0.0%, Waits=1442
[21:09:31] [Tick 1618] Pos=(18, 6), Heading=WEST, State=CHARGING, Action=WAITING, Priority=0.0, Battery=0.0%, Waits=1443
[21:09:32] [Tick 1619] Pos=(18, 6), Heading=WEST, State=CHARGING, Action=WAITING, Priority=0.0, Battery=0.0%, Waits=1444
[21:09:32] [Tick 1620] Pos=(18, 6), Heading=WEST, State=CHARGING, Action=WAITING, Priority=0.0, Battery=0.0%, Waits=1445
[21:09:33] [Tick 1621] Pos=(18, 6), Heading=WEST, State=CHARGING, Action=WAITING, Priority=0.0, Battery=0.0%, Waits=1446
[21:09:33] [Tick 1622] Pos=(18, 6), Heading=WEST, State=CHARGING, Action=WAITING, Priority=0.0, Battery=0.0%, Waits=1447
[21:09:34] [Tick 1623] Pos=(18, 6), Heading=WEST, State=CHARGING, Action=WAITING, Priority=0.0, Battery=0.0%, Waits=1448
[21:09:34] [Tick 1624] Pos=(18, 6), Heading=WEST, State=CHARGING, Action=WAITING, Priority=0.0, Battery=0.0%, Waits=1449
[21:09:35] [Tick 1625] Pos=(18, 6), Heading=WEST, State=CHARGING, Action=WAITING, Priority=0.0, Battery=0.0%, Waits=1450
[21:09:35] [Tick 1626] Pos=(18, 6), Heading=WEST, State=CHARGING, Action=WAITING, Priority=0.0, Battery=0.0%, Waits=1451
[21:09:36] [Tick 1627] Pos=(18, 6), Heading=WEST, State=CHARGING, Action=WAITING, Priority=0.0, Battery=0.0%, Waits=1452
[21:09:36] [Tick 1628] Pos=(18, 6), Heading=WEST, State=CHARGING, Action=WAITING, Priority=0.0, Battery=0.0%, Waits=1453
[21:09:37] [Tick 1629] Pos=(18, 6), Heading=WEST, State=CHARGING, Action=WAITING, Priority=0.0, Battery=0.0%, Waits=1454
[21:09:37] [Tick 1630] Pos=(18, 6), Heading=WEST, State=CHARGING, Action=WAITING, Priority=0.0, Battery=0.0%, Waits=1455
[21:09:38] [Tick 1631] Pos=(18, 6), Heading=WEST, State=CHARGING, Action=WAITING, Priority=0.0, Battery=0.0%, Waits=1456
[21:09:38] [Tick 1632] Pos=(18, 6), Heading=WEST, State=CHARGING, Action=WAITING, Priority=0.0, Battery=0.0%, Waits=1457
[21:09:39] [Tick 1633] Pos=(18, 6), Heading=WEST, State=CHARGING, Action=WAITING, Priority=0.0, Battery=0.0%, Waits=1458
[21:09:39] [Tick 1634] Pos=(18, 6), Heading=WEST, State=CHARGING, Action=WAITING, Priority=0.0, Battery=0.0%, Waits=1459
[21:09:40] [Tick 1635] Pos=(18, 6), Heading=WEST, State=CHARGING, Action=WAITING, Priority=0.0, Battery=0.0%, Waits=1460
[21:09:40] [Tick 1636] Pos=(18, 6), Heading=WEST, State=CHARGING, Action=WAITING, Priority=0.0, Battery=0.0%, Waits=1461
[21:09:41] [Tick 1637] Pos=(18, 6), Heading=WEST, State=CHARGING, Action=WAITING, Priority=0.0, Battery=0.0%, Waits=1462
[21:09:41] [Tick 1638] Pos=(18, 6), Heading=WEST, State=CHARGING, Action=WAITING, Priority=0.0, Battery=0.0%, Waits=1463
[21:09:42] [Tick 1639] Pos=(18, 6), Heading=WEST, State=CHARGING, Action=WAITING, Priority=0.0, Battery=0.0%, Waits=1464
[21:09:42] [Tick 1640] Pos=(18, 6), Heading=WEST, State=CHARGING, Action=WAITING, Priority=0.0, Battery=0.0%, Waits=1465
[21:09:43] [Tick 1641] Pos=(18, 6), Heading=WEST, State=CHARGING, Action=WAITING, Priority=0.0, Battery=0.0%, Waits=1466
[21:09:43] [Tick 1642] Pos=(18, 6), Heading=WEST, State=CHARGING, Action=WAITING, Priority=0.0, Battery=0.0%, Waits=1467
[21:09:44] [Tick 1643] Pos=(18, 6), Heading=WEST, State=CHARGING, Action=WAITING, Priority=0.0, Battery=0.0%, Waits=1468
[21:09:44] [Tick 1644] Pos=(18, 6), Heading=WEST, State=CHARGING, Action=WAITING, Priority=0.0, Battery=0.0%, Waits=1469
[21:09:45] [Tick 1645] Pos=(18, 6), Heading=WEST, State=CHARGING, Action=WAITING, Priority=0.0, Battery=0.0%, Waits=1470
[21:09:45] [Tick 1646] Pos=(18, 6), Heading=WEST, State=CHARGING, Action=WAITING, Priority=0.0, Battery=0.0%, Waits=1471
[21:09:46] [Tick 1647] Pos=(18, 6), Heading=WEST, State=CHARGING, Action=WAITING, Priority=0.0, Battery=0.0%, Waits=1472
[21:09:46] [Tick 1648] Pos=(18, 6), Heading=WEST, State=CHARGING, Action=WAITING, Priority=0.0, Battery=0.0%, Waits=1473
[21:09:47] [Tick 1649] Pos=(18, 6), Heading=WEST, State=CHARGING, Action=WAITING, Priority=0.0, Battery=0.0%, Waits=1474
[21:09:47] [Tick 1650] Pos=(18, 6), Heading=WEST, State=CHARGING, Action=WAITING, Priority=0.0, Battery=0.0%, Waits=1475
[21:09:48] [Tick 1651] Pos=(18, 6), Heading=WEST, State=CHARGING, Action=WAITING, Priority=0.0, Battery=0.0%, Waits=1476
[21:09:48] [Tick 1652] Pos=(18, 6), Heading=WEST, State=CHARGING, Action=WAITING, Priority=0.0, Battery=0.0%, Waits=1477
[21:09:49] [Tick 1653] Pos=(18, 6), Heading=WEST, State=CHARGING, Action=WAITING, Priority=0.0, Battery=0.0%, Waits=1478
[21:09:49] [Tick 1654] Pos=(18, 6), Heading=WEST, State=CHARGING, Action=WAITING, Priority=0.0, Battery=0.0%, Waits=1479
[21:09:50] [Tick 1655] Pos=(18, 6), Heading=WEST, State=CHARGING, Action=WAITING, Priority=0.0, Battery=0.0%, Waits=1480
[21:09:50] [Tick 1656] Pos=(18, 6), Heading=WEST, State=CHARGING, Action=WAITING, Priority=0.0, Battery=0.0%, Waits=1481
[21:09:51] [Tick 1657] Pos=(18, 6), Heading=WEST, State=CHARGING, Action=WAITING, Priority=0.0, Battery=0.0%, Waits=1482
[21:09:51] [Tick 1658] Pos=(18, 6), Heading=WEST, State=CHARGING, Action=WAITING, Priority=0.0, Battery=0.0%, Waits=1483
[21:09:52] [Tick 1659] Pos=(18, 6), Heading=WEST, State=CHARGING, Action=WAITING, Priority=0.0, Battery=0.0%, Waits=1484
[21:09:52] [Tick 1660] Pos=(18, 6), Heading=WEST, State=CHARGING, Action=WAITING, Priority=0.0, Battery=0.0%, Waits=1485
[21:09:53] [Tick 1661] Pos=(18, 6), Heading=WEST, State=CHARGING, Action=WAITING, Priority=0.0, Battery=0.0%, Waits=1486
[21:09:53] [Tick 1662] Pos=(18, 6), Heading=WEST, State=CHARGING, Action=WAITING, Priority=0.0, Battery=0.0%, Waits=1487
[21:09:54] [Tick 1663] Pos=(18, 6), Heading=WEST, State=CHARGING, Action=WAITING, Priority=0.0, Battery=0.0%, Waits=1488
[21:09:54] [Tick 1664] Pos=(18, 6), Heading=WEST, State=CHARGING, Action=WAITING, Priority=0.0, Battery=0.0%, Waits=1489
[21:09:55] [Tick 1665] Pos=(18, 6), Heading=WEST, State=CHARGING, Action=WAITING, Priority=0.0, Battery=0.0%, Waits=1490
[21:09:55] [Tick 1666] Pos=(18, 6), Heading=WEST, State=CHARGING, Action=WAITING, Priority=0.0, Battery=0.0%, Waits=1491
[21:09:56] [Tick 1667] Pos=(18, 6), Heading=WEST, State=CHARGING, Action=WAITING, Priority=0.0, Battery=0.0%, Waits=1492
[21:09:56] [Tick 1668] Pos=(18, 6), Heading=WEST, State=CHARGING, Action=WAITING, Priority=0.0, Battery=0.0%, Waits=1493
[21:09:57] [Tick 1669] Pos=(18, 6), Heading=WEST, State=CHARGING, Action=WAITING, Priority=0.0, Battery=0.0%, Waits=1494
[21:09:57] [Tick 1670] Pos=(18, 6), Heading=WEST, State=CHARGING, Action=WAITING, Priority=0.0, Battery=0.0%, Waits=1495
[21:09:58] [Tick 1671] Pos=(18, 6), Heading=WEST, State=CHARGING, Action=WAITING, Priority=0.0, Battery=0.0%, Waits=1496
[21:09:58] [Tick 1672] Pos=(18, 6), Heading=WEST, State=CHARGING, Action=WAITING, Priority=0.0, Battery=0.0%, Waits=1497
[21:09:59] [Tick 1673] Pos=(18, 6), Heading=WEST, State=CHARGING, Action=WAITING, Priority=0.0, Battery=0.0%, Waits=1498
[21:09:59] [Tick 1674] Pos=(18, 6), Heading=WEST, State=CHARGING, Action=WAITING, Priority=0.0, Battery=0.0%, Waits=1499
[21:10:00] [Tick 1675] Pos=(18, 6), Heading=WEST, State=CHARGING, Action=WAITING, Priority=0.0, Battery=0.0%, Waits=1500
[21:10:00] [Tick 1676] Pos=(18, 6), Heading=WEST, State=CHARGING, Action=WAITING, Priority=0.0, Battery=0.0%, Waits=1501
[21:10:01] [Tick 1677] Pos=(18, 6), Heading=WEST, State=CHARGING, Action=WAITING, Priority=0.0, Battery=0.0%, Waits=1502
[21:10:01] [Tick 1678] Pos=(18, 6), Heading=WEST, State=CHARGING, Action=WAITING, Priority=0.0, Battery=0.0%, Waits=1503
[21:10:02] [Tick 1679] Pos=(18, 6), Heading=WEST, State=CHARGING, Action=WAITING, Priority=0.0, Battery=0.0%, Waits=1504
[21:10:02] [Tick 1680] Pos=(18, 6), Heading=WEST, State=CHARGING, Action=WAITING, Priority=0.0, Battery=0.0%, Waits=1505
[21:10:03] [Tick 1681] Pos=(18, 6), Heading=WEST, State=CHARGING, Action=WAITING, Priority=0.0, Battery=0.0%, Waits=1506
[21:10:03] [Tick 1682] Pos=(18, 6), Heading=WEST, State=CHARGING, Action=WAITING, Priority=0.0, Battery=0.0%, Waits=1507
[21:10:04] [Tick 1683] Pos=(18, 6), Heading=WEST, State=CHARGING, Action=WAITING, Priority=0.0, Battery=0.0%, Waits=1508
[21:10:04] [Tick 1684] Pos=(18, 6), Heading=WEST, State=CHARGING, Action=WAITING, Priority=0.0, Battery=0.0%, Waits=1509
[21:10:05] [Tick 1685] Pos=(18, 6), Heading=WEST, State=CHARGING, Action=WAITING, Priority=0.0, Battery=0.0%, Waits=1510
[21:10:05] [Tick 1686] Pos=(18, 6), Heading=WEST, State=CHARGING, Action=WAITING, Priority=0.0, Battery=0.0%, Waits=1511
[21:10:06] [Tick 1687] Pos=(18, 6), Heading=WEST, State=CHARGING, Action=WAITING, Priority=0.0, Battery=0.0%, Waits=1512
[21:10:06] [Tick 1688] Pos=(18, 6), Heading=WEST, State=CHARGING, Action=WAITING, Priority=0.0, Battery=0.0%, Waits=1513
[21:10:07] [Tick 1689] Pos=(18, 6), Heading=WEST, State=CHARGING, Action=WAITING, Priority=0.0, Battery=0.0%, Waits=1514
[21:10:07] [Tick 1690] Pos=(18, 6), Heading=WEST, State=CHARGING, Action=WAITING, Priority=0.0, Battery=0.0%, Waits=1515
[21:10:08] [Tick 1691] Pos=(18, 6), Heading=WEST, State=CHARGING, Action=WAITING, Priority=0.0, Battery=0.0%, Waits=1516
[21:10:08] [Tick 1692] Pos=(18, 6), Heading=WEST, State=CHARGING, Action=WAITING, Priority=0.0, Battery=0.0%, Waits=1517
[21:10:09] [Tick 1693] Pos=(18, 6), Heading=WEST, State=CHARGING, Action=WAITING, Priority=0.0, Battery=0.0%, Waits=1518
[21:10:09] [Tick 1694] Pos=(18, 6), Heading=WEST, State=CHARGING, Action=WAITING, Priority=0.0, Battery=0.0%, Waits=1519
[21:10:10] [Tick 1695] Pos=(18, 6), Heading=WEST, State=CHARGING, Action=WAITING, Priority=0.0, Battery=0.0%, Waits=1520
[21:10:10] [Tick 1696] Pos=(18, 6), Heading=WEST, State=CHARGING, Action=WAITING, Priority=0.0, Battery=0.0%, Waits=1521
[21:10:11] [Tick 1697] Pos=(18, 6), Heading=WEST, State=CHARGING, Action=WAITING, Priority=0.0, Battery=0.0%, Waits=1522
[21:10:11] [Tick 1698] Pos=(18, 6), Heading=WEST, State=CHARGING, Action=WAITING, Priority=0.0, Battery=0.0%, Waits=1523
[21:10:12] [Tick 1699] Pos=(18, 6), Heading=WEST, State=CHARGING, Action=WAITING, Priority=0.0, Battery=0.0%, Waits=1524
[21:10:12] [Tick 1700] Pos=(18, 6), Heading=WEST, State=CHARGING, Action=WAITING, Priority=0.0, Battery=0.0%, Waits=1525
[21:10:13] [Tick 1701] Pos=(18, 6), Heading=WEST, State=CHARGING, Action=WAITING, Priority=0.0, Battery=0.0%, Waits=1526
[21:10:13] [Tick 1702] Pos=(18, 6), Heading=WEST, State=CHARGING, Action=WAITING, Priority=0.0, Battery=0.0%, Waits=1527
[21:10:14] [Tick 1703] Pos=(18, 6), Heading=WEST, State=CHARGING, Action=WAITING, Priority=0.0, Battery=0.0%, Waits=1528
[21:10:14] [Tick 1704] Pos=(18, 6), Heading=WEST, State=CHARGING, Action=WAITING, Priority=0.0, Battery=0.0%, Waits=1529
[21:10:15] [Tick 1705] Pos=(18, 6), Heading=WEST, State=CHARGING, Action=WAITING, Priority=0.0, Battery=0.0%, Waits=1530
[21:10:15] [Tick 1706] Pos=(18, 6), Heading=WEST, State=CHARGING, Action=WAITING, Priority=0.0, Battery=0.0%, Waits=1531
[21:10:16] [Tick 1707] Pos=(18, 6), Heading=WEST, State=CHARGING, Action=WAITING, Priority=0.0, Battery=0.0%, Waits=1532
[21:10:16] [Tick 1708] Pos=(18, 6), Heading=WEST, State=CHARGING, Action=WAITING, Priority=0.0, Battery=0.0%, Waits=1533
[21:10:17] [Tick 1709] Pos=(18, 6), Heading=WEST, State=CHARGING, Action=WAITING, Priority=0.0, Battery=0.0%, Waits=1534
[21:10:17] [Tick 1710] Pos=(18, 6), Heading=WEST, State=CHARGING, Action=WAITING, Priority=0.0, Battery=0.0%, Waits=1535
[21:10:18] [Tick 1711] Pos=(18, 6), Heading=WEST, State=CHARGING, Action=WAITING, Priority=0.0, Battery=0.0%, Waits=1536
[21:10:18] [Tick 1712] Pos=(18, 6), Heading=WEST, State=CHARGING, Action=WAITING, Priority=0.0, Battery=0.0%, Waits=1537
[21:10:19] [Tick 1713] Pos=(18, 6), Heading=WEST, State=CHARGING, Action=WAITING, Priority=0.0, Battery=0.0%, Waits=1538
[21:10:19] [Tick 1714] Pos=(18, 6), Heading=WEST, State=CHARGING, Action=WAITING, Priority=0.0, Battery=0.0%, Waits=1539
[21:10:20] [Tick 1715] Pos=(18, 6), Heading=WEST, State=CHARGING, Action=WAITING, Priority=0.0, Battery=0.0%, Waits=1540
[21:10:20] [Tick 1716] Pos=(18, 6), Heading=WEST, State=CHARGING, Action=WAITING, Priority=0.0, Battery=0.0%, Waits=1541
[21:10:21] [Tick 1717] Pos=(18, 6), Heading=WEST, State=CHARGING, Action=WAITING, Priority=0.0, Battery=0.0%, Waits=1542
[21:10:21] [Tick 1718] Pos=(18, 6), Heading=WEST, State=CHARGING, Action=WAITING, Priority=0.0, Battery=0.0%, Waits=1543
[21:10:22] [Tick 1719] Pos=(18, 6), Heading=WEST, State=CHARGING, Action=WAITING, Priority=0.0, Battery=0.0%, Waits=1544
[21:10:22] [Tick 1720] Pos=(18, 6), Heading=WEST, State=CHARGING, Action=WAITING, Priority=0.0, Battery=0.0%, Waits=1545
[21:10:23] [Tick 1721] Pos=(18, 6), Heading=WEST, State=CHARGING, Action=WAITING, Priority=0.0, Battery=0.0%, Waits=1546
[21:10:23] [Tick 1722] Pos=(18, 6), Heading=WEST, State=CHARGING, Action=WAITING, Priority=0.0, Battery=0.0%, Waits=1547
[21:10:24] [Tick 1723] Pos=(18, 6), Heading=WEST, State=CHARGING, Action=WAITING, Priority=0.0, Battery=0.0%, Waits=1548
[21:10:24] [Tick 1724] Pos=(18, 6), Heading=WEST, State=CHARGING, Action=WAITING, Priority=0.0, Battery=0.0%, Waits=1549
[21:10:25] [Tick 1725] Pos=(18, 6), Heading=WEST, State=CHARGING, Action=WAITING, Priority=0.0, Battery=0.0%, Waits=1550
[21:10:25] [Tick 1726] Pos=(18, 6), Heading=WEST, State=CHARGING, Action=WAITING, Priority=0.0, Battery=0.0%, Waits=1551
[21:10:26] [Tick 1727] Pos=(18, 6), Heading=WEST, State=CHARGING, Action=WAITING, Priority=0.0, Battery=0.0%, Waits=1552
[21:10:26] [Tick 1728] Pos=(18, 6), Heading=WEST, State=CHARGING, Action=WAITING, Priority=0.0, Battery=0.0%, Waits=1553
[21:10:27] [Tick 1729] Pos=(18, 6), Heading=WEST, State=CHARGING, Action=WAITING, Priority=0.0, Battery=0.0%, Waits=1554
[21:10:27] [Tick 1730] Pos=(18, 6), Heading=WEST, State=CHARGING, Action=WAITING, Priority=0.0, Battery=0.0%, Waits=1555
[21:10:28] [Tick 1731] Pos=(18, 6), Heading=WEST, State=CHARGING, Action=WAITING, Priority=0.0, Battery=0.0%, Waits=1556
[21:10:28] [Tick 1732] Pos=(18, 6), Heading=WEST, State=CHARGING, Action=WAITING, Priority=0.0, Battery=0.0%, Waits=1557
[21:10:29] [Tick 1733] Pos=(18, 6), Heading=WEST, State=CHARGING, Action=WAITING, Priority=0.0, Battery=0.0%, Waits=1558
[21:10:29] [Tick 1734] Pos=(18, 6), Heading=WEST, State=CHARGING, Action=WAITING, Priority=0.0, Battery=0.0%, Waits=1559
[21:10:30] [Tick 1735] Pos=(18, 6), Heading=WEST, State=CHARGING, Action=WAITING, Priority=0.0, Battery=0.0%, Waits=1560
[21:10:30] [Tick 1736] Pos=(18, 6), Heading=WEST, State=CHARGING, Action=WAITING, Priority=0.0, Battery=0.0%, Waits=1561
[21:10:31] [Tick 1737] Pos=(18, 6), Heading=WEST, State=CHARGING, Action=WAITING, Priority=0.0, Battery=0.0%, Waits=1562
[21:10:31] [Tick 1738] Pos=(18, 6), Heading=WEST, State=CHARGING, Action=WAITING, Priority=0.0, Battery=0.0%, Waits=1563
[21:10:32] [Tick 1739] Pos=(18, 6), Heading=WEST, State=CHARGING, Action=WAITING, Priority=0.0, Battery=0.0%, Waits=1564
[21:10:32] [Tick 1740] Pos=(18, 6), Heading=WEST, State=CHARGING, Action=WAITING, Priority=0.0, Battery=0.0%, Waits=1565
[21:10:33] [Tick 1741] Pos=(18, 6), Heading=WEST, State=CHARGING, Action=WAITING, Priority=0.0, Battery=0.0%, Waits=1566
[21:10:33] [Tick 1742] Pos=(18, 6), Heading=WEST, State=CHARGING, Action=WAITING, Priority=0.0, Battery=0.0%, Waits=1567
[21:10:34] [Tick 1743] Pos=(18, 6), Heading=WEST, State=CHARGING, Action=WAITING, Priority=0.0, Battery=0.0%, Waits=1568
[21:10:34] [Tick 1744] Pos=(18, 6), Heading=WEST, State=CHARGING, Action=WAITING, Priority=0.0, Battery=0.0%, Waits=1569
[21:10:35] [Tick 1745] Pos=(18, 6), Heading=WEST, State=CHARGING, Action=WAITING, Priority=0.0, Battery=0.0%, Waits=1570
[21:10:35] [Tick 1746] Pos=(18, 6), Heading=WEST, State=CHARGING, Action=WAITING, Priority=0.0, Battery=0.0%, Waits=1571
[21:10:36] [Tick 1747] Pos=(18, 6), Heading=WEST, State=CHARGING, Action=WAITING, Priority=0.0, Battery=0.0%, Waits=1572
[21:10:36] [Tick 1748] Pos=(18, 6), Heading=WEST, State=CHARGING, Action=WAITING, Priority=0.0, Battery=0.0%, Waits=1573
[21:10:37] [Tick 1749] Pos=(18, 6), Heading=WEST, State=CHARGING, Action=WAITING, Priority=0.0, Battery=0.0%, Waits=1574
[21:10:37] [Tick 1750] Pos=(18, 6), Heading=WEST, State=CHARGING, Action=WAITING, Priority=0.0, Battery=0.0%, Waits=1575
[21:10:38] [Tick 1751] Pos=(18, 6), Heading=WEST, State=CHARGING, Action=WAITING, Priority=0.0, Battery=0.0%, Waits=1576
[21:10:38] [Tick 1752] Pos=(18, 6), Heading=WEST, State=CHARGING, Action=WAITING, Priority=0.0, Battery=0.0%, Waits=1577
[21:10:39] [Tick 1753] Pos=(18, 6), Heading=WEST, State=CHARGING, Action=WAITING, Priority=0.0, Battery=0.0%, Waits=1578
[21:10:39] [Tick 1754] Pos=(18, 6), Heading=WEST, State=CHARGING, Action=WAITING, Priority=0.0, Battery=0.0%, Waits=1579
[21:10:40] [Tick 1755] Pos=(18, 6), Heading=WEST, State=CHARGING, Action=WAITING, Priority=0.0, Battery=0.0%, Waits=1580
[21:10:40] [Tick 1756] Pos=(18, 6), Heading=WEST, State=CHARGING, Action=WAITING, Priority=0.0, Battery=0.0%, Waits=1581
[21:10:41] [Tick 1757] Pos=(18, 6), Heading=WEST, State=CHARGING, Action=WAITING, Priority=0.0, Battery=0.0%, Waits=1582
[21:10:41] [Tick 1758] Pos=(18, 6), Heading=WEST, State=CHARGING, Action=WAITING, Priority=0.0, Battery=0.0%, Waits=1583
[21:10:42] [Tick 1759] Pos=(18, 6), Heading=WEST, State=CHARGING, Action=WAITING, Priority=0.0, Battery=0.0%, Waits=1584
[21:10:42] [Tick 1760] Pos=(18, 6), Heading=WEST, State=CHARGING, Action=WAITING, Priority=0.0, Battery=0.0%, Waits=1585
[21:10:43] [Tick 1761] Pos=(18, 6), Heading=WEST, State=CHARGING, Action=WAITING, Priority=0.0, Battery=0.0%, Waits=1586
[21:10:43] [Tick 1762] Pos=(18, 6), Heading=WEST, State=CHARGING, Action=WAITING, Priority=0.0, Battery=0.0%, Waits=1587
[21:10:44] [Tick 1763] Pos=(18, 6), Heading=WEST, State=CHARGING, Action=WAITING, Priority=0.0, Battery=0.0%, Waits=1588
[21:10:44] [Tick 1764] Pos=(18, 6), Heading=WEST, State=CHARGING, Action=WAITING, Priority=0.0, Battery=0.0%, Waits=1589
[21:10:45] [Tick 1765] Pos=(18, 6), Heading=WEST, State=CHARGING, Action=WAITING, Priority=0.0, Battery=0.0%, Waits=1590
[21:10:45] [Tick 1766] Pos=(18, 6), Heading=WEST, State=CHARGING, Action=WAITING, Priority=0.0, Battery=0.0%, Waits=1591
[21:10:46] [Tick 1767] Pos=(18, 6), Heading=WEST, State=CHARGING, Action=WAITING, Priority=0.0, Battery=0.0%, Waits=1592
[21:10:46] [Tick 1768] Pos=(18, 6), Heading=WEST, State=CHARGING, Action=WAITING, Priority=0.0, Battery=0.0%, Waits=1593
[21:10:47] [Tick 1769] Pos=(18, 6), Heading=WEST, State=CHARGING, Action=WAITING, Priority=0.0, Battery=0.0%, Waits=1594
[21:10:47] [Tick 1770] Pos=(18, 6), Heading=WEST, State=CHARGING, Action=WAITING, Priority=0.0, Battery=0.0%, Waits=1595
[21:10:48] [Tick 1771] Pos=(18, 6), Heading=WEST, State=CHARGING, Action=WAITING, Priority=0.0, Battery=0.0%, Waits=1596
[21:10:48] [Tick 1772] Pos=(18, 6), Heading=WEST, State=CHARGING, Action=WAITING, Priority=0.0, Battery=0.0%, Waits=1597
[21:10:49] [Tick 1773] Pos=(18, 6), Heading=WEST, State=CHARGING, Action=WAITING, Priority=0.0, Battery=0.0%, Waits=1598
[21:10:49] [Tick 1774] Pos=(18, 6), Heading=WEST, State=CHARGING, Action=WAITING, Priority=0.0, Battery=0.0%, Waits=1599
[21:10:50] [Tick 1775] Pos=(18, 6), Heading=WEST, State=CHARGING, Action=WAITING, Priority=0.0, Battery=0.0%, Waits=1600
[21:10:50] [Tick 1776] Pos=(18, 6), Heading=WEST, State=CHARGING, Action=WAITING, Priority=0.0, Battery=0.0%, Waits=1601
[21:10:51] [Tick 1777] Pos=(18, 6), Heading=WEST, State=CHARGING, Action=WAITING, Priority=0.0, Battery=0.0%, Waits=1602
[21:10:51] [Tick 1778] Pos=(18, 6), Heading=WEST, State=CHARGING, Action=WAITING, Priority=0.0, Battery=0.0%, Waits=1603
[21:10:52] [Tick 1779] Pos=(18, 6), Heading=WEST, State=CHARGING, Action=WAITING, Priority=0.0, Battery=0.0%, Waits=1604
[21:10:52] [Tick 1780] Pos=(18, 6), Heading=WEST, State=CHARGING, Action=WAITING, Priority=0.0, Battery=0.0%, Waits=1605
[21:10:53] [Tick 1781] Pos=(18, 6), Heading=WEST, State=CHARGING, Action=WAITING, Priority=0.0, Battery=0.0%, Waits=1606
[21:10:53] [Tick 1782] Pos=(18, 6), Heading=WEST, State=CHARGING, Action=WAITING, Priority=0.0, Battery=0.0%, Waits=1607
[21:10:54] [Tick 1783] Pos=(18, 6), Heading=WEST, State=CHARGING, Action=WAITING, Priority=0.0, Battery=0.0%, Waits=1608
[21:10:54] [Tick 1784] Pos=(18, 6), Heading=WEST, State=CHARGING, Action=WAITING, Priority=0.0, Battery=0.0%, Waits=1609
[21:10:55] [Tick 1785] Pos=(18, 6), Heading=WEST, State=CHARGING, Action=WAITING, Priority=0.0, Battery=0.0%, Waits=1610
[21:10:55] [Tick 1786] Pos=(18, 6), Heading=WEST, State=CHARGING, Action=WAITING, Priority=0.0, Battery=0.0%, Waits=1611
[21:10:56] [Tick 1787] Pos=(18, 6), Heading=WEST, State=CHARGING, Action=WAITING, Priority=0.0, Battery=0.0%, Waits=1612
[21:10:56] [Tick 1788] Pos=(18, 6), Heading=WEST, State=CHARGING, Action=WAITING, Priority=0.0, Battery=0.0%, Waits=1613
[21:10:57] [Tick 1789] Pos=(18, 6), Heading=WEST, State=CHARGING, Action=WAITING, Priority=0.0, Battery=0.0%, Waits=1614
[21:10:57] [Tick 1790] Pos=(18, 6), Heading=WEST, State=CHARGING, Action=WAITING, Priority=0.0, Battery=0.0%, Waits=1615
[21:10:58] [Tick 1791] Pos=(18, 6), Heading=WEST, State=CHARGING, Action=WAITING, Priority=0.0, Battery=0.0%, Waits=1616
[21:10:58] [Tick 1792] Pos=(18, 6), Heading=WEST, State=CHARGING, Action=WAITING, Priority=0.0, Battery=0.0%, Waits=1617
[21:10:59] [Tick 1793] Pos=(18, 6), Heading=WEST, State=CHARGING, Action=WAITING, Priority=0.0, Battery=0.0%, Waits=1618
[21:10:59] [Tick 1794] Pos=(18, 6), Heading=WEST, State=CHARGING, Action=WAITING, Priority=0.0, Battery=0.0%, Waits=1619
[21:11:00] [Tick 1795] Pos=(18, 6), Heading=WEST, State=CHARGING, Action=WAITING, Priority=0.0, Battery=0.0%, Waits=1620
[21:11:00] [Tick 1796] Pos=(18, 6), Heading=WEST, State=CHARGING, Action=WAITING, Priority=0.0, Battery=0.0%, Waits=1621
[21:11:01] [Tick 1797] Pos=(18, 6), Heading=WEST, State=CHARGING, Action=WAITING, Priority=0.0, Battery=0.0%, Waits=1622
[21:11:01] [Tick 1798] Pos=(18, 6), Heading=WEST, State=CHARGING, Action=WAITING, Priority=0.0, Battery=0.0%, Waits=1623
[21:11:02] [Tick 1799] Pos=(18, 6), Heading=WEST, State=CHARGING, Action=WAITING, Priority=0.0, Battery=0.0%, Waits=1624
[21:11:02] [Tick 1800] Pos=(18, 6), Heading=WEST, State=CHARGING, Action=WAITING, Priority=0.0, Battery=0.0%, Waits=1625
[21:11:03] [Tick 1801] Pos=(18, 6), Heading=WEST, State=CHARGING, Action=WAITING, Priority=0.0, Battery=0.0%, Waits=1626
[21:11:03] [Tick 1802] Pos=(18, 6), Heading=WEST, State=CHARGING, Action=WAITING, Priority=0.0, Battery=0.0%, Waits=1627
[21:11:04] [Tick 1803] Pos=(18, 6), Heading=WEST, State=CHARGING, Action=WAITING, Priority=0.0, Battery=0.0%, Waits=1628
[21:11:04] [Tick 1804] Pos=(18, 6), Heading=WEST, State=CHARGING, Action=WAITING, Priority=0.0, Battery=0.0%, Waits=1629
[21:11:05] [Tick 1805] Pos=(18, 6), Heading=WEST, State=CHARGING, Action=WAITING, Priority=0.0, Battery=0.0%, Waits=1630
[21:11:05] [Tick 1806] Pos=(18, 6), Heading=WEST, State=CHARGING, Action=WAITING, Priority=0.0, Battery=0.0%, Waits=1631
[21:11:06] [Tick 1807] Pos=(18, 6), Heading=WEST, State=CHARGING, Action=WAITING, Priority=0.0, Battery=0.0%, Waits=1632
[21:11:06] [Tick 1808] Pos=(18, 6), Heading=WEST, State=CHARGING, Action=WAITING, Priority=0.0, Battery=0.0%, Waits=1633
[21:11:07] [Tick 1809] Pos=(18, 6), Heading=WEST, State=CHARGING, Action=WAITING, Priority=0.0, Battery=0.0%, Waits=1634
[21:11:07] [Tick 1810] Pos=(18, 6), Heading=WEST, State=CHARGING, Action=WAITING, Priority=0.0, Battery=0.0%, Waits=1635
[21:11:08] [Tick 1811] Pos=(18, 6), Heading=WEST, State=CHARGING, Action=WAITING, Priority=0.0, Battery=0.0%, Waits=1636
[21:11:08] [Tick 1812] Pos=(18, 6), Heading=WEST, State=CHARGING, Action=WAITING, Priority=0.0, Battery=0.0%, Waits=1637
[21:11:09] [Tick 1813] Pos=(18, 6), Heading=WEST, State=CHARGING, Action=WAITING, Priority=0.0, Battery=0.0%, Waits=1638
[21:11:09] [Tick 1814] Pos=(18, 6), Heading=WEST, State=CHARGING, Action=WAITING, Priority=0.0, Battery=0.0%, Waits=1639
[21:11:10] [Tick 1815] Pos=(18, 6), Heading=WEST, State=CHARGING, Action=WAITING, Priority=0.0, Battery=0.0%, Waits=1640
[21:11:10] [Tick 1816] Pos=(18, 6), Heading=WEST, State=CHARGING, Action=WAITING, Priority=0.0, Battery=0.0%, Waits=1641
[21:11:11] [Tick 1817] Pos=(18, 6), Heading=WEST, State=CHARGING, Action=WAITING, Priority=0.0, Battery=0.0%, Waits=1642
[21:11:11] [Tick 1818] Pos=(18, 6), Heading=WEST, State=CHARGING, Action=WAITING, Priority=0.0, Battery=0.0%, Waits=1643
[21:11:12] [Tick 1819] Pos=(18, 6), Heading=WEST, State=CHARGING, Action=WAITING, Priority=0.0, Battery=0.0%, Waits=1644
[21:11:12] [Tick 1820] Pos=(18, 6), Heading=WEST, State=CHARGING, Action=WAITING, Priority=0.0, Battery=0.0%, Waits=1645
[21:11:13] [Tick 1821] Pos=(18, 6), Heading=WEST, State=CHARGING, Action=WAITING, Priority=0.0, Battery=0.0%, Waits=1646
[21:11:13] [Tick 1822] Pos=(18, 6), Heading=WEST, State=CHARGING, Action=WAITING, Priority=0.0, Battery=0.0%, Waits=1647
[21:11:14] [Tick 1823] Pos=(18, 6), Heading=WEST, State=CHARGING, Action=WAITING, Priority=0.0, Battery=0.0%, Waits=1648
[21:11:14] [Tick 1824] Pos=(18, 6), Heading=WEST, State=CHARGING, Action=WAITING, Priority=0.0, Battery=0.0%, Waits=1649
[21:11:15] [Tick 1825] Pos=(18, 6), Heading=WEST, State=CHARGING, Action=WAITING, Priority=0.0, Battery=0.0%, Waits=1650
[21:11:15] [Tick 1826] Pos=(18, 6), Heading=WEST, State=CHARGING, Action=WAITING, Priority=0.0, Battery=0.0%, Waits=1651
[21:11:16] [Tick 1827] Pos=(18, 6), Heading=WEST, State=CHARGING, Action=WAITING, Priority=0.0, Battery=0.0%, Waits=1652
[21:11:16] [Tick 1828] Pos=(18, 6), Heading=WEST, State=CHARGING, Action=WAITING, Priority=0.0, Battery=0.0%, Waits=1653
[21:11:17] [Tick 1829] Pos=(18, 6), Heading=WEST, State=CHARGING, Action=WAITING, Priority=0.0, Battery=0.0%, Waits=1654
[21:11:17] [Tick 1830] Pos=(18, 6), Heading=WEST, State=CHARGING, Action=WAITING, Priority=0.0, Battery=0.0%, Waits=1655
[21:11:18] [Tick 1831] Pos=(18, 6), Heading=WEST, State=CHARGING, Action=WAITING, Priority=0.0, Battery=0.0%, Waits=1656
[21:11:18] [Tick 1832] Pos=(18, 6), Heading=WEST, State=CHARGING, Action=WAITING, Priority=0.0, Battery=0.0%, Waits=1657
[21:11:19] [Tick 1833] Pos=(18, 6), Heading=WEST, State=CHARGING, Action=WAITING, Priority=0.0, Battery=0.0%, Waits=1658
[21:11:19] [Tick 1834] Pos=(18, 6), Heading=WEST, State=CHARGING, Action=WAITING, Priority=0.0, Battery=0.0%, Waits=1659
[21:11:20] [Tick 1835] Pos=(18, 6), Heading=WEST, State=CHARGING, Action=WAITING, Priority=0.0, Battery=0.0%, Waits=1660
[21:11:20] [Tick 1836] Pos=(18, 6), Heading=WEST, State=CHARGING, Action=WAITING, Priority=0.0, Battery=0.0%, Waits=1661
[21:11:21] [Tick 1837] Pos=(18, 6), Heading=WEST, State=CHARGING, Action=WAITING, Priority=0.0, Battery=0.0%, Waits=1662
[21:11:21] [Tick 1838] Pos=(18, 6), Heading=WEST, State=CHARGING, Action=WAITING, Priority=0.0, Battery=0.0%, Waits=1663
[21:11:22] [Tick 1839] Pos=(18, 6), Heading=WEST, State=CHARGING, Action=WAITING, Priority=0.0, Battery=0.0%, Waits=1664
[21:11:22] [Tick 1840] Pos=(18, 6), Heading=WEST, State=CHARGING, Action=WAITING, Priority=0.0, Battery=0.0%, Waits=1665
[21:11:23] [Tick 1841] Pos=(18, 6), Heading=WEST, State=CHARGING, Action=WAITING, Priority=0.0, Battery=0.0%, Waits=1666
[21:11:23] [Tick 1842] Pos=(18, 6), Heading=WEST, State=CHARGING, Action=WAITING, Priority=0.0, Battery=0.0%, Waits=1667
[21:11:24] [Tick 1843] Pos=(18, 6), Heading=WEST, State=CHARGING, Action=WAITING, Priority=0.0, Battery=0.0%, Waits=1668
[21:11:24] [Tick 1844] Pos=(18, 6), Heading=WEST, State=CHARGING, Action=WAITING, Priority=0.0, Battery=0.0%, Waits=1669
[21:11:25] [Tick 1845] Pos=(18, 6), Heading=WEST, State=CHARGING, Action=WAITING, Priority=0.0, Battery=0.0%, Waits=1670
[21:11:25] [Tick 1846] Pos=(18, 6), Heading=WEST, State=CHARGING, Action=WAITING, Priority=0.0, Battery=0.0%, Waits=1671
[21:11:26] [Tick 1847] Pos=(18, 6), Heading=WEST, State=CHARGING, Action=WAITING, Priority=0.0, Battery=0.0%, Waits=1672
[21:11:26] [Tick 1848] Pos=(18, 6), Heading=WEST, State=CHARGING, Action=WAITING, Priority=0.0, Battery=0.0%, Waits=1673
[21:11:27] [Tick 1849] Pos=(18, 6), Heading=WEST, State=CHARGING, Action=WAITING, Priority=0.0, Battery=0.0%, Waits=1674
[21:11:27] [Tick 1850] Pos=(18, 6), Heading=WEST, State=CHARGING, Action=WAITING, Priority=0.0, Battery=0.0%, Waits=1675
[21:11:28] [Tick 1851] Pos=(18, 6), Heading=WEST, State=CHARGING, Action=WAITING, Priority=0.0, Battery=0.0%, Waits=1676
[21:11:28] [Tick 1852] Pos=(18, 6), Heading=WEST, State=CHARGING, Action=WAITING, Priority=0.0, Battery=0.0%, Waits=1677
[21:11:29] [Tick 1853] Pos=(18, 6), Heading=WEST, State=CHARGING, Action=WAITING, Priority=0.0, Battery=0.0%, Waits=1678
[21:11:29] [Tick 1854] Pos=(18, 6), Heading=WEST, State=CHARGING, Action=WAITING, Priority=0.0, Battery=0.0%, Waits=1679
[21:11:30] [Tick 1855] Pos=(18, 6), Heading=WEST, State=CHARGING, Action=WAITING, Priority=0.0, Battery=0.0%, Waits=1680
[21:11:30] [Tick 1856] Pos=(18, 6), Heading=WEST, State=CHARGING, Action=WAITING, Priority=0.0, Battery=0.0%, Waits=1681
[21:11:31] [Tick 1857] Pos=(18, 6), Heading=WEST, State=CHARGING, Action=WAITING, Priority=0.0, Battery=0.0%, Waits=1682
[21:11:31] [Tick 1858] Pos=(18, 6), Heading=WEST, State=CHARGING, Action=WAITING, Priority=0.0, Battery=0.0%, Waits=1683
[21:11:32] [Tick 1859] Pos=(18, 6), Heading=WEST, State=CHARGING, Action=WAITING, Priority=0.0, Battery=0.0%, Waits=1684
[21:11:32] [Tick 1860] Pos=(18, 6), Heading=WEST, State=CHARGING, Action=WAITING, Priority=0.0, Battery=0.0%, Waits=1685
[21:11:33] [Tick 1861] Pos=(18, 6), Heading=WEST, State=CHARGING, Action=WAITING, Priority=0.0, Battery=0.0%, Waits=1686
[21:11:33] [Tick 1862] Pos=(18, 6), Heading=WEST, State=CHARGING, Action=WAITING, Priority=0.0, Battery=0.0%, Waits=1687
[21:11:34] [Tick 1863] Pos=(18, 6), Heading=WEST, State=CHARGING, Action=WAITING, Priority=0.0, Battery=0.0%, Waits=1688
[21:11:34] [Tick 1864] Pos=(18, 6), Heading=WEST, State=CHARGING, Action=WAITING, Priority=0.0, Battery=0.0%, Waits=1689
[21:11:35] [Tick 1865] Pos=(18, 6), Heading=WEST, State=CHARGING, Action=WAITING, Priority=0.0, Battery=0.0%, Waits=1690
[21:11:35] [Tick 1866] Pos=(18, 6), Heading=WEST, State=CHARGING, Action=WAITING, Priority=0.0, Battery=0.0%, Waits=1691
[21:11:36] [Tick 1867] Pos=(18, 6), Heading=WEST, State=CHARGING, Action=WAITING, Priority=0.0, Battery=0.0%, Waits=1692
[21:11:36] [Tick 1868] Pos=(18, 6), Heading=WEST, State=CHARGING, Action=WAITING, Priority=0.0, Battery=0.0%, Waits=1693
[21:11:37] [Tick 1869] Pos=(18, 6), Heading=WEST, State=CHARGING, Action=WAITING, Priority=0.0, Battery=0.0%, Waits=1694
[21:11:37] [Tick 1870] Pos=(18, 6), Heading=WEST, State=CHARGING, Action=WAITING, Priority=0.0, Battery=0.0%, Waits=1695
[21:11:38] [Tick 1871] Pos=(18, 6), Heading=WEST, State=CHARGING, Action=WAITING, Priority=0.0, Battery=0.0%, Waits=1696
[21:11:38] [Tick 1872] Pos=(18, 6), Heading=WEST, State=CHARGING, Action=WAITING, Priority=0.0, Battery=0.0%, Waits=1697
[21:11:39] [Tick 1873] Pos=(18, 6), Heading=WEST, State=CHARGING, Action=WAITING, Priority=0.0, Battery=0.0%, Waits=1698
[21:11:39] [Tick 1874] Pos=(18, 6), Heading=WEST, State=CHARGING, Action=WAITING, Priority=0.0, Battery=0.0%, Waits=1699
[21:11:40] [Tick 1875] Pos=(18, 6), Heading=WEST, State=CHARGING, Action=WAITING, Priority=0.0, Battery=0.0%, Waits=1700
[21:11:40] [Tick 1876] Pos=(18, 6), Heading=WEST, State=CHARGING, Action=WAITING, Priority=0.0, Battery=0.0%, Waits=1701
[21:11:41] [Tick 1877] Pos=(18, 6), Heading=WEST, State=CHARGING, Action=WAITING, Priority=0.0, Battery=0.0%, Waits=1702
[21:11:41] [Tick 1878] Pos=(18, 6), Heading=WEST, State=CHARGING, Action=WAITING, Priority=0.0, Battery=0.0%, Waits=1703
[21:11:42] [Tick 1879] Pos=(18, 6), Heading=WEST, State=CHARGING, Action=WAITING, Priority=0.0, Battery=0.0%, Waits=1704
[21:11:42] [Tick 1880] Pos=(18, 6), Heading=WEST, State=CHARGING, Action=WAITING, Priority=0.0, Battery=0.0%, Waits=1705
[21:11:43] [Tick 1881] Pos=(18, 6), Heading=WEST, State=CHARGING, Action=WAITING, Priority=0.0, Battery=0.0%, Waits=1706
[21:11:43] [Tick 1882] Pos=(18, 6), Heading=WEST, State=CHARGING, Action=WAITING, Priority=0.0, Battery=0.0%, Waits=1707
[21:11:44] [Tick 1883] Pos=(18, 6), Heading=WEST, State=CHARGING, Action=WAITING, Priority=0.0, Battery=0.0%, Waits=1708
[21:11:44] [Tick 1884] Pos=(18, 6), Heading=WEST, State=CHARGING, Action=WAITING, Priority=0.0, Battery=0.0%, Waits=1709
[21:11:45] [Tick 1885] Pos=(18, 6), Heading=WEST, State=CHARGING, Action=WAITING, Priority=0.0, Battery=0.0%, Waits=1710
[21:11:45] [Tick 1886] Pos=(18, 6), Heading=WEST, State=CHARGING, Action=WAITING, Priority=0.0, Battery=0.0%, Waits=1711
[21:11:46] [Tick 1887] Pos=(18, 6), Heading=WEST, State=CHARGING, Action=WAITING, Priority=0.0, Battery=0.0%, Waits=1712
[21:11:46] [Tick 1888] Pos=(18, 6), Heading=WEST, State=CHARGING, Action=WAITING, Priority=0.0, Battery=0.0%, Waits=1713
[21:11:47] [Tick 1889] Pos=(18, 6), Heading=WEST, State=CHARGING, Action=WAITING, Priority=0.0, Battery=0.0%, Waits=1714
[21:11:47] [Tick 1890] Pos=(18, 6), Heading=WEST, State=CHARGING, Action=WAITING, Priority=0.0, Battery=0.0%, Waits=1715
[21:11:48] [Tick 1891] Pos=(18, 6), Heading=WEST, State=CHARGING, Action=WAITING, Priority=0.0, Battery=0.0%, Waits=1716
[21:11:48] [Tick 1892] Pos=(18, 6), Heading=WEST, State=CHARGING, Action=WAITING, Priority=0.0, Battery=0.0%, Waits=1717
[21:11:49] [Tick 1893] Pos=(18, 6), Heading=WEST, State=CHARGING, Action=WAITING, Priority=0.0, Battery=0.0%, Waits=1718
[21:11:49] [Tick 1894] Pos=(18, 6), Heading=WEST, State=CHARGING, Action=WAITING, Priority=0.0, Battery=0.0%, Waits=1719
[21:11:50] [Tick 1895] Pos=(18, 6), Heading=WEST, State=CHARGING, Action=WAITING, Priority=0.0, Battery=0.0%, Waits=1720
[21:11:50] [Tick 1896] Pos=(18, 6), Heading=WEST, State=CHARGING, Action=WAITING, Priority=0.0, Battery=0.0%, Waits=1721
[21:11:51] [Tick 1897] Pos=(18, 6), Heading=WEST, State=CHARGING, Action=WAITING, Priority=0.0, Battery=0.0%, Waits=1722
[21:11:51] [Tick 1898] Pos=(18, 6), Heading=WEST, State=CHARGING, Action=WAITING, Priority=0.0, Battery=0.0%, Waits=1723
[21:11:52] [Tick 1899] Pos=(18, 6), Heading=WEST, State=CHARGING, Action=WAITING, Priority=0.0, Battery=0.0%, Waits=1724
[21:11:52] [Tick 1900] Pos=(18, 6), Heading=WEST, State=CHARGING, Action=WAITING, Priority=0.0, Battery=0.0%, Waits=1725
[21:11:53] [Tick 1901] Pos=(18, 6), Heading=WEST, State=CHARGING, Action=WAITING, Priority=0.0, Battery=0.0%, Waits=1726
[21:11:53] [Tick 1902] Pos=(18, 6), Heading=WEST, State=CHARGING, Action=WAITING, Priority=0.0, Battery=0.0%, Waits=1727
[21:11:54] [Tick 1903] Pos=(18, 6), Heading=WEST, State=CHARGING, Action=WAITING, Priority=0.0, Battery=0.0%, Waits=1728
[21:11:54] [Tick 1904] Pos=(18, 6), Heading=WEST, State=CHARGING, Action=WAITING, Priority=0.0, Battery=0.0%, Waits=1729
