[14:55:42] Autonomous Robot Node initialized. PID=30224, Start=(19, 28), Goal=None
[14:55:42] [Tick 0] Pos=(19, 28), Heading=NORTH, State=IDLE, Action=IDLE, Priority=0.0, Battery=100.0%, Waits=0
[14:55:42] [Tick 1] Pos=(19, 28), Heading=NORTH, State=IDLE, Action=IDLE, Priority=0.0, Battery=100.0%, Waits=0
[14:55:43] [Tick 2] Pos=(19, 28), Heading=NORTH, State=IDLE, Action=IDLE, Priority=0.0, Battery=100.0%, Waits=0
[14:55:43] [Tick 3] Pos=(19, 28), Heading=NORTH, State=IDLE, Action=IDLE, Priority=0.0, Battery=100.0%, Waits=0
[14:55:44] [Tick 4] Pos=(19, 28), Heading=NORTH, State=IDLE, Action=IDLE, Priority=0.0, Battery=100.0%, Waits=0
[14:55:44] [Tick 5] Pos=(19, 28), Heading=NORTH, State=IDLE, Action=IDLE, Priority=0.0, Battery=100.0%, Waits=0
[14:55:45] [Tick 6] Pos=(19, 28), Heading=NORTH, State=IDLE, Action=IDLE, Priority=0.0, Battery=100.0%, Waits=0
[14:55:45] [Tick 7] Pos=(19, 28), Heading=NORTH, State=IDLE, Action=IDLE, Priority=0.0, Battery=100.0%, Waits=0
[14:55:46] [Tick 8] Pos=(19, 28), Heading=NORTH, State=IDLE, Action=IDLE, Priority=0.0, Battery=100.0%, Waits=0
[14:55:46] [Tick 9] Triggered background audit mission to (14, 12).
[14:55:46] [Tick 9] Pos=(19, 27), Heading=NORTH, State=AUDITING, Action=MOVED, Priority=0.0, Battery=99.0%, Waits=0
[14:55:47] [Tick 10] Pos=(19, 26), Heading=NORTH, State=AUDITING, Action=MOVED, Priority=0.0, Battery=98.0%, Waits=0
[14:55:47] [Tick 11] Pos=(19, 25), Heading=NORTH, State=AUDITING, Action=MOVED, Priority=0.0, Battery=97.0%, Waits=0
[14:55:48] [Tick 12] Pos=(19, 24), Heading=NORTH, State=AUDITING, Action=MOVED, Priority=0.0, Battery=96.0%, Waits=0
[14:55:48] [Tick 13] Pos=(19, 23), Heading=NORTH, State=AUDITING, Action=MOVED, Priority=0.0, Battery=95.0%, Waits=0
[14:55:49] [Tick 14] Pos=(19, 22), Heading=NORTH, State=AUDITING, Action=MOVED, Priority=0.0, Battery=94.0%, Waits=0
[14:55:49] [Tick 15] Pos=(19, 21), Heading=NORTH, State=AUDITING, Action=MOVED, Priority=0.0, Battery=93.0%, Waits=0
[14:55:50] [Tick 16] Pos=(19, 21), Heading=NORTH, State=AUDITING, Action=WAITING, Priority=0.0, Battery=92.9%, Waits=1
[14:55:50] [Tick 17] Pos=(19, 21), Heading=NORTH, State=AUDITING, Action=WAITING, Priority=0.0, Battery=92.8%, Waits=2
[14:55:51] [Tick 18] Pos=(19, 21), Heading=NORTH, State=AUDITING, Action=WAITING, Priority=0.0, Battery=92.7%, Waits=3
[14:55:51] [Tick 19] Deadlock/livelock detected (3 wait ticks). Seeking alternate route/nook...
[14:55:51] [Tick 19] Alternate route found to goal (20 steps).
[14:55:51] [Tick 19] Pos=(19, 21), Heading=NORTH, State=AUDITING, Action=WAITING, Priority=0.0, Battery=92.6%, Waits=4
[14:55:52] [Tick 20] Deadlock/livelock detected (4 wait ticks). Seeking alternate route/nook...
[14:55:52] [Tick 20] Alternate route found to goal (20 steps).
[14:55:52] [Tick 20] Pos=(19, 21), Heading=NORTH, State=AUDITING, Action=WAITING, Priority=0.0, Battery=92.5%, Waits=5
[14:55:52] [Tick 21] Deadlock/livelock detected (5 wait ticks). Seeking alternate route/nook...
[14:55:52] [Tick 21] Alternate route found to goal (20 steps).
[14:55:52] [Tick 21] Pos=(19, 21), Heading=NORTH, State=AUDITING, Action=WAITING, Priority=0.0, Battery=92.4%, Waits=6
[14:55:53] [Tick 22] Deadlock/livelock detected (6 wait ticks). Seeking alternate route/nook...
[14:55:53] [Tick 22] Alternate route found to goal (20 steps).
[14:55:53] [Tick 22] Pos=(19, 21), Heading=NORTH, State=AUDITING, Action=WAITING, Priority=0.0, Battery=92.3%, Waits=7
[14:55:53] [Tick 23] Deadlock/livelock detected (7 wait ticks). Seeking alternate route/nook...
[14:55:53] [Tick 23] Alternate route found to goal (20 steps).
[14:55:53] [Tick 23] Pos=(19, 21), Heading=NORTH, State=AUDITING, Action=WAITING, Priority=0.0, Battery=92.2%, Waits=8
[14:55:54] [Tick 24] Deadlock/livelock detected (8 wait ticks). Seeking alternate route/nook...
[14:55:54] [Tick 24] Alternate route found to goal (20 steps).
[14:55:54] [Tick 24] Pos=(19, 21), Heading=NORTH, State=AUDITING, Action=WAITING, Priority=0.0, Battery=92.1%, Waits=9
[14:55:54] [Tick 25] Deadlock/livelock detected (9 wait ticks). Seeking alternate route/nook...
[14:55:54] [Tick 25] Alternate route found to goal (20 steps).
[14:55:54] [Tick 25] Pos=(19, 21), Heading=NORTH, State=AUDITING, Action=WAITING, Priority=0.0, Battery=92.0%, Waits=10
[14:55:55] [Tick 26] Deadlock/livelock detected (10 wait ticks). Seeking alternate route/nook...
[14:55:55] [Tick 26] Alternate route found to goal (20 steps).
[14:55:55] [Tick 26] Pos=(19, 21), Heading=NORTH, State=AUDITING, Action=WAITING, Priority=0.0, Battery=91.9%, Waits=11
[14:55:55] [Tick 27] Deadlock/livelock detected (11 wait ticks). Seeking alternate route/nook...
[14:55:55] [Tick 27] Alternate route found to goal (20 steps).
[14:55:55] [Tick 27] Pos=(19, 21), Heading=NORTH, State=AUDITING, Action=WAITING, Priority=0.0, Battery=91.8%, Waits=12
[14:55:56] [Tick 28] Deadlock/livelock detected (12 wait ticks). Seeking alternate route/nook...
[14:55:56] [Tick 28] Alternate route found to goal (20 steps).
[14:55:56] [Tick 28] Pos=(19, 21), Heading=NORTH, State=AUDITING, Action=WAITING, Priority=0.0, Battery=91.7%, Waits=13
[14:55:56] [Tick 29] Deadlock/livelock detected (13 wait ticks). Seeking alternate route/nook...
[14:55:56] [Tick 29] Alternate route found to goal (20 steps).
[14:55:56] [Tick 29] Pos=(19, 21), Heading=NORTH, State=AUDITING, Action=WAITING, Priority=0.0, Battery=91.6%, Waits=14
[14:55:57] [Tick 30] Deadlock/livelock detected (14 wait ticks). Seeking alternate route/nook...
[14:55:57] [Tick 30] Alternate route found to goal (20 steps).
[14:55:57] [Tick 30] Pos=(19, 21), Heading=NORTH, State=AUDITING, Action=WAITING, Priority=0.0, Battery=91.5%, Waits=15
[14:55:57] [Tick 31] Deadlock/livelock detected (15 wait ticks). Seeking alternate route/nook...
[14:55:57] [Tick 31] Alternate route found to goal (20 steps).
[14:55:57] [Tick 31] Pos=(19, 21), Heading=NORTH, State=AUDITING, Action=WAITING, Priority=0.0, Battery=91.4%, Waits=16
[14:55:58] [Tick 32] Deadlock/livelock detected (16 wait ticks). Seeking alternate route/nook...
[14:55:58] [Tick 32] Alternate route found to goal (20 steps).
[14:55:58] [Tick 32] Pos=(19, 21), Heading=NORTH, State=AUDITING, Action=WAITING, Priority=0.0, Battery=91.3%, Waits=17
[14:55:58] [Tick 33] Deadlock/livelock detected (17 wait ticks). Seeking alternate route/nook...
[14:55:58] [Tick 33] Alternate route found to goal (20 steps).
[14:55:58] [Tick 33] Pos=(19, 21), Heading=NORTH, State=AUDITING, Action=WAITING, Priority=0.0, Battery=91.2%, Waits=18
[14:55:59] [Tick 34] Deadlock/livelock detected (18 wait ticks). Seeking alternate route/nook...
[14:55:59] [Tick 34] Alternate route found to goal (20 steps).
[14:55:59] [Tick 34] Pos=(19, 21), Heading=NORTH, State=AUDITING, Action=WAITING, Priority=0.0, Battery=91.1%, Waits=19
[14:55:59] [Tick 35] Deadlock/livelock detected (19 wait ticks). Seeking alternate route/nook...
[14:55:59] [Tick 35] Alternate route found to goal (20 steps).
[14:55:59] [Tick 35] Pos=(19, 21), Heading=NORTH, State=AUDITING, Action=WAITING, Priority=0.0, Battery=91.0%, Waits=20
[14:56:00] [Tick 36] Deadlock/livelock detected (20 wait ticks). Seeking alternate route/nook...
[14:56:00] [Tick 36] Alternate route found to goal (20 steps).
[14:56:00] [Tick 36] Pos=(19, 21), Heading=NORTH, State=AUDITING, Action=WAITING, Priority=0.0, Battery=90.9%, Waits=21
[14:56:00] [Tick 37] Deadlock/livelock detected (21 wait ticks). Seeking alternate route/nook...
[14:56:00] [Tick 37] Alternate route found to goal (20 steps).
[14:56:00] [Tick 37] Pos=(19, 21), Heading=NORTH, State=AUDITING, Action=WAITING, Priority=0.0, Battery=90.8%, Waits=22
[14:56:01] [Tick 38] Deadlock/livelock detected (22 wait ticks). Seeking alternate route/nook...
[14:56:01] [Tick 38] Alternate route found to goal (20 steps).
[14:56:01] [Tick 38] Pos=(19, 21), Heading=NORTH, State=AUDITING, Action=WAITING, Priority=0.0, Battery=90.7%, Waits=23
[14:56:01] [Tick 39] Deadlock/livelock detected (23 wait ticks). Seeking alternate route/nook...
[14:56:01] [Tick 39] Alternate route found to goal (20 steps).
[14:56:01] [Tick 39] Pos=(19, 21), Heading=NORTH, State=AUDITING, Action=WAITING, Priority=0.0, Battery=90.6%, Waits=24
[14:56:02] [Tick 40] Deadlock/livelock detected (24 wait ticks). Seeking alternate route/nook...
[14:56:02] [Tick 40] Alternate route found to goal (20 steps).
[14:56:02] [Tick 40] Pos=(19, 21), Heading=NORTH, State=AUDITING, Action=WAITING, Priority=0.0, Battery=90.5%, Waits=25
[14:56:02] [Tick 41] Deadlock/livelock detected (25 wait ticks). Seeking alternate route/nook...
[14:56:02] [Tick 41] Alternate route found to goal (20 steps).
[14:56:02] [Tick 41] Pos=(19, 21), Heading=NORTH, State=AUDITING, Action=WAITING, Priority=0.0, Battery=90.4%, Waits=26
[14:56:03] [Tick 42] Deadlock/livelock detected (26 wait ticks). Seeking alternate route/nook...
[14:56:03] [Tick 42] Alternate route found to goal (20 steps).
[14:56:03] [Tick 42] Pos=(19, 21), Heading=NORTH, State=AUDITING, Action=WAITING, Priority=0.0, Battery=90.3%, Waits=27
[14:56:03] [Tick 43] Deadlock/livelock detected (27 wait ticks). Seeking alternate route/nook...
[14:56:03] [Tick 43] Alternate route found to goal (20 steps).
[14:56:03] [Tick 43] Pos=(19, 21), Heading=NORTH, State=AUDITING, Action=WAITING, Priority=0.0, Battery=90.2%, Waits=28
[14:56:04] [Tick 44] Deadlock/livelock detected (28 wait ticks). Seeking alternate route/nook...
[14:56:04] [Tick 44] Alternate route found to goal (20 steps).
[14:56:04] [Tick 44] Pos=(19, 21), Heading=NORTH, State=AUDITING, Action=WAITING, Priority=0.0, Battery=90.1%, Waits=29
[14:56:04] [Tick 45] Deadlock/livelock detected (29 wait ticks). Seeking alternate route/nook...
[14:56:04] [Tick 45] Alternate route found to goal (20 steps).
[14:56:04] [Tick 45] Pos=(19, 21), Heading=NORTH, State=AUDITING, Action=WAITING, Priority=0.0, Battery=90.0%, Waits=30
[14:56:05] [Tick 46] Deadlock/livelock detected (30 wait ticks). Seeking alternate route/nook...
[14:56:05] [Tick 46] Alternate route found to goal (20 steps).
[14:56:05] [Tick 46] Pos=(19, 21), Heading=NORTH, State=AUDITING, Action=WAITING, Priority=0.0, Battery=89.9%, Waits=31
[14:56:05] [Tick 47] Deadlock/livelock detected (31 wait ticks). Seeking alternate route/nook...
[14:56:05] [Tick 47] Alternate route found to goal (20 steps).
[14:56:05] [Tick 47] Pos=(19, 21), Heading=NORTH, State=AUDITING, Action=WAITING, Priority=0.0, Battery=89.8%, Waits=32
[14:56:06] [Tick 48] Deadlock/livelock detected (32 wait ticks). Seeking alternate route/nook...
[14:56:06] [Tick 48] Alternate route found to goal (20 steps).
[14:56:06] [Tick 48] Pos=(19, 21), Heading=NORTH, State=AUDITING, Action=WAITING, Priority=0.0, Battery=89.7%, Waits=33
[14:56:06] [Tick 49] Deadlock/livelock detected (33 wait ticks). Seeking alternate route/nook...
[14:56:06] [Tick 49] Alternate route found to goal (20 steps).
[14:56:06] [Tick 49] Pos=(19, 21), Heading=NORTH, State=AUDITING, Action=WAITING, Priority=0.0, Battery=89.6%, Waits=34
[14:56:07] [Tick 50] Deadlock/livelock detected (34 wait ticks). Seeking alternate route/nook...
[14:56:07] [Tick 50] Alternate route found to goal (20 steps).
[14:56:07] [Tick 50] Pos=(19, 21), Heading=NORTH, State=AUDITING, Action=WAITING, Priority=0.0, Battery=89.5%, Waits=35
[14:56:07] [Tick 51] Deadlock/livelock detected (35 wait ticks). Seeking alternate route/nook...
[14:56:07] [Tick 51] Alternate route found to goal (20 steps).
[14:56:07] [Tick 51] Pos=(19, 21), Heading=NORTH, State=AUDITING, Action=WAITING, Priority=0.0, Battery=89.4%, Waits=36
[14:56:08] [Tick 52] Deadlock/livelock detected (36 wait ticks). Seeking alternate route/nook...
[14:56:08] [Tick 52] Alternate route found to goal (20 steps).
[14:56:08] [Tick 52] Pos=(19, 21), Heading=NORTH, State=AUDITING, Action=WAITING, Priority=0.0, Battery=89.3%, Waits=37
[14:56:08] [Tick 53] Deadlock/livelock detected (37 wait ticks). Seeking alternate route/nook...
[14:56:08] [Tick 53] Alternate route found to goal (20 steps).
[14:56:08] [Tick 53] Pos=(19, 21), Heading=NORTH, State=AUDITING, Action=WAITING, Priority=0.0, Battery=89.2%, Waits=38
[14:56:09] [Tick 54] Deadlock/livelock detected (38 wait ticks). Seeking alternate route/nook...
[14:56:09] [Tick 54] Alternate route found to goal (20 steps).
[14:56:09] [Tick 54] Pos=(19, 21), Heading=NORTH, State=AUDITING, Action=WAITING, Priority=0.0, Battery=89.1%, Waits=39
[14:56:09] [Tick 55] Deadlock/livelock detected (39 wait ticks). Seeking alternate route/nook...
[14:56:09] [Tick 55] Alternate route found to goal (20 steps).
[14:56:09] [Tick 55] Pos=(19, 21), Heading=NORTH, State=AUDITING, Action=WAITING, Priority=0.0, Battery=89.0%, Waits=40
[14:56:10] [Tick 56] Deadlock/livelock detected (40 wait ticks). Seeking alternate route/nook...
[14:56:10] [Tick 56] Alternate route found to goal (20 steps).
[14:56:10] [Tick 56] Pos=(19, 21), Heading=NORTH, State=AUDITING, Action=WAITING, Priority=0.0, Battery=88.9%, Waits=41
[14:56:10] [Tick 57] Deadlock/livelock detected (41 wait ticks). Seeking alternate route/nook...
[14:56:10] [Tick 57] Alternate route found to goal (20 steps).
[14:56:10] [Tick 57] Pos=(19, 21), Heading=NORTH, State=AUDITING, Action=WAITING, Priority=0.0, Battery=88.8%, Waits=42
[14:56:11] [Tick 58] Deadlock/livelock detected (42 wait ticks). Seeking alternate route/nook...
[14:56:11] [Tick 58] Alternate route found to goal (20 steps).
[14:56:11] [Tick 58] Pos=(19, 21), Heading=NORTH, State=AUDITING, Action=WAITING, Priority=0.0, Battery=88.7%, Waits=43
[14:56:11] [Tick 59] Deadlock/livelock detected (43 wait ticks). Seeking alternate route/nook...
[14:56:11] [Tick 59] Alternate route found to goal (20 steps).
[14:56:11] [Tick 59] Pos=(19, 21), Heading=NORTH, State=AUDITING, Action=WAITING, Priority=0.0, Battery=88.6%, Waits=44
[14:56:12] [Tick 60] Deadlock/livelock detected (44 wait ticks). Seeking alternate route/nook...
[14:56:12] [Tick 60] Alternate route found to goal (20 steps).
[14:56:12] [Tick 60] Pos=(19, 21), Heading=NORTH, State=AUDITING, Action=WAITING, Priority=0.0, Battery=88.5%, Waits=45
[14:56:12] [Tick 61] Deadlock/livelock detected (45 wait ticks). Seeking alternate route/nook...
[14:56:12] [Tick 61] Alternate route found to goal (20 steps).
[14:56:12] [Tick 61] Pos=(19, 21), Heading=NORTH, State=AUDITING, Action=WAITING, Priority=0.0, Battery=88.4%, Waits=46
[14:56:13] [Tick 62] Deadlock/livelock detected (46 wait ticks). Seeking alternate route/nook...
[14:56:13] [Tick 62] Alternate route found to goal (20 steps).
[14:56:13] [Tick 62] Pos=(19, 21), Heading=NORTH, State=AUDITING, Action=WAITING, Priority=0.0, Battery=88.3%, Waits=47
[14:56:13] [Tick 63] Deadlock/livelock detected (47 wait ticks). Seeking alternate route/nook...
[14:56:13] [Tick 63] Alternate route found to goal (20 steps).
[14:56:13] [Tick 63] Pos=(19, 21), Heading=NORTH, State=AUDITING, Action=WAITING, Priority=0.0, Battery=88.2%, Waits=48
[14:56:14] [Tick 64] Deadlock/livelock detected (48 wait ticks). Seeking alternate route/nook...
[14:56:14] [Tick 64] Alternate route found to goal (20 steps).
[14:56:14] [Tick 64] Pos=(19, 21), Heading=NORTH, State=AUDITING, Action=WAITING, Priority=0.0, Battery=88.1%, Waits=49
[14:56:14] [Tick 65] Deadlock/livelock detected (49 wait ticks). Seeking alternate route/nook...
[14:56:14] [Tick 65] Alternate route found to goal (20 steps).
[14:56:14] [Tick 65] Pos=(19, 21), Heading=NORTH, State=AUDITING, Action=WAITING, Priority=0.0, Battery=88.0%, Waits=50
[14:56:15] [Tick 66] Deadlock/livelock detected (50 wait ticks). Seeking alternate route/nook...
[14:56:15] [Tick 66] Alternate route found to goal (20 steps).
[14:56:15] [Tick 66] Pos=(19, 21), Heading=NORTH, State=AUDITING, Action=WAITING, Priority=0.0, Battery=87.9%, Waits=51
[14:56:15] [Tick 67] Deadlock/livelock detected (51 wait ticks). Seeking alternate route/nook...
[14:56:15] [Tick 67] Alternate route found to goal (20 steps).
[14:56:15] [Tick 67] Pos=(19, 21), Heading=NORTH, State=AUDITING, Action=WAITING, Priority=0.0, Battery=87.8%, Waits=52
[14:56:16] [Tick 68] Deadlock/livelock detected (52 wait ticks). Seeking alternate route/nook...
[14:56:16] [Tick 68] Alternate route found to goal (20 steps).
[14:56:16] [Tick 68] Pos=(19, 21), Heading=NORTH, State=AUDITING, Action=WAITING, Priority=0.0, Battery=87.7%, Waits=53
[14:56:16] [Tick 69] Deadlock/livelock detected (53 wait ticks). Seeking alternate route/nook...
[14:56:16] [Tick 69] Alternate route found to goal (20 steps).
[14:56:16] [Tick 69] Pos=(19, 21), Heading=NORTH, State=AUDITING, Action=WAITING, Priority=0.0, Battery=87.6%, Waits=54
[14:56:17] [Tick 70] Deadlock/livelock detected (54 wait ticks). Seeking alternate route/nook...
[14:56:17] [Tick 70] Alternate route found to goal (20 steps).
[14:56:17] [Tick 70] Pos=(19, 21), Heading=NORTH, State=AUDITING, Action=WAITING, Priority=0.0, Battery=87.5%, Waits=55
[14:56:17] [Tick 71] Deadlock/livelock detected (55 wait ticks). Seeking alternate route/nook...
[14:56:17] [Tick 71] Alternate route found to goal (20 steps).
[14:56:17] [Tick 71] Pos=(19, 21), Heading=NORTH, State=AUDITING, Action=WAITING, Priority=0.0, Battery=87.4%, Waits=56
[14:56:18] [Tick 72] Deadlock/livelock detected (56 wait ticks). Seeking alternate route/nook...
[14:56:18] [Tick 72] Alternate route found to goal (20 steps).
[14:56:18] [Tick 72] Pos=(19, 21), Heading=NORTH, State=AUDITING, Action=WAITING, Priority=0.0, Battery=87.3%, Waits=57
[14:56:18] [Tick 73] Deadlock/livelock detected (57 wait ticks). Seeking alternate route/nook...
[14:56:18] [Tick 73] Alternate route found to goal (20 steps).
[14:56:18] [Tick 73] Pos=(19, 21), Heading=NORTH, State=AUDITING, Action=WAITING, Priority=0.0, Battery=87.2%, Waits=58
[14:56:19] [Tick 74] Deadlock/livelock detected (58 wait ticks). Seeking alternate route/nook...
[14:56:19] [Tick 74] Alternate route found to goal (20 steps).
[14:56:19] [Tick 74] Pos=(19, 21), Heading=NORTH, State=AUDITING, Action=WAITING, Priority=0.0, Battery=87.1%, Waits=59
[14:56:19] [Tick 75] Deadlock/livelock detected (59 wait ticks). Seeking alternate route/nook...
[14:56:19] [Tick 75] Alternate route found to goal (20 steps).
[14:56:19] [Tick 75] Pos=(19, 21), Heading=NORTH, State=AUDITING, Action=WAITING, Priority=0.0, Battery=87.0%, Waits=60
[14:56:20] [Tick 76] Deadlock/livelock detected (60 wait ticks). Seeking alternate route/nook...
[14:56:20] [Tick 76] Alternate route found to goal (20 steps).
[14:56:20] [Tick 76] Pos=(19, 21), Heading=NORTH, State=AUDITING, Action=WAITING, Priority=0.0, Battery=86.9%, Waits=61
[14:56:20] [Tick 77] Deadlock/livelock detected (61 wait ticks). Seeking alternate route/nook...
[14:56:20] [Tick 77] Alternate route found to goal (20 steps).
[14:56:20] [Tick 77] Pos=(19, 21), Heading=NORTH, State=AUDITING, Action=WAITING, Priority=0.0, Battery=86.8%, Waits=62
[14:56:21] [Tick 78] Deadlock/livelock detected (62 wait ticks). Seeking alternate route/nook...
[14:56:21] [Tick 78] Alternate route found to goal (20 steps).
[14:56:21] [Tick 78] Pos=(19, 21), Heading=NORTH, State=AUDITING, Action=WAITING, Priority=0.0, Battery=86.7%, Waits=63
[14:56:21] [Tick 79] Deadlock/livelock detected (63 wait ticks). Seeking alternate route/nook...
[14:56:21] [Tick 79] Alternate route found to goal (20 steps).
[14:56:21] [Tick 79] Pos=(19, 21), Heading=NORTH, State=AUDITING, Action=WAITING, Priority=0.0, Battery=86.6%, Waits=64
[14:56:22] [Tick 80] Deadlock/livelock detected (64 wait ticks). Seeking alternate route/nook...
[14:56:22] [Tick 80] Alternate route found to goal (20 steps).
[14:56:22] [Tick 80] Pos=(19, 21), Heading=NORTH, State=AUDITING, Action=WAITING, Priority=0.0, Battery=86.5%, Waits=65
[14:56:22] [Tick 81] Deadlock/livelock detected (65 wait ticks). Seeking alternate route/nook...
[14:56:22] [Tick 81] Alternate route found to goal (20 steps).
[14:56:22] [Tick 81] Pos=(19, 21), Heading=NORTH, State=AUDITING, Action=WAITING, Priority=0.0, Battery=86.4%, Waits=66
[14:56:23] [Tick 82] Deadlock/livelock detected (66 wait ticks). Seeking alternate route/nook...
[14:56:23] [Tick 82] Alternate route found to goal (20 steps).
[14:56:23] [Tick 82] Pos=(19, 21), Heading=NORTH, State=AUDITING, Action=WAITING, Priority=0.0, Battery=86.3%, Waits=67
[14:56:23] [Tick 83] Deadlock/livelock detected (67 wait ticks). Seeking alternate route/nook...
[14:56:23] [Tick 83] Alternate route found to goal (20 steps).
[14:56:23] [Tick 83] Pos=(19, 21), Heading=NORTH, State=AUDITING, Action=WAITING, Priority=0.0, Battery=86.2%, Waits=68
[14:56:24] [Tick 84] Deadlock/livelock detected (68 wait ticks). Seeking alternate route/nook...
[14:56:24] [Tick 84] Alternate route found to goal (20 steps).
[14:56:24] [Tick 84] Pos=(19, 21), Heading=NORTH, State=AUDITING, Action=WAITING, Priority=0.0, Battery=86.1%, Waits=69
[14:56:24] [Tick 85] Deadlock/livelock detected (69 wait ticks). Seeking alternate route/nook...
[14:56:24] [Tick 85] Alternate route found to goal (20 steps).
[14:56:24] [Tick 85] Pos=(19, 21), Heading=NORTH, State=AUDITING, Action=WAITING, Priority=0.0, Battery=86.0%, Waits=70
[14:56:25] [Tick 86] Deadlock/livelock detected (70 wait ticks). Seeking alternate route/nook...
[14:56:25] [Tick 86] Alternate route found to goal (20 steps).
[14:56:25] [Tick 86] Pos=(19, 21), Heading=NORTH, State=AUDITING, Action=WAITING, Priority=0.0, Battery=85.9%, Waits=71
[14:56:25] [Tick 87] Deadlock/livelock detected (71 wait ticks). Seeking alternate route/nook...
[14:56:25] [Tick 87] Alternate route found to goal (20 steps).
[14:56:25] [Tick 87] Pos=(19, 21), Heading=NORTH, State=AUDITING, Action=WAITING, Priority=0.0, Battery=85.8%, Waits=72
[14:56:26] [Tick 88] Deadlock/livelock detected (72 wait ticks). Seeking alternate route/nook...
[14:56:26] [Tick 88] Alternate route found to goal (20 steps).
[14:56:26] [Tick 88] Pos=(19, 21), Heading=NORTH, State=AUDITING, Action=WAITING, Priority=0.0, Battery=85.7%, Waits=73
[14:56:26] [Tick 89] Deadlock/livelock detected (73 wait ticks). Seeking alternate route/nook...
[14:56:26] [Tick 89] Alternate route found to goal (20 steps).
[14:56:26] [Tick 89] Pos=(19, 21), Heading=NORTH, State=AUDITING, Action=WAITING, Priority=0.0, Battery=85.6%, Waits=74
[14:56:27] [Tick 90] Deadlock/livelock detected (74 wait ticks). Seeking alternate route/nook...
[14:56:27] [Tick 90] Alternate route found to goal (20 steps).
[14:56:27] [Tick 90] Pos=(19, 21), Heading=NORTH, State=AUDITING, Action=WAITING, Priority=0.0, Battery=85.5%, Waits=75
[14:56:27] [Tick 91] Deadlock/livelock detected (75 wait ticks). Seeking alternate route/nook...
[14:56:27] [Tick 91] Alternate route found to goal (20 steps).
[14:56:27] [Tick 91] Pos=(19, 21), Heading=NORTH, State=AUDITING, Action=WAITING, Priority=0.0, Battery=85.4%, Waits=76
[14:56:28] [Tick 92] Deadlock/livelock detected (76 wait ticks). Seeking alternate route/nook...
[14:56:28] [Tick 92] Alternate route found to goal (20 steps).
[14:56:28] [Tick 92] Pos=(19, 21), Heading=NORTH, State=AUDITING, Action=WAITING, Priority=0.0, Battery=85.3%, Waits=77
[14:56:28] [Tick 93] Deadlock/livelock detected (77 wait ticks). Seeking alternate route/nook...
[14:56:28] [Tick 93] Alternate route found to goal (20 steps).
[14:56:28] [Tick 93] Pos=(19, 21), Heading=NORTH, State=AUDITING, Action=WAITING, Priority=0.0, Battery=85.2%, Waits=78
[14:56:29] [Tick 94] Deadlock/livelock detected (78 wait ticks). Seeking alternate route/nook...
[14:56:29] [Tick 94] Alternate route found to goal (20 steps).
[14:56:29] [Tick 94] Pos=(19, 21), Heading=NORTH, State=AUDITING, Action=WAITING, Priority=0.0, Battery=85.1%, Waits=79
[14:56:29] [Tick 95] Deadlock/livelock detected (79 wait ticks). Seeking alternate route/nook...
[14:56:29] [Tick 95] Alternate route found to goal (20 steps).
[14:56:29] [Tick 95] Pos=(19, 21), Heading=NORTH, State=AUDITING, Action=WAITING, Priority=0.0, Battery=85.0%, Waits=80
[14:56:30] [Tick 96] Deadlock/livelock detected (80 wait ticks). Seeking alternate route/nook...
[14:56:30] [Tick 96] Alternate route found to goal (20 steps).
[14:56:30] [Tick 96] Pos=(19, 21), Heading=NORTH, State=AUDITING, Action=WAITING, Priority=0.0, Battery=84.9%, Waits=81
[14:56:30] [Tick 97] Deadlock/livelock detected (81 wait ticks). Seeking alternate route/nook...
[14:56:30] [Tick 97] Alternate route found to goal (20 steps).
[14:56:30] [Tick 97] Pos=(19, 21), Heading=NORTH, State=AUDITING, Action=WAITING, Priority=0.0, Battery=84.8%, Waits=82
[14:56:31] [Tick 98] Deadlock/livelock detected (82 wait ticks). Seeking alternate route/nook...
[14:56:31] [Tick 98] Alternate route found to goal (20 steps).
[14:56:31] [Tick 98] Pos=(19, 21), Heading=NORTH, State=AUDITING, Action=WAITING, Priority=0.0, Battery=84.7%, Waits=83
[14:56:31] [Tick 99] Deadlock/livelock detected (83 wait ticks). Seeking alternate route/nook...
[14:56:31] [Tick 99] Alternate route found to goal (20 steps).
[14:56:31] [Tick 99] Pos=(19, 21), Heading=NORTH, State=AUDITING, Action=WAITING, Priority=0.0, Battery=84.6%, Waits=84
[14:56:32] [Tick 100] Deadlock/livelock detected (84 wait ticks). Seeking alternate route/nook...
[14:56:32] [Tick 100] Alternate route found to goal (20 steps).
[14:56:32] [Tick 100] Pos=(19, 21), Heading=NORTH, State=AUDITING, Action=WAITING, Priority=0.0, Battery=84.5%, Waits=85
[14:56:32] [Tick 101] Deadlock/livelock detected (85 wait ticks). Seeking alternate route/nook...
[14:56:32] [Tick 101] Alternate route found to goal (20 steps).
[14:56:32] [Tick 101] Pos=(19, 21), Heading=NORTH, State=AUDITING, Action=WAITING, Priority=0.0, Battery=84.4%, Waits=86
[14:56:33] [Tick 102] Deadlock/livelock detected (86 wait ticks). Seeking alternate route/nook...
[14:56:33] [Tick 102] Alternate route found to goal (20 steps).
[14:56:33] [Tick 102] Pos=(19, 21), Heading=NORTH, State=AUDITING, Action=WAITING, Priority=0.0, Battery=84.3%, Waits=87
[14:56:33] [Tick 103] Deadlock/livelock detected (87 wait ticks). Seeking alternate route/nook...
[14:56:33] [Tick 103] Alternate route found to goal (20 steps).
[14:56:33] [Tick 103] Pos=(19, 21), Heading=NORTH, State=AUDITING, Action=WAITING, Priority=0.0, Battery=84.2%, Waits=88
[14:56:34] [Tick 104] Deadlock/livelock detected (88 wait ticks). Seeking alternate route/nook...
[14:56:34] [Tick 104] Alternate route found to goal (20 steps).
[14:56:34] [Tick 104] Pos=(19, 21), Heading=NORTH, State=AUDITING, Action=WAITING, Priority=0.0, Battery=84.1%, Waits=89
[14:56:34] [Tick 105] Deadlock/livelock detected (89 wait ticks). Seeking alternate route/nook...
[14:56:34] [Tick 105] Alternate route found to goal (20 steps).
[14:56:34] [Tick 105] Pos=(19, 21), Heading=NORTH, State=AUDITING, Action=WAITING, Priority=0.0, Battery=84.0%, Waits=90
[14:56:35] [Tick 106] Deadlock/livelock detected (90 wait ticks). Seeking alternate route/nook...
[14:56:35] [Tick 106] Alternate route found to goal (20 steps).
[14:56:35] [Tick 106] Pos=(19, 21), Heading=NORTH, State=AUDITING, Action=WAITING, Priority=0.0, Battery=83.9%, Waits=91
[14:56:35] [Tick 107] Deadlock/livelock detected (91 wait ticks). Seeking alternate route/nook...
[14:56:35] [Tick 107] Alternate route found to goal (20 steps).
[14:56:35] [Tick 107] Pos=(19, 21), Heading=NORTH, State=AUDITING, Action=WAITING, Priority=0.0, Battery=83.8%, Waits=92
[14:56:36] [Tick 108] Deadlock/livelock detected (92 wait ticks). Seeking alternate route/nook...
[14:56:36] [Tick 108] Alternate route found to goal (20 steps).
[14:56:36] [Tick 108] Pos=(19, 21), Heading=NORTH, State=AUDITING, Action=WAITING, Priority=0.0, Battery=83.7%, Waits=93
[14:56:36] [Tick 109] Deadlock/livelock detected (93 wait ticks). Seeking alternate route/nook...
[14:56:36] [Tick 109] Alternate route found to goal (20 steps).
[14:56:36] [Tick 109] Pos=(19, 21), Heading=NORTH, State=AUDITING, Action=WAITING, Priority=0.0, Battery=83.6%, Waits=94
[14:56:37] [Tick 110] Deadlock/livelock detected (94 wait ticks). Seeking alternate route/nook...
[14:56:37] [Tick 110] Alternate route found to goal (20 steps).
[14:56:37] [Tick 110] Pos=(19, 21), Heading=NORTH, State=AUDITING, Action=WAITING, Priority=0.0, Battery=83.5%, Waits=95
[14:56:37] [Tick 111] Deadlock/livelock detected (95 wait ticks). Seeking alternate route/nook...
[14:56:37] [Tick 111] Alternate route found to goal (20 steps).
[14:56:37] [Tick 111] Pos=(19, 21), Heading=NORTH, State=AUDITING, Action=WAITING, Priority=0.0, Battery=83.4%, Waits=96
[14:56:38] [Tick 112] Deadlock/livelock detected (96 wait ticks). Seeking alternate route/nook...
[14:56:38] [Tick 112] Alternate route found to goal (20 steps).
[14:56:38] [Tick 112] Pos=(19, 21), Heading=NORTH, State=AUDITING, Action=WAITING, Priority=0.0, Battery=83.3%, Waits=97
[14:56:38] [Tick 113] Deadlock/livelock detected (97 wait ticks). Seeking alternate route/nook...
[14:56:38] [Tick 113] Alternate route found to goal (20 steps).
[14:56:38] [Tick 113] Pos=(19, 21), Heading=NORTH, State=AUDITING, Action=WAITING, Priority=0.0, Battery=83.2%, Waits=98
[14:56:39] [Tick 114] Deadlock/livelock detected (98 wait ticks). Seeking alternate route/nook...
[14:56:39] [Tick 114] Alternate route found to goal (20 steps).
[14:56:39] [Tick 114] Pos=(19, 21), Heading=NORTH, State=AUDITING, Action=WAITING, Priority=0.0, Battery=83.1%, Waits=99
[14:56:39] [Tick 115] Deadlock/livelock detected (99 wait ticks). Seeking alternate route/nook...
[14:56:39] [Tick 115] Alternate route found to goal (20 steps).
[14:56:39] [Tick 115] Pos=(19, 21), Heading=NORTH, State=AUDITING, Action=WAITING, Priority=0.0, Battery=83.0%, Waits=100
[14:56:40] [Tick 116] Deadlock/livelock detected (100 wait ticks). Seeking alternate route/nook...
[14:56:40] [Tick 116] Alternate route found to goal (20 steps).
[14:56:40] [Tick 116] Pos=(19, 21), Heading=NORTH, State=AUDITING, Action=WAITING, Priority=0.0, Battery=82.9%, Waits=101
[14:56:40] [Tick 117] Deadlock/livelock detected (101 wait ticks). Seeking alternate route/nook...
[14:56:40] [Tick 117] Alternate route found to goal (20 steps).
[14:56:40] [Tick 117] Pos=(19, 21), Heading=NORTH, State=AUDITING, Action=WAITING, Priority=0.0, Battery=82.8%, Waits=102
[14:56:41] [Tick 118] Deadlock/livelock detected (102 wait ticks). Seeking alternate route/nook...
[14:56:41] [Tick 118] Alternate route found to goal (20 steps).
[14:56:41] [Tick 118] Pos=(19, 21), Heading=NORTH, State=AUDITING, Action=WAITING, Priority=0.0, Battery=82.7%, Waits=103
[14:56:41] [Tick 119] Deadlock/livelock detected (103 wait ticks). Seeking alternate route/nook...
[14:56:41] [Tick 119] Alternate route found to goal (20 steps).
[14:56:41] [Tick 119] Pos=(19, 21), Heading=NORTH, State=AUDITING, Action=WAITING, Priority=0.0, Battery=82.6%, Waits=104
[14:56:42] [Tick 120] Deadlock/livelock detected (104 wait ticks). Seeking alternate route/nook...
[14:56:42] [Tick 120] Alternate route found to goal (20 steps).
[14:56:42] [Tick 120] Pos=(19, 21), Heading=NORTH, State=AUDITING, Action=WAITING, Priority=0.0, Battery=82.5%, Waits=105
[14:56:42] [Tick 121] Deadlock/livelock detected (105 wait ticks). Seeking alternate route/nook...
[14:56:42] [Tick 121] Alternate route found to goal (20 steps).
[14:56:42] [Tick 121] Pos=(19, 21), Heading=NORTH, State=AUDITING, Action=WAITING, Priority=0.0, Battery=82.4%, Waits=106
[14:56:43] [Tick 122] Deadlock/livelock detected (106 wait ticks). Seeking alternate route/nook...
[14:56:43] [Tick 122] Alternate route found to goal (20 steps).
[14:56:43] [Tick 122] Pos=(19, 21), Heading=NORTH, State=AUDITING, Action=WAITING, Priority=0.0, Battery=82.3%, Waits=107
[14:56:43] [Tick 123] Deadlock/livelock detected (107 wait ticks). Seeking alternate route/nook...
[14:56:43] [Tick 123] Alternate route found to goal (20 steps).
[14:56:43] [Tick 123] Pos=(19, 21), Heading=NORTH, State=AUDITING, Action=WAITING, Priority=0.0, Battery=82.2%, Waits=108
[14:56:44] [Tick 124] Deadlock/livelock detected (108 wait ticks). Seeking alternate route/nook...
[14:56:44] [Tick 124] Alternate route found to goal (20 steps).
[14:56:44] [Tick 124] Pos=(19, 21), Heading=NORTH, State=AUDITING, Action=WAITING, Priority=0.0, Battery=82.1%, Waits=109
[14:56:44] [Tick 125] Deadlock/livelock detected (109 wait ticks). Seeking alternate route/nook...
[14:56:44] [Tick 125] Alternate route found to goal (20 steps).
[14:56:44] [Tick 125] Pos=(19, 21), Heading=NORTH, State=AUDITING, Action=WAITING, Priority=0.0, Battery=82.0%, Waits=110
[14:56:45] [Tick 126] Deadlock/livelock detected (110 wait ticks). Seeking alternate route/nook...
[14:56:45] [Tick 126] Alternate route found to goal (20 steps).
[14:56:45] [Tick 126] Pos=(19, 21), Heading=NORTH, State=AUDITING, Action=WAITING, Priority=0.0, Battery=81.9%, Waits=111
[14:56:45] [Tick 127] Deadlock/livelock detected (111 wait ticks). Seeking alternate route/nook...
[14:56:45] [Tick 127] Alternate route found to goal (20 steps).
[14:56:45] [Tick 127] Pos=(19, 21), Heading=NORTH, State=AUDITING, Action=WAITING, Priority=0.0, Battery=81.8%, Waits=112
[14:56:46] [Tick 128] Deadlock/livelock detected (112 wait ticks). Seeking alternate route/nook...
[14:56:46] [Tick 128] Alternate route found to goal (20 steps).
[14:56:46] [Tick 128] Pos=(19, 21), Heading=NORTH, State=AUDITING, Action=WAITING, Priority=0.0, Battery=81.7%, Waits=113
[14:56:46] [Tick 129] Deadlock/livelock detected (113 wait ticks). Seeking alternate route/nook...
[14:56:46] [Tick 129] Alternate route found to goal (20 steps).
[14:56:46] [Tick 129] Pos=(19, 21), Heading=NORTH, State=AUDITING, Action=WAITING, Priority=0.0, Battery=81.6%, Waits=114
[14:56:47] [Tick 130] Deadlock/livelock detected (114 wait ticks). Seeking alternate route/nook...
[14:56:47] [Tick 130] Alternate route found to goal (20 steps).
[14:56:47] [Tick 130] Pos=(19, 21), Heading=NORTH, State=AUDITING, Action=WAITING, Priority=0.0, Battery=81.5%, Waits=115
[14:56:47] [Tick 131] Deadlock/livelock detected (115 wait ticks). Seeking alternate route/nook...
[14:56:47] [Tick 131] Alternate route found to goal (20 steps).
[14:56:47] [Tick 131] Pos=(19, 21), Heading=NORTH, State=AUDITING, Action=WAITING, Priority=0.0, Battery=81.4%, Waits=116
[14:56:48] [Tick 132] Deadlock/livelock detected (116 wait ticks). Seeking alternate route/nook...
[14:56:48] [Tick 132] Alternate route found to goal (20 steps).
[14:56:48] [Tick 132] Pos=(19, 21), Heading=NORTH, State=AUDITING, Action=WAITING, Priority=0.0, Battery=81.3%, Waits=117
[14:56:48] [Tick 133] Deadlock/livelock detected (117 wait ticks). Seeking alternate route/nook...
[14:56:48] [Tick 133] Alternate route found to goal (20 steps).
[14:56:48] [Tick 133] Pos=(19, 21), Heading=NORTH, State=AUDITING, Action=WAITING, Priority=0.0, Battery=81.2%, Waits=118
[14:56:49] [Tick 134] Deadlock/livelock detected (118 wait ticks). Seeking alternate route/nook...
[14:56:49] [Tick 134] Alternate route found to goal (20 steps).
[14:56:49] [Tick 134] Pos=(19, 21), Heading=NORTH, State=AUDITING, Action=WAITING, Priority=0.0, Battery=81.1%, Waits=119
[14:56:49] [Tick 135] Deadlock/livelock detected (119 wait ticks). Seeking alternate route/nook...
[14:56:49] [Tick 135] Alternate route found to goal (20 steps).
[14:56:49] [Tick 135] Pos=(19, 21), Heading=NORTH, State=AUDITING, Action=WAITING, Priority=0.0, Battery=81.0%, Waits=120
[14:56:50] [Tick 136] Deadlock/livelock detected (120 wait ticks). Seeking alternate route/nook...
[14:56:50] [Tick 136] Alternate route found to goal (20 steps).
[14:56:50] [Tick 136] Pos=(19, 21), Heading=NORTH, State=AUDITING, Action=WAITING, Priority=0.0, Battery=80.9%, Waits=121
[14:56:50] [Tick 137] Deadlock/livelock detected (121 wait ticks). Seeking alternate route/nook...
[14:56:50] [Tick 137] Alternate route found to goal (20 steps).
[14:56:50] [Tick 137] Pos=(19, 21), Heading=NORTH, State=AUDITING, Action=WAITING, Priority=0.0, Battery=80.8%, Waits=122
[14:56:51] [Tick 138] Deadlock/livelock detected (122 wait ticks). Seeking alternate route/nook...
[14:56:51] [Tick 138] Alternate route found to goal (20 steps).
[14:56:51] [Tick 138] Pos=(19, 21), Heading=NORTH, State=AUDITING, Action=WAITING, Priority=0.0, Battery=80.7%, Waits=123
[14:56:51] [Tick 139] Deadlock/livelock detected (123 wait ticks). Seeking alternate route/nook...
[14:56:51] [Tick 139] Alternate route found to goal (20 steps).
[14:56:51] [Tick 139] Pos=(19, 21), Heading=NORTH, State=AUDITING, Action=WAITING, Priority=0.0, Battery=80.6%, Waits=124
[14:56:52] [Tick 140] Deadlock/livelock detected (124 wait ticks). Seeking alternate route/nook...
[14:56:52] [Tick 140] Alternate route found to goal (20 steps).
[14:56:52] [Tick 140] Pos=(19, 21), Heading=NORTH, State=AUDITING, Action=WAITING, Priority=0.0, Battery=80.5%, Waits=125
[14:56:52] [Tick 141] Deadlock/livelock detected (125 wait ticks). Seeking alternate route/nook...
[14:56:52] [Tick 141] Alternate route found to goal (20 steps).
[14:56:52] [Tick 141] Pos=(19, 21), Heading=NORTH, State=AUDITING, Action=WAITING, Priority=0.0, Battery=80.4%, Waits=126
[14:56:53] [Tick 142] Deadlock/livelock detected (126 wait ticks). Seeking alternate route/nook...
[14:56:53] [Tick 142] Alternate route found to goal (20 steps).
[14:56:53] [Tick 142] Pos=(19, 21), Heading=NORTH, State=AUDITING, Action=WAITING, Priority=0.0, Battery=80.3%, Waits=127
[14:56:53] [Tick 143] Deadlock/livelock detected (127 wait ticks). Seeking alternate route/nook...
[14:56:53] [Tick 143] Alternate route found to goal (20 steps).
[14:56:53] [Tick 143] Pos=(19, 21), Heading=NORTH, State=AUDITING, Action=WAITING, Priority=0.0, Battery=80.2%, Waits=128
[14:56:54] [Tick 144] Deadlock/livelock detected (128 wait ticks). Seeking alternate route/nook...
[14:56:54] [Tick 144] Alternate route found to goal (20 steps).
[14:56:54] [Tick 144] Pos=(19, 21), Heading=NORTH, State=AUDITING, Action=WAITING, Priority=0.0, Battery=80.1%, Waits=129
[14:56:54] [Tick 145] Deadlock/livelock detected (129 wait ticks). Seeking alternate route/nook...
[14:56:54] [Tick 145] Alternate route found to goal (20 steps).
[14:56:54] [Tick 145] Pos=(19, 21), Heading=NORTH, State=AUDITING, Action=WAITING, Priority=0.0, Battery=80.0%, Waits=130
[14:56:55] [Tick 146] Deadlock/livelock detected (130 wait ticks). Seeking alternate route/nook...
[14:56:55] [Tick 146] Alternate route found to goal (20 steps).
[14:56:55] [Tick 146] Pos=(19, 21), Heading=NORTH, State=AUDITING, Action=WAITING, Priority=0.0, Battery=79.9%, Waits=131
[14:56:55] [Tick 147] Deadlock/livelock detected (131 wait ticks). Seeking alternate route/nook...
[14:56:55] [Tick 147] Alternate route found to goal (20 steps).
[14:56:55] [Tick 147] Pos=(19, 21), Heading=NORTH, State=AUDITING, Action=WAITING, Priority=0.0, Battery=79.8%, Waits=132
[14:56:56] [Tick 148] Deadlock/livelock detected (132 wait ticks). Seeking alternate route/nook...
[14:56:56] [Tick 148] Alternate route found to goal (20 steps).
[14:56:56] [Tick 148] Pos=(19, 21), Heading=NORTH, State=AUDITING, Action=WAITING, Priority=0.0, Battery=79.7%, Waits=133
[14:56:56] [Tick 149] Deadlock/livelock detected (133 wait ticks). Seeking alternate route/nook...
[14:56:56] [Tick 149] Alternate route found to goal (20 steps).
[14:56:56] [Tick 149] Pos=(19, 21), Heading=NORTH, State=AUDITING, Action=WAITING, Priority=0.0, Battery=79.6%, Waits=134
[14:56:57] [Tick 150] Deadlock/livelock detected (134 wait ticks). Seeking alternate route/nook...
[14:56:57] [Tick 150] Alternate route found to goal (20 steps).
[14:56:57] [Tick 150] Pos=(19, 21), Heading=NORTH, State=AUDITING, Action=WAITING, Priority=0.0, Battery=79.5%, Waits=135
[14:56:57] [Tick 151] Deadlock/livelock detected (135 wait ticks). Seeking alternate route/nook...
[14:56:57] [Tick 151] Alternate route found to goal (20 steps).
[14:56:57] [Tick 151] Pos=(19, 21), Heading=NORTH, State=AUDITING, Action=WAITING, Priority=0.0, Battery=79.4%, Waits=136
[14:56:58] [Tick 152] Deadlock/livelock detected (136 wait ticks). Seeking alternate route/nook...
[14:56:58] [Tick 152] Alternate route found to goal (20 steps).
[14:56:58] [Tick 152] Pos=(19, 21), Heading=NORTH, State=AUDITING, Action=WAITING, Priority=0.0, Battery=79.3%, Waits=137
[14:56:58] [Tick 153] Deadlock/livelock detected (137 wait ticks). Seeking alternate route/nook...
[14:56:58] [Tick 153] Alternate route found to goal (20 steps).
[14:56:58] [Tick 153] Pos=(19, 21), Heading=NORTH, State=AUDITING, Action=WAITING, Priority=0.0, Battery=79.2%, Waits=138
[14:56:59] [Tick 154] Deadlock/livelock detected (138 wait ticks). Seeking alternate route/nook...
[14:56:59] [Tick 154] Alternate route found to goal (20 steps).
[14:56:59] [Tick 154] Pos=(19, 21), Heading=NORTH, State=AUDITING, Action=WAITING, Priority=0.0, Battery=79.1%, Waits=139
[14:56:59] [Tick 155] Deadlock/livelock detected (139 wait ticks). Seeking alternate route/nook...
[14:56:59] [Tick 155] Alternate route found to goal (20 steps).
[14:56:59] [Tick 155] Pos=(19, 21), Heading=NORTH, State=AUDITING, Action=WAITING, Priority=0.0, Battery=79.0%, Waits=140
[14:57:00] [Tick 156] Deadlock/livelock detected (140 wait ticks). Seeking alternate route/nook...
[14:57:00] [Tick 156] Alternate route found to goal (20 steps).
[14:57:00] [Tick 156] Pos=(19, 21), Heading=NORTH, State=AUDITING, Action=WAITING, Priority=0.0, Battery=78.9%, Waits=141
[14:57:00] [Tick 157] Deadlock/livelock detected (141 wait ticks). Seeking alternate route/nook...
[14:57:00] [Tick 157] Alternate route found to goal (20 steps).
[14:57:00] [Tick 157] Pos=(19, 21), Heading=NORTH, State=AUDITING, Action=WAITING, Priority=0.0, Battery=78.8%, Waits=142
[14:57:01] [Tick 158] Deadlock/livelock detected (142 wait ticks). Seeking alternate route/nook...
[14:57:01] [Tick 158] Alternate route found to goal (20 steps).
[14:57:01] [Tick 158] Pos=(19, 21), Heading=NORTH, State=AUDITING, Action=WAITING, Priority=0.0, Battery=78.7%, Waits=143
[14:57:01] [Tick 159] Deadlock/livelock detected (143 wait ticks). Seeking alternate route/nook...
[14:57:01] [Tick 159] Alternate route found to goal (20 steps).
[14:57:01] [Tick 159] Pos=(19, 21), Heading=NORTH, State=AUDITING, Action=WAITING, Priority=0.0, Battery=78.6%, Waits=144
[14:57:02] [Tick 160] Deadlock/livelock detected (144 wait ticks). Seeking alternate route/nook...
[14:57:02] [Tick 160] Alternate route found to goal (20 steps).
[14:57:02] [Tick 160] Pos=(19, 21), Heading=NORTH, State=AUDITING, Action=WAITING, Priority=0.0, Battery=78.5%, Waits=145
[14:57:02] [Tick 161] Deadlock/livelock detected (145 wait ticks). Seeking alternate route/nook...
[14:57:02] [Tick 161] Alternate route found to goal (20 steps).
[14:57:02] [Tick 161] Pos=(19, 21), Heading=NORTH, State=AUDITING, Action=WAITING, Priority=0.0, Battery=78.4%, Waits=146
[14:57:03] [Tick 162] Deadlock/livelock detected (146 wait ticks). Seeking alternate route/nook...
[14:57:03] [Tick 162] Alternate route found to goal (20 steps).
[14:57:03] [Tick 162] Pos=(19, 21), Heading=NORTH, State=AUDITING, Action=WAITING, Priority=0.0, Battery=78.3%, Waits=147
[14:57:03] [Tick 163] Deadlock/livelock detected (147 wait ticks). Seeking alternate route/nook...
[14:57:03] [Tick 163] Alternate route found to goal (20 steps).
[14:57:03] [Tick 163] Pos=(19, 21), Heading=NORTH, State=AUDITING, Action=WAITING, Priority=0.0, Battery=78.2%, Waits=148
[14:57:04] [Tick 164] Deadlock/livelock detected (148 wait ticks). Seeking alternate route/nook...
[14:57:04] [Tick 164] Alternate route found to goal (20 steps).
[14:57:04] [Tick 164] Pos=(19, 21), Heading=NORTH, State=AUDITING, Action=WAITING, Priority=0.0, Battery=78.1%, Waits=149
[14:57:04] [Tick 165] Deadlock/livelock detected (149 wait ticks). Seeking alternate route/nook...
[14:57:04] [Tick 165] Alternate route found to goal (20 steps).
[14:57:04] [Tick 165] Pos=(19, 21), Heading=NORTH, State=AUDITING, Action=WAITING, Priority=0.0, Battery=78.0%, Waits=150
[14:57:05] [Tick 166] Deadlock/livelock detected (150 wait ticks). Seeking alternate route/nook...
[14:57:05] [Tick 166] Alternate route found to goal (20 steps).
[14:57:05] [Tick 166] Pos=(19, 21), Heading=NORTH, State=AUDITING, Action=WAITING, Priority=0.0, Battery=77.9%, Waits=151
[14:57:05] [Tick 167] Deadlock/livelock detected (151 wait ticks). Seeking alternate route/nook...
[14:57:05] [Tick 167] Alternate route found to goal (20 steps).
[14:57:05] [Tick 167] Pos=(19, 21), Heading=NORTH, State=AUDITING, Action=WAITING, Priority=0.0, Battery=77.8%, Waits=152
[14:57:06] [Tick 168] Deadlock/livelock detected (152 wait ticks). Seeking alternate route/nook...
[14:57:06] [Tick 168] Alternate route found to goal (20 steps).
[14:57:06] [Tick 168] Pos=(19, 21), Heading=NORTH, State=AUDITING, Action=WAITING, Priority=0.0, Battery=77.7%, Waits=153
[14:57:06] [Tick 169] Deadlock/livelock detected (153 wait ticks). Seeking alternate route/nook...
[14:57:06] [Tick 169] Alternate route found to goal (20 steps).
[14:57:06] [Tick 169] Pos=(19, 21), Heading=NORTH, State=AUDITING, Action=WAITING, Priority=0.0, Battery=77.6%, Waits=154
[14:57:07] [Tick 170] Deadlock/livelock detected (154 wait ticks). Seeking alternate route/nook...
[14:57:07] [Tick 170] Alternate route found to goal (20 steps).
[14:57:07] [Tick 170] Pos=(19, 21), Heading=NORTH, State=AUDITING, Action=WAITING, Priority=0.0, Battery=77.5%, Waits=155
[14:57:07] [Tick 171] Deadlock/livelock detected (155 wait ticks). Seeking alternate route/nook...
[14:57:07] [Tick 171] Alternate route found to goal (20 steps).
[14:57:07] [Tick 171] Pos=(19, 21), Heading=NORTH, State=AUDITING, Action=WAITING, Priority=0.0, Battery=77.4%, Waits=156
[14:57:08] [Tick 172] Deadlock/livelock detected (156 wait ticks). Seeking alternate route/nook...
[14:57:08] [Tick 172] Alternate route found to goal (20 steps).
[14:57:08] [Tick 172] Pos=(19, 21), Heading=NORTH, State=AUDITING, Action=WAITING, Priority=0.0, Battery=77.3%, Waits=157
[14:57:08] [Tick 173] Deadlock/livelock detected (157 wait ticks). Seeking alternate route/nook...
[14:57:08] [Tick 173] Alternate route found to goal (20 steps).
[14:57:08] [Tick 173] Pos=(19, 21), Heading=NORTH, State=AUDITING, Action=WAITING, Priority=0.0, Battery=77.2%, Waits=158
[14:57:09] [Tick 174] Deadlock/livelock detected (158 wait ticks). Seeking alternate route/nook...
[14:57:09] [Tick 174] Alternate route found to goal (20 steps).
[14:57:09] [Tick 174] Pos=(19, 21), Heading=NORTH, State=AUDITING, Action=WAITING, Priority=0.0, Battery=77.1%, Waits=159
[14:57:09] [Tick 175] Deadlock/livelock detected (159 wait ticks). Seeking alternate route/nook...
[14:57:09] [Tick 175] Alternate route found to goal (20 steps).
[14:57:09] [Tick 175] Pos=(19, 21), Heading=NORTH, State=AUDITING, Action=WAITING, Priority=0.0, Battery=77.0%, Waits=160
[14:57:10] [Tick 176] Deadlock/livelock detected (160 wait ticks). Seeking alternate route/nook...
[14:57:10] [Tick 176] Alternate route found to goal (20 steps).
[14:57:10] [Tick 176] Pos=(19, 21), Heading=NORTH, State=AUDITING, Action=WAITING, Priority=0.0, Battery=76.9%, Waits=161
[14:57:10] [Tick 177] Deadlock/livelock detected (161 wait ticks). Seeking alternate route/nook...
[14:57:10] [Tick 177] Alternate route found to goal (20 steps).
[14:57:10] [Tick 177] Pos=(19, 21), Heading=NORTH, State=AUDITING, Action=WAITING, Priority=0.0, Battery=76.8%, Waits=162
[14:57:11] [Tick 178] Deadlock/livelock detected (162 wait ticks). Seeking alternate route/nook...
[14:57:11] [Tick 178] Alternate route found to goal (20 steps).
[14:57:11] [Tick 178] Pos=(19, 21), Heading=NORTH, State=AUDITING, Action=WAITING, Priority=0.0, Battery=76.7%, Waits=163
[14:57:11] [Tick 179] Deadlock/livelock detected (163 wait ticks). Seeking alternate route/nook...
[14:57:11] [Tick 179] Alternate route found to goal (20 steps).
[14:57:11] [Tick 179] Pos=(19, 21), Heading=NORTH, State=AUDITING, Action=WAITING, Priority=0.0, Battery=76.6%, Waits=164
[14:57:12] [Tick 180] Deadlock/livelock detected (164 wait ticks). Seeking alternate route/nook...
[14:57:12] [Tick 180] Alternate route found to goal (20 steps).
[14:57:12] [Tick 180] Pos=(19, 21), Heading=NORTH, State=AUDITING, Action=WAITING, Priority=0.0, Battery=76.5%, Waits=165
[14:57:12] [Tick 181] Deadlock/livelock detected (165 wait ticks). Seeking alternate route/nook...
[14:57:12] [Tick 181] Alternate route found to goal (20 steps).
[14:57:12] [Tick 181] Pos=(19, 21), Heading=NORTH, State=AUDITING, Action=WAITING, Priority=0.0, Battery=76.4%, Waits=166
[14:57:13] [Tick 182] Deadlock/livelock detected (166 wait ticks). Seeking alternate route/nook...
[14:57:13] [Tick 182] Alternate route found to goal (20 steps).
[14:57:13] [Tick 182] Pos=(19, 21), Heading=NORTH, State=AUDITING, Action=WAITING, Priority=0.0, Battery=76.3%, Waits=167
[14:57:13] [Tick 183] Deadlock/livelock detected (167 wait ticks). Seeking alternate route/nook...
[14:57:13] [Tick 183] Alternate route found to goal (20 steps).
[14:57:13] [Tick 183] Pos=(19, 21), Heading=NORTH, State=AUDITING, Action=WAITING, Priority=0.0, Battery=76.2%, Waits=168
[14:57:14] [Tick 184] Deadlock/livelock detected (168 wait ticks). Seeking alternate route/nook...
[14:57:14] [Tick 184] Alternate route found to goal (20 steps).
[14:57:14] [Tick 184] Pos=(19, 21), Heading=NORTH, State=AUDITING, Action=WAITING, Priority=0.0, Battery=76.1%, Waits=169
[14:57:14] [Tick 185] Deadlock/livelock detected (169 wait ticks). Seeking alternate route/nook...
[14:57:14] [Tick 185] Alternate route found to goal (20 steps).
[14:57:14] [Tick 185] Pos=(19, 21), Heading=NORTH, State=AUDITING, Action=WAITING, Priority=0.0, Battery=76.0%, Waits=170
[14:57:15] [Tick 186] Deadlock/livelock detected (170 wait ticks). Seeking alternate route/nook...
[14:57:15] [Tick 186] Alternate route found to goal (20 steps).
[14:57:15] [Tick 186] Pos=(19, 21), Heading=NORTH, State=AUDITING, Action=WAITING, Priority=0.0, Battery=75.9%, Waits=171
[14:57:15] [Tick 187] Deadlock/livelock detected (171 wait ticks). Seeking alternate route/nook...
[14:57:15] [Tick 187] Alternate route found to goal (20 steps).
[14:57:15] [Tick 187] Pos=(19, 21), Heading=NORTH, State=AUDITING, Action=WAITING, Priority=0.0, Battery=75.8%, Waits=172
[14:57:16] [Tick 188] Deadlock/livelock detected (172 wait ticks). Seeking alternate route/nook...
[14:57:16] [Tick 188] Alternate route found to goal (20 steps).
[14:57:16] [Tick 188] Pos=(19, 21), Heading=NORTH, State=AUDITING, Action=WAITING, Priority=0.0, Battery=75.7%, Waits=173
[14:57:16] [Tick 189] Deadlock/livelock detected (173 wait ticks). Seeking alternate route/nook...
[14:57:16] [Tick 189] Alternate route found to goal (20 steps).
[14:57:16] [Tick 189] Pos=(19, 21), Heading=NORTH, State=AUDITING, Action=WAITING, Priority=0.0, Battery=75.6%, Waits=174
[14:57:17] [Tick 190] Deadlock/livelock detected (174 wait ticks). Seeking alternate route/nook...
[14:57:17] [Tick 190] Alternate route found to goal (20 steps).
[14:57:17] [Tick 190] Pos=(19, 21), Heading=NORTH, State=AUDITING, Action=WAITING, Priority=0.0, Battery=75.5%, Waits=175
[14:57:17] [Tick 191] Deadlock/livelock detected (175 wait ticks). Seeking alternate route/nook...
[14:57:17] [Tick 191] Alternate route found to goal (20 steps).
[14:57:17] [Tick 191] Pos=(19, 21), Heading=NORTH, State=AUDITING, Action=WAITING, Priority=0.0, Battery=75.4%, Waits=176
[14:57:18] [Tick 192] Deadlock/livelock detected (176 wait ticks). Seeking alternate route/nook...
[14:57:18] [Tick 192] Alternate route found to goal (20 steps).
[14:57:18] [Tick 192] Pos=(19, 21), Heading=NORTH, State=AUDITING, Action=WAITING, Priority=0.0, Battery=75.3%, Waits=177
[14:57:18] [Tick 193] Deadlock/livelock detected (177 wait ticks). Seeking alternate route/nook...
[14:57:18] [Tick 193] Alternate route found to goal (20 steps).
[14:57:18] [Tick 193] Pos=(19, 21), Heading=NORTH, State=AUDITING, Action=WAITING, Priority=0.0, Battery=75.2%, Waits=178
[14:57:19] [Tick 194] Deadlock/livelock detected (178 wait ticks). Seeking alternate route/nook...
[14:57:19] [Tick 194] Alternate route found to goal (20 steps).
[14:57:19] [Tick 194] Pos=(19, 21), Heading=NORTH, State=AUDITING, Action=WAITING, Priority=0.0, Battery=75.1%, Waits=179
[14:57:19] [Tick 195] Deadlock/livelock detected (179 wait ticks). Seeking alternate route/nook...
[14:57:19] [Tick 195] Alternate route found to goal (20 steps).
[14:57:19] [Tick 195] Pos=(19, 21), Heading=NORTH, State=AUDITING, Action=WAITING, Priority=0.0, Battery=75.0%, Waits=180
[14:57:20] [Tick 196] Deadlock/livelock detected (180 wait ticks). Seeking alternate route/nook...
[14:57:20] [Tick 196] Alternate route found to goal (20 steps).
[14:57:20] [Tick 196] Pos=(19, 21), Heading=NORTH, State=AUDITING, Action=WAITING, Priority=0.0, Battery=74.9%, Waits=181
[14:57:20] [Tick 197] Deadlock/livelock detected (181 wait ticks). Seeking alternate route/nook...
[14:57:20] [Tick 197] Alternate route found to goal (20 steps).
[14:57:20] [Tick 197] Pos=(19, 21), Heading=NORTH, State=AUDITING, Action=WAITING, Priority=0.0, Battery=74.8%, Waits=182
[14:57:21] [Tick 198] Deadlock/livelock detected (182 wait ticks). Seeking alternate route/nook...
[14:57:21] [Tick 198] Alternate route found to goal (20 steps).
[14:57:21] [Tick 198] Pos=(19, 21), Heading=NORTH, State=AUDITING, Action=WAITING, Priority=0.0, Battery=74.7%, Waits=183
[14:57:21] [Tick 199] Deadlock/livelock detected (183 wait ticks). Seeking alternate route/nook...
[14:57:21] [Tick 199] Alternate route found to goal (20 steps).
[14:57:21] [Tick 199] Pos=(19, 21), Heading=NORTH, State=AUDITING, Action=WAITING, Priority=0.0, Battery=74.6%, Waits=184
[14:57:22] [Tick 200] Deadlock/livelock detected (184 wait ticks). Seeking alternate route/nook...
[14:57:22] [Tick 200] Alternate route found to goal (20 steps).
[14:57:22] [Tick 200] Pos=(19, 21), Heading=NORTH, State=AUDITING, Action=WAITING, Priority=0.0, Battery=74.5%, Waits=185
[14:57:22] [Tick 201] Deadlock/livelock detected (185 wait ticks). Seeking alternate route/nook...
[14:57:22] [Tick 201] Alternate route found to goal (20 steps).
[14:57:22] [Tick 201] Pos=(19, 21), Heading=NORTH, State=AUDITING, Action=WAITING, Priority=0.0, Battery=74.4%, Waits=186
[14:57:23] [Tick 202] Deadlock/livelock detected (186 wait ticks). Seeking alternate route/nook...
[14:57:23] [Tick 202] Alternate route found to goal (20 steps).
[14:57:23] [Tick 202] Pos=(19, 21), Heading=NORTH, State=AUDITING, Action=WAITING, Priority=0.0, Battery=74.3%, Waits=187
[14:57:23] [Tick 203] Deadlock/livelock detected (187 wait ticks). Seeking alternate route/nook...
[14:57:23] [Tick 203] Alternate route found to goal (20 steps).
[14:57:23] [Tick 203] Pos=(19, 21), Heading=NORTH, State=AUDITING, Action=WAITING, Priority=0.0, Battery=74.2%, Waits=188
[14:57:24] [Tick 204] Deadlock/livelock detected (188 wait ticks). Seeking alternate route/nook...
[14:57:24] [Tick 204] Alternate route found to goal (20 steps).
[14:57:24] [Tick 204] Pos=(19, 21), Heading=NORTH, State=AUDITING, Action=WAITING, Priority=0.0, Battery=74.1%, Waits=189
[14:57:24] [Tick 205] Deadlock/livelock detected (189 wait ticks). Seeking alternate route/nook...
[14:57:24] [Tick 205] Alternate route found to goal (20 steps).
[14:57:24] [Tick 205] Pos=(19, 21), Heading=NORTH, State=AUDITING, Action=WAITING, Priority=0.0, Battery=74.0%, Waits=190
[14:57:25] [Tick 206] Deadlock/livelock detected (190 wait ticks). Seeking alternate route/nook...
[14:57:25] [Tick 206] Alternate route found to goal (20 steps).
[14:57:25] [Tick 206] Pos=(19, 21), Heading=NORTH, State=AUDITING, Action=WAITING, Priority=0.0, Battery=73.9%, Waits=191
[14:57:25] [Tick 207] Deadlock/livelock detected (191 wait ticks). Seeking alternate route/nook...
[14:57:25] [Tick 207] Alternate route found to goal (20 steps).
[14:57:25] [Tick 207] Pos=(19, 21), Heading=NORTH, State=AUDITING, Action=WAITING, Priority=0.0, Battery=73.8%, Waits=192
[14:57:26] [Tick 208] Deadlock/livelock detected (192 wait ticks). Seeking alternate route/nook...
[14:57:26] [Tick 208] Alternate route found to goal (20 steps).
[14:57:26] [Tick 208] Pos=(19, 21), Heading=NORTH, State=AUDITING, Action=WAITING, Priority=0.0, Battery=73.7%, Waits=193
[14:57:26] [Tick 209] Deadlock/livelock detected (193 wait ticks). Seeking alternate route/nook...
[14:57:26] [Tick 209] Alternate route found to goal (20 steps).
[14:57:26] [Tick 209] Pos=(19, 21), Heading=NORTH, State=AUDITING, Action=WAITING, Priority=0.0, Battery=73.6%, Waits=194
[14:57:27] [Tick 210] Deadlock/livelock detected (194 wait ticks). Seeking alternate route/nook...
[14:57:27] [Tick 210] Alternate route found to goal (20 steps).
[14:57:27] [Tick 210] Pos=(19, 21), Heading=NORTH, State=AUDITING, Action=WAITING, Priority=0.0, Battery=73.5%, Waits=195
[14:57:27] [Tick 211] Deadlock/livelock detected (195 wait ticks). Seeking alternate route/nook...
[14:57:27] [Tick 211] Alternate route found to goal (20 steps).
[14:57:27] [Tick 211] Pos=(19, 21), Heading=NORTH, State=AUDITING, Action=WAITING, Priority=0.0, Battery=73.4%, Waits=196
[14:57:28] [Tick 212] Deadlock/livelock detected (196 wait ticks). Seeking alternate route/nook...
[14:57:28] [Tick 212] Alternate route found to goal (20 steps).
[14:57:28] [Tick 212] Pos=(19, 21), Heading=NORTH, State=AUDITING, Action=WAITING, Priority=0.0, Battery=73.3%, Waits=197
[14:57:28] [Tick 213] Deadlock/livelock detected (197 wait ticks). Seeking alternate route/nook...
[14:57:28] [Tick 213] Alternate route found to goal (20 steps).
[14:57:28] [Tick 213] Pos=(19, 21), Heading=NORTH, State=AUDITING, Action=WAITING, Priority=0.0, Battery=73.2%, Waits=198
[14:57:29] [Tick 214] Deadlock/livelock detected (198 wait ticks). Seeking alternate route/nook...
[14:57:29] [Tick 214] Alternate route found to goal (20 steps).
[14:57:29] [Tick 214] Pos=(19, 21), Heading=NORTH, State=AUDITING, Action=WAITING, Priority=0.0, Battery=73.1%, Waits=199
[14:57:29] [Tick 215] Deadlock/livelock detected (199 wait ticks). Seeking alternate route/nook...
[14:57:29] [Tick 215] Alternate route found to goal (20 steps).
[14:57:29] [Tick 215] Pos=(19, 21), Heading=NORTH, State=AUDITING, Action=WAITING, Priority=0.0, Battery=73.0%, Waits=200
[14:57:30] [Tick 216] Deadlock/livelock detected (200 wait ticks). Seeking alternate route/nook...
[14:57:30] [Tick 216] Alternate route found to goal (20 steps).
[14:57:30] [Tick 216] Pos=(19, 21), Heading=NORTH, State=AUDITING, Action=WAITING, Priority=0.0, Battery=72.9%, Waits=201
[14:57:30] [Tick 217] Deadlock/livelock detected (201 wait ticks). Seeking alternate route/nook...
[14:57:30] [Tick 217] Alternate route found to goal (20 steps).
[14:57:30] [Tick 217] Pos=(19, 21), Heading=NORTH, State=AUDITING, Action=WAITING, Priority=0.0, Battery=72.8%, Waits=202
[14:57:31] [Tick 218] Deadlock/livelock detected (202 wait ticks). Seeking alternate route/nook...
[14:57:31] [Tick 218] Alternate route found to goal (20 steps).
[14:57:31] [Tick 218] Pos=(19, 21), Heading=NORTH, State=AUDITING, Action=WAITING, Priority=0.0, Battery=72.7%, Waits=203
[14:57:31] [Tick 219] Deadlock/livelock detected (203 wait ticks). Seeking alternate route/nook...
[14:57:31] [Tick 219] Alternate route found to goal (20 steps).
[14:57:31] [Tick 219] Pos=(19, 21), Heading=NORTH, State=AUDITING, Action=WAITING, Priority=0.0, Battery=72.6%, Waits=204
[14:57:32] [Tick 220] Deadlock/livelock detected (204 wait ticks). Seeking alternate route/nook...
[14:57:32] [Tick 220] Alternate route found to goal (20 steps).
[14:57:32] [Tick 220] Pos=(19, 21), Heading=NORTH, State=AUDITING, Action=WAITING, Priority=0.0, Battery=72.5%, Waits=205
[14:57:32] [Tick 221] Deadlock/livelock detected (205 wait ticks). Seeking alternate route/nook...
[14:57:32] [Tick 221] Alternate route found to goal (20 steps).
[14:57:32] [Tick 221] Pos=(19, 21), Heading=NORTH, State=AUDITING, Action=WAITING, Priority=0.0, Battery=72.4%, Waits=206
[14:57:33] [Tick 222] Deadlock/livelock detected (206 wait ticks). Seeking alternate route/nook...
[14:57:33] [Tick 222] Alternate route found to goal (20 steps).
[14:57:33] [Tick 222] Pos=(19, 21), Heading=NORTH, State=AUDITING, Action=WAITING, Priority=0.0, Battery=72.3%, Waits=207
[14:57:33] [Tick 223] Deadlock/livelock detected (207 wait ticks). Seeking alternate route/nook...
[14:57:33] [Tick 223] Alternate route found to goal (20 steps).
[14:57:33] [Tick 223] Pos=(19, 21), Heading=NORTH, State=AUDITING, Action=WAITING, Priority=0.0, Battery=72.2%, Waits=208
[14:57:34] [Tick 224] Deadlock/livelock detected (208 wait ticks). Seeking alternate route/nook...
[14:57:34] [Tick 224] Alternate route found to goal (20 steps).
[14:57:34] [Tick 224] Pos=(19, 21), Heading=NORTH, State=AUDITING, Action=WAITING, Priority=0.0, Battery=72.1%, Waits=209
[14:57:34] [Tick 225] Deadlock/livelock detected (209 wait ticks). Seeking alternate route/nook...
[14:57:34] [Tick 225] Alternate route found to goal (20 steps).
[14:57:34] [Tick 225] Pos=(19, 21), Heading=NORTH, State=AUDITING, Action=WAITING, Priority=0.0, Battery=72.0%, Waits=210
[14:57:35] [Tick 226] Deadlock/livelock detected (210 wait ticks). Seeking alternate route/nook...
[14:57:35] [Tick 226] Alternate route found to goal (20 steps).
[14:57:35] [Tick 226] Pos=(19, 21), Heading=NORTH, State=AUDITING, Action=WAITING, Priority=0.0, Battery=71.9%, Waits=211
[14:57:35] [Tick 227] Deadlock/livelock detected (211 wait ticks). Seeking alternate route/nook...
[14:57:35] [Tick 227] Alternate route found to goal (20 steps).
[14:57:35] [Tick 227] Pos=(19, 21), Heading=NORTH, State=AUDITING, Action=WAITING, Priority=0.0, Battery=71.8%, Waits=212
[14:57:36] [Tick 228] Deadlock/livelock detected (212 wait ticks). Seeking alternate route/nook...
[14:57:36] [Tick 228] Alternate route found to goal (20 steps).
[14:57:36] [Tick 228] Pos=(19, 21), Heading=NORTH, State=AUDITING, Action=WAITING, Priority=0.0, Battery=71.7%, Waits=213
[14:57:36] [Tick 229] Deadlock/livelock detected (213 wait ticks). Seeking alternate route/nook...
[14:57:36] [Tick 229] Alternate route found to goal (20 steps).
[14:57:36] [Tick 229] Pos=(19, 21), Heading=NORTH, State=AUDITING, Action=WAITING, Priority=0.0, Battery=71.6%, Waits=214
[14:57:37] [Tick 230] Deadlock/livelock detected (214 wait ticks). Seeking alternate route/nook...
[14:57:37] [Tick 230] Alternate route found to goal (20 steps).
[14:57:37] [Tick 230] Pos=(19, 21), Heading=NORTH, State=AUDITING, Action=WAITING, Priority=0.0, Battery=71.5%, Waits=215
[14:57:37] [Tick 231] Deadlock/livelock detected (215 wait ticks). Seeking alternate route/nook...
[14:57:37] [Tick 231] Alternate route found to goal (20 steps).
[14:57:37] [Tick 231] Pos=(19, 21), Heading=NORTH, State=AUDITING, Action=WAITING, Priority=0.0, Battery=71.4%, Waits=216
[14:57:38] [Tick 232] Deadlock/livelock detected (216 wait ticks). Seeking alternate route/nook...
[14:57:38] [Tick 232] Alternate route found to goal (20 steps).
[14:57:38] [Tick 232] Pos=(19, 21), Heading=NORTH, State=AUDITING, Action=WAITING, Priority=0.0, Battery=71.3%, Waits=217
[14:57:38] [Tick 233] Deadlock/livelock detected (217 wait ticks). Seeking alternate route/nook...
[14:57:38] [Tick 233] Alternate route found to goal (20 steps).
[14:57:38] [Tick 233] Pos=(19, 21), Heading=NORTH, State=AUDITING, Action=WAITING, Priority=0.0, Battery=71.2%, Waits=218
[14:57:39] [Tick 234] Deadlock/livelock detected (218 wait ticks). Seeking alternate route/nook...
[14:57:39] [Tick 234] Alternate route found to goal (20 steps).
[14:57:39] [Tick 234] Pos=(19, 21), Heading=NORTH, State=AUDITING, Action=WAITING, Priority=0.0, Battery=71.1%, Waits=219
[14:57:39] [Tick 235] Deadlock/livelock detected (219 wait ticks). Seeking alternate route/nook...
[14:57:39] [Tick 235] Alternate route found to goal (20 steps).
[14:57:39] [Tick 235] Pos=(19, 21), Heading=NORTH, State=AUDITING, Action=WAITING, Priority=0.0, Battery=71.0%, Waits=220
[14:57:40] [Tick 236] Deadlock/livelock detected (220 wait ticks). Seeking alternate route/nook...
[14:57:40] [Tick 236] Alternate route found to goal (20 steps).
[14:57:40] [Tick 236] Pos=(19, 21), Heading=NORTH, State=AUDITING, Action=WAITING, Priority=0.0, Battery=70.9%, Waits=221
[14:57:40] [Tick 237] Deadlock/livelock detected (221 wait ticks). Seeking alternate route/nook...
[14:57:40] [Tick 237] Alternate route found to goal (20 steps).
[14:57:40] [Tick 237] Pos=(19, 21), Heading=NORTH, State=AUDITING, Action=WAITING, Priority=0.0, Battery=70.8%, Waits=222
[14:57:41] [Tick 238] Deadlock/livelock detected (222 wait ticks). Seeking alternate route/nook...
[14:57:41] [Tick 238] Alternate route found to goal (20 steps).
[14:57:41] [Tick 238] Pos=(19, 21), Heading=NORTH, State=AUDITING, Action=WAITING, Priority=0.0, Battery=70.7%, Waits=223
[14:57:41] [Tick 239] Deadlock/livelock detected (223 wait ticks). Seeking alternate route/nook...
[14:57:41] [Tick 239] Alternate route found to goal (20 steps).
[14:57:41] [Tick 239] Pos=(19, 21), Heading=NORTH, State=AUDITING, Action=WAITING, Priority=0.0, Battery=70.6%, Waits=224
[14:57:42] [Tick 240] Deadlock/livelock detected (224 wait ticks). Seeking alternate route/nook...
[14:57:42] [Tick 240] Alternate route found to goal (20 steps).
[14:57:42] [Tick 240] Pos=(19, 21), Heading=NORTH, State=AUDITING, Action=WAITING, Priority=0.0, Battery=70.5%, Waits=225
[14:57:42] [Tick 241] Deadlock/livelock detected (225 wait ticks). Seeking alternate route/nook...
[14:57:42] [Tick 241] Alternate route found to goal (20 steps).
[14:57:42] [Tick 241] Pos=(19, 21), Heading=NORTH, State=AUDITING, Action=WAITING, Priority=0.0, Battery=70.4%, Waits=226
[14:57:43] [Tick 242] Deadlock/livelock detected (226 wait ticks). Seeking alternate route/nook...
[14:57:43] [Tick 242] Alternate route found to goal (20 steps).
[14:57:43] [Tick 242] Pos=(19, 21), Heading=NORTH, State=AUDITING, Action=WAITING, Priority=0.0, Battery=70.3%, Waits=227
[14:57:43] [Tick 243] Deadlock/livelock detected (227 wait ticks). Seeking alternate route/nook...
[14:57:43] [Tick 243] Alternate route found to goal (20 steps).
[14:57:43] [Tick 243] Pos=(19, 21), Heading=NORTH, State=AUDITING, Action=WAITING, Priority=0.0, Battery=70.2%, Waits=228
[14:57:44] [Tick 244] Deadlock/livelock detected (228 wait ticks). Seeking alternate route/nook...
[14:57:44] [Tick 244] Alternate route found to goal (20 steps).
[14:57:44] [Tick 244] Pos=(19, 21), Heading=NORTH, State=AUDITING, Action=WAITING, Priority=0.0, Battery=70.1%, Waits=229
[14:57:44] [Tick 245] Deadlock/livelock detected (229 wait ticks). Seeking alternate route/nook...
[14:57:44] [Tick 245] Alternate route found to goal (20 steps).
[14:57:44] [Tick 245] Pos=(19, 21), Heading=NORTH, State=AUDITING, Action=WAITING, Priority=0.0, Battery=70.0%, Waits=230
[14:57:45] [Tick 246] Deadlock/livelock detected (230 wait ticks). Seeking alternate route/nook...
[14:57:45] [Tick 246] Alternate route found to goal (20 steps).
[14:57:45] [Tick 246] Pos=(19, 21), Heading=NORTH, State=AUDITING, Action=WAITING, Priority=0.0, Battery=69.9%, Waits=231
[14:57:45] [Tick 247] Deadlock/livelock detected (231 wait ticks). Seeking alternate route/nook...
[14:57:45] [Tick 247] Alternate route found to goal (20 steps).
[14:57:45] [Tick 247] Pos=(19, 21), Heading=NORTH, State=AUDITING, Action=WAITING, Priority=0.0, Battery=69.8%, Waits=232
[14:57:46] [Tick 248] Deadlock/livelock detected (232 wait ticks). Seeking alternate route/nook...
[14:57:46] [Tick 248] Alternate route found to goal (20 steps).
[14:57:46] [Tick 248] Pos=(19, 21), Heading=NORTH, State=AUDITING, Action=WAITING, Priority=0.0, Battery=69.7%, Waits=233
[14:57:46] [Tick 249] Deadlock/livelock detected (233 wait ticks). Seeking alternate route/nook...
[14:57:46] [Tick 249] Alternate route found to goal (20 steps).
[14:57:47] [Tick 249] Pos=(19, 21), Heading=NORTH, State=AUDITING, Action=WAITING, Priority=0.0, Battery=69.6%, Waits=234
[14:57:47] [Tick 250] Deadlock/livelock detected (234 wait ticks). Seeking alternate route/nook...
[14:57:47] [Tick 250] Alternate route found to goal (20 steps).
[14:57:47] [Tick 250] Pos=(19, 21), Heading=NORTH, State=AUDITING, Action=WAITING, Priority=0.0, Battery=69.5%, Waits=235
[14:57:47] [Tick 251] Deadlock/livelock detected (235 wait ticks). Seeking alternate route/nook...
[14:57:48] [Tick 251] Alternate route found to goal (20 steps).
[14:57:48] [Tick 251] Pos=(19, 21), Heading=NORTH, State=AUDITING, Action=WAITING, Priority=0.0, Battery=69.4%, Waits=236
[14:57:48] [Tick 252] Deadlock/livelock detected (236 wait ticks). Seeking alternate route/nook...
[14:57:48] [Tick 252] Alternate route found to goal (20 steps).
[14:57:48] [Tick 252] Pos=(19, 21), Heading=NORTH, State=AUDITING, Action=WAITING, Priority=0.0, Battery=69.3%, Waits=237
[14:57:49] [Tick 253] Deadlock/livelock detected (237 wait ticks). Seeking alternate route/nook...
[14:57:49] [Tick 253] Alternate route found to goal (20 steps).
[14:57:49] [Tick 253] Pos=(19, 21), Heading=NORTH, State=AUDITING, Action=WAITING, Priority=0.0, Battery=69.2%, Waits=238
[14:57:49] [Tick 254] Deadlock/livelock detected (238 wait ticks). Seeking alternate route/nook...
[14:57:49] [Tick 254] Alternate route found to goal (20 steps).
[14:57:49] [Tick 254] Pos=(19, 21), Heading=NORTH, State=AUDITING, Action=WAITING, Priority=0.0, Battery=69.1%, Waits=239
[14:57:50] [Tick 255] Deadlock/livelock detected (239 wait ticks). Seeking alternate route/nook...
[14:57:50] [Tick 255] Alternate route found to goal (20 steps).
[14:57:50] [Tick 255] Pos=(19, 21), Heading=NORTH, State=AUDITING, Action=WAITING, Priority=0.0, Battery=69.0%, Waits=240
[14:57:50] [Tick 256] Deadlock/livelock detected (240 wait ticks). Seeking alternate route/nook...
[14:57:50] [Tick 256] Alternate route found to goal (20 steps).
[14:57:50] [Tick 256] Pos=(19, 21), Heading=NORTH, State=AUDITING, Action=WAITING, Priority=0.0, Battery=68.9%, Waits=241
[14:57:51] [Tick 257] Deadlock/livelock detected (241 wait ticks). Seeking alternate route/nook...
[14:57:51] [Tick 257] Alternate route found to goal (20 steps).
[14:57:51] [Tick 257] Pos=(19, 21), Heading=NORTH, State=AUDITING, Action=WAITING, Priority=0.0, Battery=68.8%, Waits=242
[14:57:51] [Tick 258] Deadlock/livelock detected (242 wait ticks). Seeking alternate route/nook...
[14:57:51] [Tick 258] Alternate route found to goal (20 steps).
[14:57:51] [Tick 258] Pos=(19, 21), Heading=NORTH, State=AUDITING, Action=WAITING, Priority=0.0, Battery=68.7%, Waits=243
[14:57:52] [Tick 259] Deadlock/livelock detected (243 wait ticks). Seeking alternate route/nook...
[14:57:52] [Tick 259] Alternate route found to goal (20 steps).
[14:57:52] [Tick 259] Pos=(19, 21), Heading=NORTH, State=AUDITING, Action=WAITING, Priority=0.0, Battery=68.6%, Waits=244
[14:57:52] [Tick 260] Deadlock/livelock detected (244 wait ticks). Seeking alternate route/nook...
[14:57:52] [Tick 260] Alternate route found to goal (20 steps).
[14:57:52] [Tick 260] Pos=(19, 21), Heading=NORTH, State=AUDITING, Action=WAITING, Priority=0.0, Battery=68.5%, Waits=245
[14:57:53] [Tick 261] Deadlock/livelock detected (245 wait ticks). Seeking alternate route/nook...
[14:57:53] [Tick 261] Alternate route found to goal (20 steps).
[14:57:53] [Tick 261] Pos=(19, 21), Heading=NORTH, State=AUDITING, Action=WAITING, Priority=0.0, Battery=68.4%, Waits=246
[14:57:53] [Tick 262] Deadlock/livelock detected (246 wait ticks). Seeking alternate route/nook...
[14:57:53] [Tick 262] Alternate route found to goal (20 steps).
[14:57:53] [Tick 262] Pos=(19, 21), Heading=NORTH, State=AUDITING, Action=WAITING, Priority=0.0, Battery=68.3%, Waits=247
[14:57:54] [Tick 263] Deadlock/livelock detected (247 wait ticks). Seeking alternate route/nook...
[14:57:54] [Tick 263] Alternate route found to goal (20 steps).
[14:57:54] [Tick 263] Pos=(19, 21), Heading=NORTH, State=AUDITING, Action=WAITING, Priority=0.0, Battery=68.2%, Waits=248
[14:57:54] [Tick 264] Deadlock/livelock detected (248 wait ticks). Seeking alternate route/nook...
[14:57:54] [Tick 264] Alternate route found to goal (20 steps).
[14:57:54] [Tick 264] Pos=(19, 21), Heading=NORTH, State=AUDITING, Action=WAITING, Priority=0.0, Battery=68.1%, Waits=249
[14:57:55] [Tick 265] Deadlock/livelock detected (249 wait ticks). Seeking alternate route/nook...
[14:57:55] [Tick 265] Alternate route found to goal (20 steps).
[14:57:55] [Tick 265] Pos=(19, 21), Heading=NORTH, State=AUDITING, Action=WAITING, Priority=0.0, Battery=68.0%, Waits=250
[14:57:55] [Tick 266] Deadlock/livelock detected (250 wait ticks). Seeking alternate route/nook...
[14:57:55] [Tick 266] Alternate route found to goal (20 steps).
[14:57:55] [Tick 266] Pos=(19, 21), Heading=NORTH, State=AUDITING, Action=WAITING, Priority=0.0, Battery=67.9%, Waits=251
[14:57:56] [Tick 267] Deadlock/livelock detected (251 wait ticks). Seeking alternate route/nook...
[14:57:56] [Tick 267] Alternate route found to goal (20 steps).
[14:57:56] [Tick 267] Pos=(19, 21), Heading=NORTH, State=AUDITING, Action=WAITING, Priority=0.0, Battery=67.8%, Waits=252
[14:57:56] [Tick 268] Deadlock/livelock detected (252 wait ticks). Seeking alternate route/nook...
[14:57:56] [Tick 268] Alternate route found to goal (20 steps).
[14:57:56] [Tick 268] Pos=(19, 21), Heading=NORTH, State=AUDITING, Action=WAITING, Priority=0.0, Battery=67.7%, Waits=253
[14:57:57] [Tick 269] Deadlock/livelock detected (253 wait ticks). Seeking alternate route/nook...
[14:57:57] [Tick 269] Alternate route found to goal (20 steps).
[14:57:57] [Tick 269] Pos=(19, 21), Heading=NORTH, State=AUDITING, Action=WAITING, Priority=0.0, Battery=67.6%, Waits=254
[14:57:57] [Tick 270] Deadlock/livelock detected (254 wait ticks). Seeking alternate route/nook...
[14:57:57] [Tick 270] Alternate route found to goal (20 steps).
[14:57:57] [Tick 270] Pos=(19, 21), Heading=NORTH, State=AUDITING, Action=WAITING, Priority=0.0, Battery=67.5%, Waits=255
[14:57:58] [Tick 271] Deadlock/livelock detected (255 wait ticks). Seeking alternate route/nook...
[14:57:58] [Tick 271] Alternate route found to goal (20 steps).
[14:57:58] [Tick 271] Pos=(19, 21), Heading=NORTH, State=AUDITING, Action=WAITING, Priority=0.0, Battery=67.4%, Waits=256
[14:57:58] [Tick 272] Deadlock/livelock detected (256 wait ticks). Seeking alternate route/nook...
[14:57:58] [Tick 272] Alternate route found to goal (20 steps).
[14:57:58] [Tick 272] Pos=(19, 21), Heading=NORTH, State=AUDITING, Action=WAITING, Priority=0.0, Battery=67.3%, Waits=257
[14:57:59] [Tick 273] Deadlock/livelock detected (257 wait ticks). Seeking alternate route/nook...
[14:57:59] [Tick 273] Alternate route found to goal (20 steps).
[14:57:59] [Tick 273] Pos=(19, 21), Heading=NORTH, State=AUDITING, Action=WAITING, Priority=0.0, Battery=67.2%, Waits=258
[14:57:59] [Tick 274] Deadlock/livelock detected (258 wait ticks). Seeking alternate route/nook...
[14:57:59] [Tick 274] Alternate route found to goal (20 steps).
[14:57:59] [Tick 274] Pos=(19, 21), Heading=NORTH, State=AUDITING, Action=WAITING, Priority=0.0, Battery=67.1%, Waits=259
[14:58:00] [Tick 275] Deadlock/livelock detected (259 wait ticks). Seeking alternate route/nook...
[14:58:00] [Tick 275] Alternate route found to goal (20 steps).
[14:58:00] [Tick 275] Pos=(19, 21), Heading=NORTH, State=AUDITING, Action=WAITING, Priority=0.0, Battery=67.0%, Waits=260
[14:58:00] [Tick 276] Deadlock/livelock detected (260 wait ticks). Seeking alternate route/nook...
[14:58:00] [Tick 276] Alternate route found to goal (20 steps).
[14:58:00] [Tick 276] Pos=(19, 21), Heading=NORTH, State=AUDITING, Action=WAITING, Priority=0.0, Battery=66.9%, Waits=261
[14:58:01] [Tick 277] Deadlock/livelock detected (261 wait ticks). Seeking alternate route/nook...
[14:58:01] [Tick 277] Alternate route found to goal (20 steps).
[14:58:01] [Tick 277] Pos=(19, 21), Heading=NORTH, State=AUDITING, Action=WAITING, Priority=0.0, Battery=66.8%, Waits=262
[14:58:01] [Tick 278] Deadlock/livelock detected (262 wait ticks). Seeking alternate route/nook...
[14:58:01] [Tick 278] Alternate route found to goal (20 steps).
[14:58:01] [Tick 278] Pos=(19, 21), Heading=NORTH, State=AUDITING, Action=WAITING, Priority=0.0, Battery=66.7%, Waits=263
[14:58:02] [Tick 279] Deadlock/livelock detected (263 wait ticks). Seeking alternate route/nook...
[14:58:02] [Tick 279] Alternate route found to goal (20 steps).
[14:58:02] [Tick 279] Pos=(19, 21), Heading=NORTH, State=AUDITING, Action=WAITING, Priority=0.0, Battery=66.6%, Waits=264
[14:58:02] [Tick 280] Deadlock/livelock detected (264 wait ticks). Seeking alternate route/nook...
[14:58:02] [Tick 280] Alternate route found to goal (20 steps).
[14:58:02] [Tick 280] Pos=(19, 21), Heading=NORTH, State=AUDITING, Action=WAITING, Priority=0.0, Battery=66.5%, Waits=265
[14:58:03] [Tick 281] Deadlock/livelock detected (265 wait ticks). Seeking alternate route/nook...
[14:58:03] [Tick 281] Alternate route found to goal (20 steps).
[14:58:03] [Tick 281] Pos=(19, 21), Heading=NORTH, State=AUDITING, Action=WAITING, Priority=0.0, Battery=66.4%, Waits=266
[14:58:03] [Tick 282] Deadlock/livelock detected (266 wait ticks). Seeking alternate route/nook...
[14:58:03] [Tick 282] Alternate route found to goal (20 steps).
[14:58:03] [Tick 282] Pos=(19, 21), Heading=NORTH, State=AUDITING, Action=WAITING, Priority=0.0, Battery=66.3%, Waits=267
[14:58:04] [Tick 283] Deadlock/livelock detected (267 wait ticks). Seeking alternate route/nook...
[14:58:04] [Tick 283] Alternate route found to goal (20 steps).
[14:58:04] [Tick 283] Pos=(19, 21), Heading=NORTH, State=AUDITING, Action=WAITING, Priority=0.0, Battery=66.2%, Waits=268
[14:58:04] [Tick 284] Deadlock/livelock detected (268 wait ticks). Seeking alternate route/nook...
[14:58:04] [Tick 284] Alternate route found to goal (20 steps).
[14:58:04] [Tick 284] Pos=(19, 21), Heading=NORTH, State=AUDITING, Action=WAITING, Priority=0.0, Battery=66.1%, Waits=269
[14:58:05] [Tick 285] Deadlock/livelock detected (269 wait ticks). Seeking alternate route/nook...
[14:58:05] [Tick 285] Alternate route found to goal (20 steps).
[14:58:05] [Tick 285] Pos=(19, 21), Heading=NORTH, State=AUDITING, Action=WAITING, Priority=0.0, Battery=66.0%, Waits=270
[14:58:05] [Tick 286] Deadlock/livelock detected (270 wait ticks). Seeking alternate route/nook...
[14:58:05] [Tick 286] Alternate route found to goal (20 steps).
[14:58:05] [Tick 286] Pos=(19, 21), Heading=NORTH, State=AUDITING, Action=WAITING, Priority=0.0, Battery=65.9%, Waits=271
[14:58:06] [Tick 287] Deadlock/livelock detected (271 wait ticks). Seeking alternate route/nook...
[14:58:06] [Tick 287] Alternate route found to goal (20 steps).
[14:58:06] [Tick 287] Pos=(19, 21), Heading=NORTH, State=AUDITING, Action=WAITING, Priority=0.0, Battery=65.8%, Waits=272
[14:58:06] [Tick 288] Deadlock/livelock detected (272 wait ticks). Seeking alternate route/nook...
[14:58:06] [Tick 288] Alternate route found to goal (20 steps).
[14:58:06] [Tick 288] Pos=(19, 21), Heading=NORTH, State=AUDITING, Action=WAITING, Priority=0.0, Battery=65.7%, Waits=273
[14:58:07] [Tick 289] Deadlock/livelock detected (273 wait ticks). Seeking alternate route/nook...
[14:58:07] [Tick 289] Alternate route found to goal (20 steps).
[14:58:07] [Tick 289] Pos=(19, 21), Heading=NORTH, State=AUDITING, Action=WAITING, Priority=0.0, Battery=65.6%, Waits=274
[14:58:07] [Tick 290] Deadlock/livelock detected (274 wait ticks). Seeking alternate route/nook...
[14:58:07] [Tick 290] Alternate route found to goal (20 steps).
[14:58:07] [Tick 290] Pos=(19, 21), Heading=NORTH, State=AUDITING, Action=WAITING, Priority=0.0, Battery=65.5%, Waits=275
[14:58:08] [Tick 291] Deadlock/livelock detected (275 wait ticks). Seeking alternate route/nook...
[14:58:08] [Tick 291] Alternate route found to goal (20 steps).
[14:58:08] [Tick 291] Pos=(19, 21), Heading=NORTH, State=AUDITING, Action=WAITING, Priority=0.0, Battery=65.4%, Waits=276
[14:58:08] [Tick 292] Deadlock/livelock detected (276 wait ticks). Seeking alternate route/nook...
[14:58:08] [Tick 292] Alternate route found to goal (20 steps).
[14:58:08] [Tick 292] Pos=(19, 21), Heading=NORTH, State=AUDITING, Action=WAITING, Priority=0.0, Battery=65.3%, Waits=277
[14:58:09] [Tick 293] Deadlock/livelock detected (277 wait ticks). Seeking alternate route/nook...
[14:58:09] [Tick 293] Alternate route found to goal (20 steps).
[14:58:09] [Tick 293] Pos=(19, 21), Heading=NORTH, State=AUDITING, Action=WAITING, Priority=0.0, Battery=65.2%, Waits=278
[14:58:09] [Tick 294] Deadlock/livelock detected (278 wait ticks). Seeking alternate route/nook...
[14:58:09] [Tick 294] Alternate route found to goal (20 steps).
[14:58:09] [Tick 294] Pos=(19, 21), Heading=NORTH, State=AUDITING, Action=WAITING, Priority=0.0, Battery=65.1%, Waits=279
[14:58:10] [Tick 295] Deadlock/livelock detected (279 wait ticks). Seeking alternate route/nook...
[14:58:10] [Tick 295] Alternate route found to goal (20 steps).
[14:58:10] [Tick 295] Pos=(19, 21), Heading=NORTH, State=AUDITING, Action=WAITING, Priority=0.0, Battery=65.0%, Waits=280
[14:58:10] [Tick 296] Deadlock/livelock detected (280 wait ticks). Seeking alternate route/nook...
[14:58:10] [Tick 296] Alternate route found to goal (20 steps).
[14:58:10] [Tick 296] Pos=(19, 21), Heading=NORTH, State=AUDITING, Action=WAITING, Priority=0.0, Battery=64.9%, Waits=281
[14:58:11] [Tick 297] Deadlock/livelock detected (281 wait ticks). Seeking alternate route/nook...
[14:58:11] [Tick 297] Alternate route found to goal (20 steps).
[14:58:11] [Tick 297] Pos=(19, 21), Heading=NORTH, State=AUDITING, Action=WAITING, Priority=0.0, Battery=64.8%, Waits=282
[14:58:11] [Tick 298] Deadlock/livelock detected (282 wait ticks). Seeking alternate route/nook...
[14:58:11] [Tick 298] Alternate route found to goal (20 steps).
[14:58:11] [Tick 298] Pos=(19, 21), Heading=NORTH, State=AUDITING, Action=WAITING, Priority=0.0, Battery=64.7%, Waits=283
[14:58:12] [Tick 299] Deadlock/livelock detected (283 wait ticks). Seeking alternate route/nook...
[14:58:12] [Tick 299] Alternate route found to goal (20 steps).
[14:58:12] [Tick 299] Pos=(19, 21), Heading=NORTH, State=AUDITING, Action=WAITING, Priority=0.0, Battery=64.6%, Waits=284
[14:58:12] [Tick 300] Deadlock/livelock detected (284 wait ticks). Seeking alternate route/nook...
[14:58:12] [Tick 300] Alternate route found to goal (20 steps).
[14:58:12] [Tick 300] Pos=(19, 21), Heading=NORTH, State=AUDITING, Action=WAITING, Priority=0.0, Battery=64.5%, Waits=285
[14:58:13] [Tick 301] Deadlock/livelock detected (285 wait ticks). Seeking alternate route/nook...
[14:58:13] [Tick 301] Alternate route found to goal (20 steps).
[14:58:13] [Tick 301] Pos=(19, 21), Heading=NORTH, State=AUDITING, Action=WAITING, Priority=0.0, Battery=64.4%, Waits=286
[14:58:13] [Tick 302] Deadlock/livelock detected (286 wait ticks). Seeking alternate route/nook...
[14:58:13] [Tick 302] Alternate route found to goal (20 steps).
[14:58:13] [Tick 302] Pos=(19, 21), Heading=NORTH, State=AUDITING, Action=WAITING, Priority=0.0, Battery=64.3%, Waits=287
[14:58:14] [Tick 303] Deadlock/livelock detected (287 wait ticks). Seeking alternate route/nook...
[14:58:14] [Tick 303] Alternate route found to goal (20 steps).
[14:58:14] [Tick 303] Pos=(19, 21), Heading=NORTH, State=AUDITING, Action=WAITING, Priority=0.0, Battery=64.2%, Waits=288
[14:58:14] [Tick 304] Deadlock/livelock detected (288 wait ticks). Seeking alternate route/nook...
[14:58:14] [Tick 304] Alternate route found to goal (20 steps).
[14:58:14] [Tick 304] Pos=(19, 21), Heading=NORTH, State=AUDITING, Action=WAITING, Priority=0.0, Battery=64.1%, Waits=289
[14:58:15] [Tick 305] Deadlock/livelock detected (289 wait ticks). Seeking alternate route/nook...
[14:58:15] [Tick 305] Alternate route found to goal (20 steps).
[14:58:15] [Tick 305] Pos=(19, 21), Heading=NORTH, State=AUDITING, Action=WAITING, Priority=0.0, Battery=64.0%, Waits=290
[14:58:15] [Tick 306] Deadlock/livelock detected (290 wait ticks). Seeking alternate route/nook...
[14:58:15] [Tick 306] Alternate route found to goal (20 steps).
[14:58:15] [Tick 306] Pos=(19, 21), Heading=NORTH, State=AUDITING, Action=WAITING, Priority=0.0, Battery=63.9%, Waits=291
[14:58:16] [Tick 307] Deadlock/livelock detected (291 wait ticks). Seeking alternate route/nook...
[14:58:16] [Tick 307] Alternate route found to goal (20 steps).
[14:58:16] [Tick 307] Pos=(19, 21), Heading=NORTH, State=AUDITING, Action=WAITING, Priority=0.0, Battery=63.8%, Waits=292
[14:58:16] [Tick 308] Deadlock/livelock detected (292 wait ticks). Seeking alternate route/nook...
[14:58:16] [Tick 308] Alternate route found to goal (20 steps).
[14:58:16] [Tick 308] Pos=(19, 21), Heading=NORTH, State=AUDITING, Action=WAITING, Priority=0.0, Battery=63.7%, Waits=293
[14:58:17] [Tick 309] Deadlock/livelock detected (293 wait ticks). Seeking alternate route/nook...
[14:58:17] [Tick 309] Alternate route found to goal (20 steps).
[14:58:17] [Tick 309] Pos=(19, 21), Heading=NORTH, State=AUDITING, Action=WAITING, Priority=0.0, Battery=63.6%, Waits=294
[14:58:17] [Tick 310] Deadlock/livelock detected (294 wait ticks). Seeking alternate route/nook...
[14:58:17] [Tick 310] Alternate route found to goal (20 steps).
[14:58:17] [Tick 310] Pos=(19, 21), Heading=NORTH, State=AUDITING, Action=WAITING, Priority=0.0, Battery=63.5%, Waits=295
[14:58:18] [Tick 311] Deadlock/livelock detected (295 wait ticks). Seeking alternate route/nook...
[14:58:18] [Tick 311] Alternate route found to goal (20 steps).
[14:58:18] [Tick 311] Pos=(19, 21), Heading=NORTH, State=AUDITING, Action=WAITING, Priority=0.0, Battery=63.4%, Waits=296
[14:58:18] [Tick 312] Deadlock/livelock detected (296 wait ticks). Seeking alternate route/nook...
[14:58:18] [Tick 312] Alternate route found to goal (20 steps).
[14:58:18] [Tick 312] Pos=(19, 21), Heading=NORTH, State=AUDITING, Action=WAITING, Priority=0.0, Battery=63.3%, Waits=297
[14:58:19] [Tick 313] Deadlock/livelock detected (297 wait ticks). Seeking alternate route/nook...
[14:58:19] [Tick 313] Alternate route found to goal (20 steps).
[14:58:19] [Tick 313] Pos=(19, 21), Heading=NORTH, State=AUDITING, Action=WAITING, Priority=0.0, Battery=63.2%, Waits=298
[14:58:19] [Tick 314] Deadlock/livelock detected (298 wait ticks). Seeking alternate route/nook...
[14:58:19] [Tick 314] Alternate route found to goal (20 steps).
[14:58:19] [Tick 314] Pos=(19, 21), Heading=NORTH, State=AUDITING, Action=WAITING, Priority=0.0, Battery=63.1%, Waits=299
[14:58:20] [Tick 315] Deadlock/livelock detected (299 wait ticks). Seeking alternate route/nook...
[14:58:20] [Tick 315] Alternate route found to goal (20 steps).
[14:58:20] [Tick 315] Pos=(19, 21), Heading=NORTH, State=AUDITING, Action=WAITING, Priority=0.0, Battery=63.0%, Waits=300
[14:58:20] [Tick 316] Deadlock/livelock detected (300 wait ticks). Seeking alternate route/nook...
[14:58:20] [Tick 316] Alternate route found to goal (20 steps).
[14:58:20] [Tick 316] Pos=(19, 21), Heading=NORTH, State=AUDITING, Action=WAITING, Priority=0.0, Battery=62.9%, Waits=301
[14:58:21] [Tick 317] Deadlock/livelock detected (301 wait ticks). Seeking alternate route/nook...
[14:58:21] [Tick 317] Alternate route found to goal (20 steps).
[14:58:21] [Tick 317] Pos=(19, 21), Heading=NORTH, State=AUDITING, Action=WAITING, Priority=0.0, Battery=62.8%, Waits=302
[14:58:21] [Tick 318] Deadlock/livelock detected (302 wait ticks). Seeking alternate route/nook...
[14:58:21] [Tick 318] Alternate route found to goal (20 steps).
[14:58:21] [Tick 318] Pos=(19, 21), Heading=NORTH, State=AUDITING, Action=WAITING, Priority=0.0, Battery=62.7%, Waits=303
[14:58:22] [Tick 319] Deadlock/livelock detected (303 wait ticks). Seeking alternate route/nook...
[14:58:22] [Tick 319] Alternate route found to goal (20 steps).
[14:58:22] [Tick 319] Pos=(19, 21), Heading=NORTH, State=AUDITING, Action=WAITING, Priority=0.0, Battery=62.6%, Waits=304
[14:58:22] [Tick 320] Deadlock/livelock detected (304 wait ticks). Seeking alternate route/nook...
[14:58:22] [Tick 320] Alternate route found to goal (20 steps).
[14:58:22] [Tick 320] Pos=(19, 21), Heading=NORTH, State=AUDITING, Action=WAITING, Priority=0.0, Battery=62.5%, Waits=305
[14:58:23] [Tick 321] Deadlock/livelock detected (305 wait ticks). Seeking alternate route/nook...
[14:58:23] [Tick 321] Alternate route found to goal (20 steps).
[14:58:23] [Tick 321] Pos=(19, 21), Heading=NORTH, State=AUDITING, Action=WAITING, Priority=0.0, Battery=62.4%, Waits=306
[14:58:23] [Tick 322] Deadlock/livelock detected (306 wait ticks). Seeking alternate route/nook...
[14:58:23] [Tick 322] Alternate route found to goal (20 steps).
[14:58:23] [Tick 322] Pos=(19, 21), Heading=NORTH, State=AUDITING, Action=WAITING, Priority=0.0, Battery=62.3%, Waits=307
[14:58:24] [Tick 323] Deadlock/livelock detected (307 wait ticks). Seeking alternate route/nook...
[14:58:24] [Tick 323] Alternate route found to goal (20 steps).
[14:58:24] [Tick 323] Pos=(19, 21), Heading=NORTH, State=AUDITING, Action=WAITING, Priority=0.0, Battery=62.2%, Waits=308
[14:58:24] [Tick 324] Deadlock/livelock detected (308 wait ticks). Seeking alternate route/nook...
[14:58:24] [Tick 324] Alternate route found to goal (20 steps).
[14:58:24] [Tick 324] Pos=(19, 21), Heading=NORTH, State=AUDITING, Action=WAITING, Priority=0.0, Battery=62.1%, Waits=309
[14:58:25] [Tick 325] Deadlock/livelock detected (309 wait ticks). Seeking alternate route/nook...
[14:58:25] [Tick 325] Alternate route found to goal (20 steps).
[14:58:25] [Tick 325] Pos=(19, 21), Heading=NORTH, State=AUDITING, Action=WAITING, Priority=0.0, Battery=62.0%, Waits=310
[14:58:25] [Tick 326] Deadlock/livelock detected (310 wait ticks). Seeking alternate route/nook...
[14:58:25] [Tick 326] Alternate route found to goal (20 steps).
[14:58:25] [Tick 326] Pos=(19, 21), Heading=NORTH, State=AUDITING, Action=WAITING, Priority=0.0, Battery=61.9%, Waits=311
[14:58:26] [Tick 327] Deadlock/livelock detected (311 wait ticks). Seeking alternate route/nook...
[14:58:26] [Tick 327] Alternate route found to goal (20 steps).
[14:58:26] [Tick 327] Pos=(19, 21), Heading=NORTH, State=AUDITING, Action=WAITING, Priority=0.0, Battery=61.8%, Waits=312
[14:58:26] [Tick 328] Deadlock/livelock detected (312 wait ticks). Seeking alternate route/nook...
[14:58:26] [Tick 328] Alternate route found to goal (20 steps).
[14:58:26] [Tick 328] Pos=(19, 21), Heading=NORTH, State=AUDITING, Action=WAITING, Priority=0.0, Battery=61.7%, Waits=313
[14:58:27] [Tick 329] Deadlock/livelock detected (313 wait ticks). Seeking alternate route/nook...
[14:58:27] [Tick 329] Alternate route found to goal (20 steps).
[14:58:27] [Tick 329] Pos=(19, 21), Heading=NORTH, State=AUDITING, Action=WAITING, Priority=0.0, Battery=61.6%, Waits=314
[14:58:27] [Tick 330] Deadlock/livelock detected (314 wait ticks). Seeking alternate route/nook...
[14:58:27] [Tick 330] Alternate route found to goal (20 steps).
[14:58:27] [Tick 330] Pos=(19, 21), Heading=NORTH, State=AUDITING, Action=WAITING, Priority=0.0, Battery=61.5%, Waits=315
[14:58:28] [Tick 331] Deadlock/livelock detected (315 wait ticks). Seeking alternate route/nook...
[14:58:28] [Tick 331] Alternate route found to goal (20 steps).
[14:58:28] [Tick 331] Pos=(19, 21), Heading=NORTH, State=AUDITING, Action=WAITING, Priority=0.0, Battery=61.4%, Waits=316
[14:58:28] [Tick 332] Deadlock/livelock detected (316 wait ticks). Seeking alternate route/nook...
[14:58:28] [Tick 332] Alternate route found to goal (20 steps).
[14:58:28] [Tick 332] Pos=(19, 21), Heading=NORTH, State=AUDITING, Action=WAITING, Priority=0.0, Battery=61.3%, Waits=317
[14:58:29] [Tick 333] Deadlock/livelock detected (317 wait ticks). Seeking alternate route/nook...
[14:58:29] [Tick 333] Alternate route found to goal (20 steps).
[14:58:29] [Tick 333] Pos=(19, 21), Heading=NORTH, State=AUDITING, Action=WAITING, Priority=0.0, Battery=61.2%, Waits=318
[14:58:29] [Tick 334] Deadlock/livelock detected (318 wait ticks). Seeking alternate route/nook...
[14:58:29] [Tick 334] Alternate route found to goal (20 steps).
[14:58:29] [Tick 334] Pos=(19, 21), Heading=NORTH, State=AUDITING, Action=WAITING, Priority=0.0, Battery=61.1%, Waits=319
[14:58:30] [Tick 335] Deadlock/livelock detected (319 wait ticks). Seeking alternate route/nook...
[14:58:30] [Tick 335] Alternate route found to goal (20 steps).
[14:58:30] [Tick 335] Pos=(19, 21), Heading=NORTH, State=AUDITING, Action=WAITING, Priority=0.0, Battery=61.0%, Waits=320
[14:58:30] [Tick 336] Deadlock/livelock detected (320 wait ticks). Seeking alternate route/nook...
[14:58:30] [Tick 336] Alternate route found to goal (20 steps).
[14:58:30] [Tick 336] Pos=(19, 21), Heading=NORTH, State=AUDITING, Action=WAITING, Priority=0.0, Battery=60.9%, Waits=321
[14:58:31] [Tick 337] Deadlock/livelock detected (321 wait ticks). Seeking alternate route/nook...
[14:58:31] [Tick 337] Alternate route found to goal (20 steps).
[14:58:31] [Tick 337] Pos=(19, 21), Heading=NORTH, State=AUDITING, Action=WAITING, Priority=0.0, Battery=60.8%, Waits=322
[14:58:31] [Tick 338] Deadlock/livelock detected (322 wait ticks). Seeking alternate route/nook...
[14:58:31] [Tick 338] Alternate route found to goal (20 steps).
[14:58:31] [Tick 338] Pos=(19, 21), Heading=NORTH, State=AUDITING, Action=WAITING, Priority=0.0, Battery=60.7%, Waits=323
[14:58:32] [Tick 339] Deadlock/livelock detected (323 wait ticks). Seeking alternate route/nook...
[14:58:32] [Tick 339] Alternate route found to goal (20 steps).
[14:58:32] [Tick 339] Pos=(19, 21), Heading=NORTH, State=AUDITING, Action=WAITING, Priority=0.0, Battery=60.6%, Waits=324
[14:58:32] [Tick 340] Deadlock/livelock detected (324 wait ticks). Seeking alternate route/nook...
[14:58:32] [Tick 340] Alternate route found to goal (20 steps).
[14:58:32] [Tick 340] Pos=(19, 21), Heading=NORTH, State=AUDITING, Action=WAITING, Priority=0.0, Battery=60.5%, Waits=325
[14:58:33] [Tick 341] Deadlock/livelock detected (325 wait ticks). Seeking alternate route/nook...
[14:58:33] [Tick 341] Alternate route found to goal (20 steps).
[14:58:33] [Tick 341] Pos=(19, 21), Heading=NORTH, State=AUDITING, Action=WAITING, Priority=0.0, Battery=60.4%, Waits=326
[14:58:33] [Tick 342] Deadlock/livelock detected (326 wait ticks). Seeking alternate route/nook...
[14:58:33] [Tick 342] Alternate route found to goal (20 steps).
[14:58:33] [Tick 342] Pos=(19, 21), Heading=NORTH, State=AUDITING, Action=WAITING, Priority=0.0, Battery=60.3%, Waits=327
[14:58:34] [Tick 343] Deadlock/livelock detected (327 wait ticks). Seeking alternate route/nook...
[14:58:34] [Tick 343] Alternate route found to goal (20 steps).
[14:58:34] [Tick 343] Pos=(19, 21), Heading=NORTH, State=AUDITING, Action=WAITING, Priority=0.0, Battery=60.2%, Waits=328
[14:58:34] [Tick 344] Deadlock/livelock detected (328 wait ticks). Seeking alternate route/nook...
[14:58:34] [Tick 344] Alternate route found to goal (20 steps).
[14:58:34] [Tick 344] Pos=(19, 21), Heading=NORTH, State=AUDITING, Action=WAITING, Priority=0.0, Battery=60.1%, Waits=329
[14:58:35] [Tick 345] Deadlock/livelock detected (329 wait ticks). Seeking alternate route/nook...
[14:58:35] [Tick 345] Alternate route found to goal (20 steps).
[14:58:35] [Tick 345] Pos=(19, 21), Heading=NORTH, State=AUDITING, Action=WAITING, Priority=0.0, Battery=60.0%, Waits=330
[14:58:35] [Tick 346] Deadlock/livelock detected (330 wait ticks). Seeking alternate route/nook...
[14:58:35] [Tick 346] Alternate route found to goal (20 steps).
[14:58:35] [Tick 346] Pos=(19, 21), Heading=NORTH, State=AUDITING, Action=WAITING, Priority=0.0, Battery=59.9%, Waits=331
[14:58:36] [Tick 347] Deadlock/livelock detected (331 wait ticks). Seeking alternate route/nook...
[14:58:36] [Tick 347] Alternate route found to goal (20 steps).
[14:58:36] [Tick 347] Pos=(19, 21), Heading=NORTH, State=AUDITING, Action=WAITING, Priority=0.0, Battery=59.8%, Waits=332
[14:58:36] [Tick 348] Deadlock/livelock detected (332 wait ticks). Seeking alternate route/nook...
[14:58:36] [Tick 348] Alternate route found to goal (20 steps).
[14:58:36] [Tick 348] Pos=(19, 21), Heading=NORTH, State=AUDITING, Action=WAITING, Priority=0.0, Battery=59.7%, Waits=333
[14:58:37] [Tick 349] Deadlock/livelock detected (333 wait ticks). Seeking alternate route/nook...
[14:58:37] [Tick 349] Alternate route found to goal (20 steps).
[14:58:37] [Tick 349] Pos=(19, 21), Heading=NORTH, State=AUDITING, Action=WAITING, Priority=0.0, Battery=59.6%, Waits=334
[14:58:37] [Tick 350] Deadlock/livelock detected (334 wait ticks). Seeking alternate route/nook...
[14:58:37] [Tick 350] Alternate route found to goal (20 steps).
[14:58:37] [Tick 350] Pos=(19, 21), Heading=NORTH, State=AUDITING, Action=WAITING, Priority=0.0, Battery=59.5%, Waits=335
[14:58:38] [Tick 351] Deadlock/livelock detected (335 wait ticks). Seeking alternate route/nook...
[14:58:38] [Tick 351] Alternate route found to goal (20 steps).
[14:58:38] [Tick 351] Pos=(19, 21), Heading=NORTH, State=AUDITING, Action=WAITING, Priority=0.0, Battery=59.4%, Waits=336
[14:58:38] [Tick 352] Deadlock/livelock detected (336 wait ticks). Seeking alternate route/nook...
[14:58:38] [Tick 352] Alternate route found to goal (20 steps).
[14:58:38] [Tick 352] Pos=(19, 21), Heading=NORTH, State=AUDITING, Action=WAITING, Priority=0.0, Battery=59.3%, Waits=337
[14:58:39] [Tick 353] Deadlock/livelock detected (337 wait ticks). Seeking alternate route/nook...
[14:58:39] [Tick 353] Alternate route found to goal (20 steps).
[14:58:39] [Tick 353] Pos=(19, 21), Heading=NORTH, State=AUDITING, Action=WAITING, Priority=0.0, Battery=59.2%, Waits=338
[14:58:39] [Tick 354] Deadlock/livelock detected (338 wait ticks). Seeking alternate route/nook...
[14:58:39] [Tick 354] Alternate route found to goal (20 steps).
[14:58:39] [Tick 354] Pos=(19, 21), Heading=NORTH, State=AUDITING, Action=WAITING, Priority=0.0, Battery=59.1%, Waits=339
[14:58:40] [Tick 355] Deadlock/livelock detected (339 wait ticks). Seeking alternate route/nook...
[14:58:40] [Tick 355] Alternate route found to goal (20 steps).
[14:58:40] [Tick 355] Pos=(19, 21), Heading=NORTH, State=AUDITING, Action=WAITING, Priority=0.0, Battery=59.0%, Waits=340
[14:58:40] [Tick 356] Deadlock/livelock detected (340 wait ticks). Seeking alternate route/nook...
[14:58:40] [Tick 356] Alternate route found to goal (20 steps).
[14:58:40] [Tick 356] Pos=(19, 21), Heading=NORTH, State=AUDITING, Action=WAITING, Priority=0.0, Battery=58.9%, Waits=341
[14:58:41] [Tick 357] Deadlock/livelock detected (341 wait ticks). Seeking alternate route/nook...
[14:58:41] [Tick 357] Alternate route found to goal (20 steps).
[14:58:41] [Tick 357] Pos=(19, 21), Heading=NORTH, State=AUDITING, Action=WAITING, Priority=0.0, Battery=58.8%, Waits=342
[14:58:41] [Tick 358] Deadlock/livelock detected (342 wait ticks). Seeking alternate route/nook...
[14:58:41] [Tick 358] Alternate route found to goal (20 steps).
[14:58:41] [Tick 358] Pos=(19, 21), Heading=NORTH, State=AUDITING, Action=WAITING, Priority=0.0, Battery=58.7%, Waits=343
[14:58:42] [Tick 359] Deadlock/livelock detected (343 wait ticks). Seeking alternate route/nook...
[14:58:42] [Tick 359] Alternate route found to goal (20 steps).
[14:58:42] [Tick 359] Pos=(19, 21), Heading=NORTH, State=AUDITING, Action=WAITING, Priority=0.0, Battery=58.6%, Waits=344
[14:58:42] [Tick 360] Deadlock/livelock detected (344 wait ticks). Seeking alternate route/nook...
[14:58:42] [Tick 360] Alternate route found to goal (20 steps).
[14:58:42] [Tick 360] Pos=(19, 21), Heading=NORTH, State=AUDITING, Action=WAITING, Priority=0.0, Battery=58.5%, Waits=345
[14:58:43] [Tick 361] Deadlock/livelock detected (345 wait ticks). Seeking alternate route/nook...
[14:58:43] [Tick 361] Alternate route found to goal (20 steps).
[14:58:43] [Tick 361] Pos=(19, 21), Heading=NORTH, State=AUDITING, Action=WAITING, Priority=0.0, Battery=58.4%, Waits=346
[14:58:43] [Tick 362] Deadlock/livelock detected (346 wait ticks). Seeking alternate route/nook...
[14:58:43] [Tick 362] Alternate route found to goal (20 steps).
[14:58:43] [Tick 362] Pos=(19, 21), Heading=NORTH, State=AUDITING, Action=WAITING, Priority=0.0, Battery=58.3%, Waits=347
[14:58:44] [Tick 363] Deadlock/livelock detected (347 wait ticks). Seeking alternate route/nook...
[14:58:44] [Tick 363] Alternate route found to goal (20 steps).
[14:58:44] [Tick 363] Pos=(19, 21), Heading=NORTH, State=AUDITING, Action=WAITING, Priority=0.0, Battery=58.2%, Waits=348
[14:58:44] [Tick 364] Deadlock/livelock detected (348 wait ticks). Seeking alternate route/nook...
[14:58:44] [Tick 364] Alternate route found to goal (20 steps).
[14:58:44] [Tick 364] Pos=(19, 21), Heading=NORTH, State=AUDITING, Action=WAITING, Priority=0.0, Battery=58.1%, Waits=349
[14:58:45] [Tick 365] Deadlock/livelock detected (349 wait ticks). Seeking alternate route/nook...
[14:58:45] [Tick 365] Alternate route found to goal (20 steps).
[14:58:45] [Tick 365] Pos=(19, 21), Heading=NORTH, State=AUDITING, Action=WAITING, Priority=0.0, Battery=58.0%, Waits=350
[14:58:45] [Tick 366] Deadlock/livelock detected (350 wait ticks). Seeking alternate route/nook...
[14:58:45] [Tick 366] Alternate route found to goal (20 steps).
[14:58:45] [Tick 366] Pos=(19, 21), Heading=NORTH, State=AUDITING, Action=WAITING, Priority=0.0, Battery=57.9%, Waits=351
[14:58:46] [Tick 367] Deadlock/livelock detected (351 wait ticks). Seeking alternate route/nook...
[14:58:46] [Tick 367] Alternate route found to goal (20 steps).
[14:58:46] [Tick 367] Pos=(19, 21), Heading=NORTH, State=AUDITING, Action=WAITING, Priority=0.0, Battery=57.8%, Waits=352
[14:58:46] [Tick 368] Deadlock/livelock detected (352 wait ticks). Seeking alternate route/nook...
[14:58:46] [Tick 368] Alternate route found to goal (20 steps).
[14:58:46] [Tick 368] Pos=(19, 21), Heading=NORTH, State=AUDITING, Action=WAITING, Priority=0.0, Battery=57.7%, Waits=353
[14:58:47] [Tick 369] Deadlock/livelock detected (353 wait ticks). Seeking alternate route/nook...
[14:58:47] [Tick 369] Alternate route found to goal (20 steps).
[14:58:47] [Tick 369] Pos=(19, 21), Heading=NORTH, State=AUDITING, Action=WAITING, Priority=0.0, Battery=57.6%, Waits=354
[14:58:47] [Tick 370] Deadlock/livelock detected (354 wait ticks). Seeking alternate route/nook...
[14:58:47] [Tick 370] Alternate route found to goal (20 steps).
[14:58:47] [Tick 370] Pos=(19, 21), Heading=NORTH, State=AUDITING, Action=WAITING, Priority=0.0, Battery=57.5%, Waits=355
[14:58:48] [Tick 371] Deadlock/livelock detected (355 wait ticks). Seeking alternate route/nook...
[14:58:48] [Tick 371] Alternate route found to goal (20 steps).
[14:58:48] [Tick 371] Pos=(19, 21), Heading=NORTH, State=AUDITING, Action=WAITING, Priority=0.0, Battery=57.4%, Waits=356
[14:58:48] [Tick 372] Deadlock/livelock detected (356 wait ticks). Seeking alternate route/nook...
[14:58:48] [Tick 372] Alternate route found to goal (20 steps).
[14:58:48] [Tick 372] Pos=(19, 21), Heading=NORTH, State=AUDITING, Action=WAITING, Priority=0.0, Battery=57.3%, Waits=357
[14:58:49] [Tick 373] Deadlock/livelock detected (357 wait ticks). Seeking alternate route/nook...
[14:58:49] [Tick 373] Alternate route found to goal (20 steps).
[14:58:49] [Tick 373] Pos=(19, 21), Heading=NORTH, State=AUDITING, Action=WAITING, Priority=0.0, Battery=57.2%, Waits=358
[14:58:49] [Tick 374] Deadlock/livelock detected (358 wait ticks). Seeking alternate route/nook...
[14:58:49] [Tick 374] Alternate route found to goal (20 steps).
[14:58:49] [Tick 374] Pos=(19, 21), Heading=NORTH, State=AUDITING, Action=WAITING, Priority=0.0, Battery=57.1%, Waits=359
[14:58:50] [Tick 375] Deadlock/livelock detected (359 wait ticks). Seeking alternate route/nook...
[14:58:50] [Tick 375] Alternate route found to goal (20 steps).
[14:58:50] [Tick 375] Pos=(19, 21), Heading=NORTH, State=AUDITING, Action=WAITING, Priority=0.0, Battery=57.0%, Waits=360
[14:58:50] [Tick 376] Deadlock/livelock detected (360 wait ticks). Seeking alternate route/nook...
[14:58:50] [Tick 376] Alternate route found to goal (20 steps).
[14:58:50] [Tick 376] Pos=(19, 21), Heading=NORTH, State=AUDITING, Action=WAITING, Priority=0.0, Battery=56.9%, Waits=361
[14:58:51] [Tick 377] Deadlock/livelock detected (361 wait ticks). Seeking alternate route/nook...
[14:58:51] [Tick 377] Alternate route found to goal (20 steps).
[14:58:51] [Tick 377] Pos=(19, 21), Heading=NORTH, State=AUDITING, Action=WAITING, Priority=0.0, Battery=56.8%, Waits=362
[14:58:51] [Tick 378] Deadlock/livelock detected (362 wait ticks). Seeking alternate route/nook...
[14:58:51] [Tick 378] Alternate route found to goal (20 steps).
[14:58:51] [Tick 378] Pos=(19, 21), Heading=NORTH, State=AUDITING, Action=WAITING, Priority=0.0, Battery=56.7%, Waits=363
[14:58:52] [Tick 379] Deadlock/livelock detected (363 wait ticks). Seeking alternate route/nook...
[14:58:52] [Tick 379] Alternate route found to goal (20 steps).
[14:58:52] [Tick 379] Pos=(19, 21), Heading=NORTH, State=AUDITING, Action=WAITING, Priority=0.0, Battery=56.6%, Waits=364
[14:58:52] [Tick 380] Deadlock/livelock detected (364 wait ticks). Seeking alternate route/nook...
[14:58:52] [Tick 380] Alternate route found to goal (20 steps).
[14:58:52] [Tick 380] Pos=(19, 21), Heading=NORTH, State=AUDITING, Action=WAITING, Priority=0.0, Battery=56.5%, Waits=365
[14:58:53] [Tick 381] Deadlock/livelock detected (365 wait ticks). Seeking alternate route/nook...
[14:58:53] [Tick 381] Alternate route found to goal (20 steps).
[14:58:53] [Tick 381] Pos=(19, 21), Heading=NORTH, State=AUDITING, Action=WAITING, Priority=0.0, Battery=56.4%, Waits=366
[14:58:53] [Tick 382] Deadlock/livelock detected (366 wait ticks). Seeking alternate route/nook...
[14:58:53] [Tick 382] Alternate route found to goal (20 steps).
[14:58:53] [Tick 382] Pos=(19, 21), Heading=NORTH, State=AUDITING, Action=WAITING, Priority=0.0, Battery=56.3%, Waits=367
[14:58:54] [Tick 383] Deadlock/livelock detected (367 wait ticks). Seeking alternate route/nook...
[14:58:54] [Tick 383] Alternate route found to goal (20 steps).
[14:58:54] [Tick 383] Pos=(19, 21), Heading=NORTH, State=AUDITING, Action=WAITING, Priority=0.0, Battery=56.2%, Waits=368
[14:58:54] [Tick 384] Deadlock/livelock detected (368 wait ticks). Seeking alternate route/nook...
[14:58:54] [Tick 384] Alternate route found to goal (20 steps).
[14:58:54] [Tick 384] Pos=(19, 21), Heading=NORTH, State=AUDITING, Action=WAITING, Priority=0.0, Battery=56.1%, Waits=369
[14:58:55] [Tick 385] Deadlock/livelock detected (369 wait ticks). Seeking alternate route/nook...
[14:58:55] [Tick 385] Alternate route found to goal (20 steps).
[14:58:55] [Tick 385] Pos=(19, 21), Heading=NORTH, State=AUDITING, Action=WAITING, Priority=0.0, Battery=56.0%, Waits=370
[14:58:55] [Tick 386] Deadlock/livelock detected (370 wait ticks). Seeking alternate route/nook...
[14:58:55] [Tick 386] Alternate route found to goal (20 steps).
[14:58:55] [Tick 386] Pos=(19, 21), Heading=NORTH, State=AUDITING, Action=WAITING, Priority=0.0, Battery=55.9%, Waits=371
[14:58:56] [Tick 387] Deadlock/livelock detected (371 wait ticks). Seeking alternate route/nook...
[14:58:56] [Tick 387] Alternate route found to goal (20 steps).
[14:58:56] [Tick 387] Pos=(19, 21), Heading=NORTH, State=AUDITING, Action=WAITING, Priority=0.0, Battery=55.8%, Waits=372
[14:58:56] [Tick 388] Deadlock/livelock detected (372 wait ticks). Seeking alternate route/nook...
[14:58:56] [Tick 388] Alternate route found to goal (20 steps).
[14:58:56] [Tick 388] Pos=(19, 21), Heading=NORTH, State=AUDITING, Action=WAITING, Priority=0.0, Battery=55.7%, Waits=373
[14:58:57] [Tick 389] Deadlock/livelock detected (373 wait ticks). Seeking alternate route/nook...
[14:58:57] [Tick 389] Alternate route found to goal (20 steps).
[14:58:57] [Tick 389] Pos=(19, 21), Heading=NORTH, State=AUDITING, Action=WAITING, Priority=0.0, Battery=55.6%, Waits=374
[14:58:57] [Tick 390] Deadlock/livelock detected (374 wait ticks). Seeking alternate route/nook...
[14:58:57] [Tick 390] Alternate route found to goal (20 steps).
[14:58:57] [Tick 390] Pos=(19, 21), Heading=NORTH, State=AUDITING, Action=WAITING, Priority=0.0, Battery=55.5%, Waits=375
[14:58:58] [Tick 391] Deadlock/livelock detected (375 wait ticks). Seeking alternate route/nook...
[14:58:58] [Tick 391] Alternate route found to goal (20 steps).
[14:58:58] [Tick 391] Pos=(19, 21), Heading=NORTH, State=AUDITING, Action=WAITING, Priority=0.0, Battery=55.4%, Waits=376
[14:58:58] [Tick 392] Deadlock/livelock detected (376 wait ticks). Seeking alternate route/nook...
[14:58:58] [Tick 392] Alternate route found to goal (20 steps).
[14:58:58] [Tick 392] Pos=(19, 21), Heading=NORTH, State=AUDITING, Action=WAITING, Priority=0.0, Battery=55.3%, Waits=377
[14:58:59] [Tick 393] Deadlock/livelock detected (377 wait ticks). Seeking alternate route/nook...
[14:58:59] [Tick 393] Alternate route found to goal (20 steps).
[14:58:59] [Tick 393] Pos=(19, 21), Heading=NORTH, State=AUDITING, Action=WAITING, Priority=0.0, Battery=55.2%, Waits=378
[14:58:59] [Tick 394] Deadlock/livelock detected (378 wait ticks). Seeking alternate route/nook...
[14:58:59] [Tick 394] Alternate route found to goal (20 steps).
[14:58:59] [Tick 394] Pos=(19, 21), Heading=NORTH, State=AUDITING, Action=WAITING, Priority=0.0, Battery=55.1%, Waits=379
[14:59:00] [Tick 395] Deadlock/livelock detected (379 wait ticks). Seeking alternate route/nook...
[14:59:00] [Tick 395] Alternate route found to goal (20 steps).
[14:59:00] [Tick 395] Pos=(19, 21), Heading=NORTH, State=AUDITING, Action=WAITING, Priority=0.0, Battery=55.0%, Waits=380
[14:59:00] [Tick 396] Deadlock/livelock detected (380 wait ticks). Seeking alternate route/nook...
[14:59:00] [Tick 396] Alternate route found to goal (20 steps).
[14:59:00] [Tick 396] Pos=(19, 21), Heading=NORTH, State=AUDITING, Action=WAITING, Priority=0.0, Battery=54.9%, Waits=381
[14:59:01] [Tick 397] Deadlock/livelock detected (381 wait ticks). Seeking alternate route/nook...
[14:59:01] [Tick 397] Alternate route found to goal (20 steps).
[14:59:01] [Tick 397] Pos=(19, 21), Heading=NORTH, State=AUDITING, Action=WAITING, Priority=0.0, Battery=54.8%, Waits=382
[14:59:01] [Tick 398] Deadlock/livelock detected (382 wait ticks). Seeking alternate route/nook...
[14:59:01] [Tick 398] Alternate route found to goal (20 steps).
[14:59:01] [Tick 398] Pos=(19, 21), Heading=NORTH, State=AUDITING, Action=WAITING, Priority=0.0, Battery=54.7%, Waits=383
[14:59:02] [Tick 399] Deadlock/livelock detected (383 wait ticks). Seeking alternate route/nook...
[14:59:02] [Tick 399] Alternate route found to goal (20 steps).
[14:59:02] [Tick 399] Pos=(19, 21), Heading=NORTH, State=AUDITING, Action=WAITING, Priority=0.0, Battery=54.6%, Waits=384
[14:59:02] [Tick 400] Deadlock/livelock detected (384 wait ticks). Seeking alternate route/nook...
[14:59:02] [Tick 400] Alternate route found to goal (20 steps).
[14:59:02] [Tick 400] Pos=(19, 21), Heading=NORTH, State=AUDITING, Action=WAITING, Priority=0.0, Battery=54.5%, Waits=385
[14:59:03] [Tick 401] Deadlock/livelock detected (385 wait ticks). Seeking alternate route/nook...
[14:59:03] [Tick 401] Alternate route found to goal (20 steps).
[14:59:03] [Tick 401] Pos=(19, 21), Heading=NORTH, State=AUDITING, Action=WAITING, Priority=0.0, Battery=54.4%, Waits=386
[14:59:03] [Tick 402] Deadlock/livelock detected (386 wait ticks). Seeking alternate route/nook...
[14:59:03] [Tick 402] Alternate route found to goal (20 steps).
[14:59:03] [Tick 402] Pos=(19, 21), Heading=NORTH, State=AUDITING, Action=WAITING, Priority=0.0, Battery=54.3%, Waits=387
[14:59:04] [Tick 403] Deadlock/livelock detected (387 wait ticks). Seeking alternate route/nook...
[14:59:04] [Tick 403] Alternate route found to goal (20 steps).
[14:59:04] [Tick 403] Pos=(19, 21), Heading=NORTH, State=AUDITING, Action=WAITING, Priority=0.0, Battery=54.2%, Waits=388
[14:59:04] [Tick 404] Deadlock/livelock detected (388 wait ticks). Seeking alternate route/nook...
[14:59:04] [Tick 404] Alternate route found to goal (20 steps).
[14:59:04] [Tick 404] Pos=(19, 21), Heading=NORTH, State=AUDITING, Action=WAITING, Priority=0.0, Battery=54.1%, Waits=389
[14:59:05] [Tick 405] Deadlock/livelock detected (389 wait ticks). Seeking alternate route/nook...
[14:59:05] [Tick 405] Alternate route found to goal (20 steps).
[14:59:05] [Tick 405] Pos=(19, 21), Heading=NORTH, State=AUDITING, Action=WAITING, Priority=0.0, Battery=54.0%, Waits=390
[14:59:05] [Tick 406] Deadlock/livelock detected (390 wait ticks). Seeking alternate route/nook...
[14:59:05] [Tick 406] Alternate route found to goal (20 steps).
[14:59:05] [Tick 406] Pos=(19, 21), Heading=NORTH, State=AUDITING, Action=WAITING, Priority=0.0, Battery=53.9%, Waits=391
[14:59:06] [Tick 407] Deadlock/livelock detected (391 wait ticks). Seeking alternate route/nook...
[14:59:06] [Tick 407] Alternate route found to goal (20 steps).
[14:59:06] [Tick 407] Pos=(19, 21), Heading=NORTH, State=AUDITING, Action=WAITING, Priority=0.0, Battery=53.8%, Waits=392
[14:59:06] [Tick 408] Deadlock/livelock detected (392 wait ticks). Seeking alternate route/nook...
[14:59:06] [Tick 408] Alternate route found to goal (20 steps).
[14:59:06] [Tick 408] Pos=(19, 21), Heading=NORTH, State=AUDITING, Action=WAITING, Priority=0.0, Battery=53.7%, Waits=393
[14:59:07] [Tick 409] Deadlock/livelock detected (393 wait ticks). Seeking alternate route/nook...
[14:59:07] [Tick 409] Alternate route found to goal (20 steps).
[14:59:07] [Tick 409] Pos=(19, 21), Heading=NORTH, State=AUDITING, Action=WAITING, Priority=0.0, Battery=53.6%, Waits=394
[14:59:07] [Tick 410] Deadlock/livelock detected (394 wait ticks). Seeking alternate route/nook...
[14:59:07] [Tick 410] Alternate route found to goal (20 steps).
[14:59:07] [Tick 410] Pos=(19, 21), Heading=NORTH, State=AUDITING, Action=WAITING, Priority=0.0, Battery=53.5%, Waits=395
[14:59:08] [Tick 411] Deadlock/livelock detected (395 wait ticks). Seeking alternate route/nook...
[14:59:08] [Tick 411] Alternate route found to goal (20 steps).
[14:59:08] [Tick 411] Pos=(19, 21), Heading=NORTH, State=AUDITING, Action=WAITING, Priority=0.0, Battery=53.4%, Waits=396
[14:59:08] [Tick 412] Deadlock/livelock detected (396 wait ticks). Seeking alternate route/nook...
[14:59:08] [Tick 412] Alternate route found to goal (20 steps).
[14:59:08] [Tick 412] Pos=(19, 21), Heading=NORTH, State=AUDITING, Action=WAITING, Priority=0.0, Battery=53.3%, Waits=397
[14:59:09] [Tick 413] Deadlock/livelock detected (397 wait ticks). Seeking alternate route/nook...
[14:59:09] [Tick 413] Alternate route found to goal (20 steps).
[14:59:09] [Tick 413] Pos=(19, 21), Heading=NORTH, State=AUDITING, Action=WAITING, Priority=0.0, Battery=53.2%, Waits=398
[14:59:09] [Tick 414] Deadlock/livelock detected (398 wait ticks). Seeking alternate route/nook...
[14:59:09] [Tick 414] Alternate route found to goal (20 steps).
[14:59:09] [Tick 414] Pos=(19, 21), Heading=NORTH, State=AUDITING, Action=WAITING, Priority=0.0, Battery=53.1%, Waits=399
[14:59:10] [Tick 415] Deadlock/livelock detected (399 wait ticks). Seeking alternate route/nook...
[14:59:10] [Tick 415] Alternate route found to goal (20 steps).
[14:59:10] [Tick 415] Pos=(19, 21), Heading=NORTH, State=AUDITING, Action=WAITING, Priority=0.0, Battery=53.0%, Waits=400
[14:59:10] [Tick 416] Deadlock/livelock detected (400 wait ticks). Seeking alternate route/nook...
[14:59:10] [Tick 416] Alternate route found to goal (20 steps).
[14:59:10] [Tick 416] Pos=(19, 21), Heading=NORTH, State=AUDITING, Action=WAITING, Priority=0.0, Battery=52.9%, Waits=401
[14:59:11] [Tick 417] Deadlock/livelock detected (401 wait ticks). Seeking alternate route/nook...
[14:59:11] [Tick 417] Alternate route found to goal (20 steps).
[14:59:11] [Tick 417] Pos=(19, 21), Heading=NORTH, State=AUDITING, Action=WAITING, Priority=0.0, Battery=52.8%, Waits=402
[14:59:11] [Tick 418] Deadlock/livelock detected (402 wait ticks). Seeking alternate route/nook...
[14:59:11] [Tick 418] Alternate route found to goal (20 steps).
[14:59:11] [Tick 418] Pos=(19, 21), Heading=NORTH, State=AUDITING, Action=WAITING, Priority=0.0, Battery=52.7%, Waits=403
[14:59:12] [Tick 419] Deadlock/livelock detected (403 wait ticks). Seeking alternate route/nook...
[14:59:12] [Tick 419] Alternate route found to goal (20 steps).
[14:59:12] [Tick 419] Pos=(19, 21), Heading=NORTH, State=AUDITING, Action=WAITING, Priority=0.0, Battery=52.6%, Waits=404
[14:59:12] [Tick 420] Deadlock/livelock detected (404 wait ticks). Seeking alternate route/nook...
[14:59:12] [Tick 420] Alternate route found to goal (20 steps).
[14:59:12] [Tick 420] Pos=(19, 21), Heading=NORTH, State=AUDITING, Action=WAITING, Priority=0.0, Battery=52.5%, Waits=405
[14:59:13] [Tick 421] Deadlock/livelock detected (405 wait ticks). Seeking alternate route/nook...
[14:59:13] [Tick 421] Alternate route found to goal (20 steps).
[14:59:13] [Tick 421] Pos=(19, 21), Heading=NORTH, State=AUDITING, Action=WAITING, Priority=0.0, Battery=52.4%, Waits=406
[14:59:13] [Tick 422] Deadlock/livelock detected (406 wait ticks). Seeking alternate route/nook...
[14:59:13] [Tick 422] Alternate route found to goal (20 steps).
[14:59:13] [Tick 422] Pos=(19, 21), Heading=NORTH, State=AUDITING, Action=WAITING, Priority=0.0, Battery=52.3%, Waits=407
[14:59:14] [Tick 423] Deadlock/livelock detected (407 wait ticks). Seeking alternate route/nook...
[14:59:14] [Tick 423] Alternate route found to goal (20 steps).
[14:59:14] [Tick 423] Pos=(19, 21), Heading=NORTH, State=AUDITING, Action=WAITING, Priority=0.0, Battery=52.2%, Waits=408
[14:59:14] [Tick 424] Deadlock/livelock detected (408 wait ticks). Seeking alternate route/nook...
[14:59:14] [Tick 424] Alternate route found to goal (20 steps).
[14:59:14] [Tick 424] Pos=(19, 21), Heading=NORTH, State=AUDITING, Action=WAITING, Priority=0.0, Battery=52.1%, Waits=409
[14:59:15] [Tick 425] Deadlock/livelock detected (409 wait ticks). Seeking alternate route/nook...
[14:59:15] [Tick 425] Alternate route found to goal (20 steps).
[14:59:15] [Tick 425] Pos=(19, 21), Heading=NORTH, State=AUDITING, Action=WAITING, Priority=0.0, Battery=52.0%, Waits=410
[14:59:15] [Tick 426] Deadlock/livelock detected (410 wait ticks). Seeking alternate route/nook...
[14:59:15] [Tick 426] Alternate route found to goal (20 steps).
[14:59:15] [Tick 426] Pos=(19, 21), Heading=NORTH, State=AUDITING, Action=WAITING, Priority=0.0, Battery=51.9%, Waits=411
[14:59:16] [Tick 427] Deadlock/livelock detected (411 wait ticks). Seeking alternate route/nook...
[14:59:16] [Tick 427] Alternate route found to goal (20 steps).
[14:59:16] [Tick 427] Pos=(19, 21), Heading=NORTH, State=AUDITING, Action=WAITING, Priority=0.0, Battery=51.8%, Waits=412
[14:59:16] [Tick 428] Deadlock/livelock detected (412 wait ticks). Seeking alternate route/nook...
[14:59:16] [Tick 428] Alternate route found to goal (20 steps).
[14:59:16] [Tick 428] Pos=(19, 21), Heading=NORTH, State=AUDITING, Action=WAITING, Priority=0.0, Battery=51.7%, Waits=413
[14:59:17] [Tick 429] Deadlock/livelock detected (413 wait ticks). Seeking alternate route/nook...
[14:59:17] [Tick 429] Alternate route found to goal (20 steps).
[14:59:17] [Tick 429] Pos=(19, 21), Heading=NORTH, State=AUDITING, Action=WAITING, Priority=0.0, Battery=51.6%, Waits=414
[14:59:17] [Tick 430] Deadlock/livelock detected (414 wait ticks). Seeking alternate route/nook...
[14:59:17] [Tick 430] Alternate route found to goal (20 steps).
[14:59:17] [Tick 430] Pos=(19, 21), Heading=NORTH, State=AUDITING, Action=WAITING, Priority=0.0, Battery=51.5%, Waits=415
[14:59:18] [Tick 431] Deadlock/livelock detected (415 wait ticks). Seeking alternate route/nook...
[14:59:18] [Tick 431] Alternate route found to goal (20 steps).
[14:59:18] [Tick 431] Pos=(19, 21), Heading=NORTH, State=AUDITING, Action=WAITING, Priority=0.0, Battery=51.4%, Waits=416
[14:59:18] [Tick 432] Deadlock/livelock detected (416 wait ticks). Seeking alternate route/nook...
[14:59:18] [Tick 432] Alternate route found to goal (20 steps).
[14:59:18] [Tick 432] Pos=(19, 21), Heading=NORTH, State=AUDITING, Action=WAITING, Priority=0.0, Battery=51.3%, Waits=417
[14:59:19] [Tick 433] Deadlock/livelock detected (417 wait ticks). Seeking alternate route/nook...
[14:59:19] [Tick 433] Alternate route found to goal (20 steps).
[14:59:19] [Tick 433] Pos=(19, 21), Heading=NORTH, State=AUDITING, Action=WAITING, Priority=0.0, Battery=51.2%, Waits=418
[14:59:19] [Tick 434] Deadlock/livelock detected (418 wait ticks). Seeking alternate route/nook...
[14:59:19] [Tick 434] Alternate route found to goal (20 steps).
[14:59:19] [Tick 434] Pos=(19, 21), Heading=NORTH, State=AUDITING, Action=WAITING, Priority=0.0, Battery=51.1%, Waits=419
[14:59:20] [Tick 435] Deadlock/livelock detected (419 wait ticks). Seeking alternate route/nook...
[14:59:20] [Tick 435] Alternate route found to goal (20 steps).
[14:59:20] [Tick 435] Pos=(19, 21), Heading=NORTH, State=AUDITING, Action=WAITING, Priority=0.0, Battery=51.0%, Waits=420
[14:59:20] [Tick 436] Deadlock/livelock detected (420 wait ticks). Seeking alternate route/nook...
[14:59:20] [Tick 436] Alternate route found to goal (20 steps).
[14:59:20] [Tick 436] Pos=(19, 21), Heading=NORTH, State=AUDITING, Action=WAITING, Priority=0.0, Battery=50.9%, Waits=421
[14:59:21] [Tick 437] Deadlock/livelock detected (421 wait ticks). Seeking alternate route/nook...
[14:59:21] [Tick 437] Alternate route found to goal (20 steps).
[14:59:21] [Tick 437] Pos=(19, 21), Heading=NORTH, State=AUDITING, Action=WAITING, Priority=0.0, Battery=50.8%, Waits=422
[14:59:21] [Tick 438] Deadlock/livelock detected (422 wait ticks). Seeking alternate route/nook...
[14:59:21] [Tick 438] Alternate route found to goal (20 steps).
[14:59:21] [Tick 438] Pos=(19, 21), Heading=NORTH, State=AUDITING, Action=WAITING, Priority=0.0, Battery=50.7%, Waits=423
[14:59:22] [Tick 439] Deadlock/livelock detected (423 wait ticks). Seeking alternate route/nook...
[14:59:22] [Tick 439] Alternate route found to goal (20 steps).
[14:59:22] [Tick 439] Pos=(19, 21), Heading=NORTH, State=AUDITING, Action=WAITING, Priority=0.0, Battery=50.6%, Waits=424
[14:59:22] [Tick 440] Deadlock/livelock detected (424 wait ticks). Seeking alternate route/nook...
[14:59:22] [Tick 440] Alternate route found to goal (20 steps).
[14:59:22] [Tick 440] Pos=(19, 21), Heading=NORTH, State=AUDITING, Action=WAITING, Priority=0.0, Battery=50.5%, Waits=425
[14:59:23] [Tick 441] Deadlock/livelock detected (425 wait ticks). Seeking alternate route/nook...
[14:59:23] [Tick 441] Alternate route found to goal (20 steps).
[14:59:23] [Tick 441] Pos=(19, 21), Heading=NORTH, State=AUDITING, Action=WAITING, Priority=0.0, Battery=50.4%, Waits=426
[14:59:23] [Tick 442] Deadlock/livelock detected (426 wait ticks). Seeking alternate route/nook...
[14:59:23] [Tick 442] Alternate route found to goal (20 steps).
[14:59:23] [Tick 442] Pos=(19, 21), Heading=NORTH, State=AUDITING, Action=WAITING, Priority=0.0, Battery=50.3%, Waits=427
[14:59:24] [Tick 443] Deadlock/livelock detected (427 wait ticks). Seeking alternate route/nook...
[14:59:24] [Tick 443] Alternate route found to goal (20 steps).
[14:59:24] [Tick 443] Pos=(19, 21), Heading=NORTH, State=AUDITING, Action=WAITING, Priority=0.0, Battery=50.2%, Waits=428
[14:59:24] [Tick 444] Deadlock/livelock detected (428 wait ticks). Seeking alternate route/nook...
[14:59:24] [Tick 444] Alternate route found to goal (20 steps).
[14:59:24] [Tick 444] Pos=(19, 21), Heading=NORTH, State=AUDITING, Action=WAITING, Priority=0.0, Battery=50.1%, Waits=429
[14:59:25] [Tick 445] Deadlock/livelock detected (429 wait ticks). Seeking alternate route/nook...
[14:59:25] [Tick 445] Alternate route found to goal (20 steps).
[14:59:25] [Tick 445] Pos=(19, 21), Heading=NORTH, State=AUDITING, Action=WAITING, Priority=0.0, Battery=50.0%, Waits=430
[14:59:25] [Tick 446] Deadlock/livelock detected (430 wait ticks). Seeking alternate route/nook...
[14:59:25] [Tick 446] Alternate route found to goal (20 steps).
[14:59:25] [Tick 446] Pos=(19, 21), Heading=NORTH, State=AUDITING, Action=WAITING, Priority=0.0, Battery=49.9%, Waits=431
[14:59:26] [Tick 447] Deadlock/livelock detected (431 wait ticks). Seeking alternate route/nook...
[14:59:26] [Tick 447] Alternate route found to goal (20 steps).
[14:59:26] [Tick 447] Pos=(19, 21), Heading=NORTH, State=AUDITING, Action=WAITING, Priority=0.0, Battery=49.8%, Waits=432
[14:59:26] [Tick 448] Deadlock/livelock detected (432 wait ticks). Seeking alternate route/nook...
[14:59:26] [Tick 448] Alternate route found to goal (20 steps).
[14:59:26] [Tick 448] Pos=(19, 21), Heading=NORTH, State=AUDITING, Action=WAITING, Priority=0.0, Battery=49.7%, Waits=433
[14:59:27] [Tick 449] Deadlock/livelock detected (433 wait ticks). Seeking alternate route/nook...
[14:59:27] [Tick 449] Alternate route found to goal (20 steps).
[14:59:27] [Tick 449] Pos=(19, 21), Heading=NORTH, State=AUDITING, Action=WAITING, Priority=0.0, Battery=49.6%, Waits=434
[14:59:27] [Tick 450] Deadlock/livelock detected (434 wait ticks). Seeking alternate route/nook...
[14:59:27] [Tick 450] Alternate route found to goal (20 steps).
[14:59:27] [Tick 450] Pos=(19, 21), Heading=NORTH, State=AUDITING, Action=WAITING, Priority=0.0, Battery=49.5%, Waits=435
[14:59:28] [Tick 451] Deadlock/livelock detected (435 wait ticks). Seeking alternate route/nook...
[14:59:28] [Tick 451] Alternate route found to goal (20 steps).
[14:59:28] [Tick 451] Pos=(19, 21), Heading=NORTH, State=AUDITING, Action=WAITING, Priority=0.0, Battery=49.4%, Waits=436
[14:59:28] [Tick 452] Deadlock/livelock detected (436 wait ticks). Seeking alternate route/nook...
[14:59:28] [Tick 452] Alternate route found to goal (20 steps).
[14:59:28] [Tick 452] Pos=(19, 21), Heading=NORTH, State=AUDITING, Action=WAITING, Priority=0.0, Battery=49.3%, Waits=437
[14:59:29] [Tick 453] Deadlock/livelock detected (437 wait ticks). Seeking alternate route/nook...
[14:59:29] [Tick 453] Alternate route found to goal (20 steps).
[14:59:29] [Tick 453] Pos=(19, 21), Heading=NORTH, State=AUDITING, Action=WAITING, Priority=0.0, Battery=49.2%, Waits=438
[14:59:29] [Tick 454] Deadlock/livelock detected (438 wait ticks). Seeking alternate route/nook...
[14:59:29] [Tick 454] Alternate route found to goal (20 steps).
[14:59:29] [Tick 454] Pos=(19, 21), Heading=NORTH, State=AUDITING, Action=WAITING, Priority=0.0, Battery=49.1%, Waits=439
[14:59:30] [Tick 455] Deadlock/livelock detected (439 wait ticks). Seeking alternate route/nook...
[14:59:30] [Tick 455] Alternate route found to goal (20 steps).
[14:59:30] [Tick 455] Pos=(19, 21), Heading=NORTH, State=AUDITING, Action=WAITING, Priority=0.0, Battery=49.0%, Waits=440
[14:59:30] [Tick 456] Deadlock/livelock detected (440 wait ticks). Seeking alternate route/nook...
[14:59:30] [Tick 456] Alternate route found to goal (20 steps).
[14:59:30] [Tick 456] Pos=(19, 21), Heading=NORTH, State=AUDITING, Action=WAITING, Priority=0.0, Battery=48.9%, Waits=441
[14:59:31] [Tick 457] Deadlock/livelock detected (441 wait ticks). Seeking alternate route/nook...
[14:59:31] [Tick 457] Alternate route found to goal (20 steps).
[14:59:31] [Tick 457] Pos=(19, 21), Heading=NORTH, State=AUDITING, Action=WAITING, Priority=0.0, Battery=48.8%, Waits=442
[14:59:31] [Tick 458] Deadlock/livelock detected (442 wait ticks). Seeking alternate route/nook...
[14:59:31] [Tick 458] Alternate route found to goal (20 steps).
[14:59:31] [Tick 458] Pos=(19, 21), Heading=NORTH, State=AUDITING, Action=WAITING, Priority=0.0, Battery=48.7%, Waits=443
[14:59:32] [Tick 459] Deadlock/livelock detected (443 wait ticks). Seeking alternate route/nook...
[14:59:32] [Tick 459] Alternate route found to goal (20 steps).
[14:59:32] [Tick 459] Pos=(19, 21), Heading=NORTH, State=AUDITING, Action=WAITING, Priority=0.0, Battery=48.6%, Waits=444
[14:59:32] [Tick 460] Deadlock/livelock detected (444 wait ticks). Seeking alternate route/nook...
[14:59:32] [Tick 460] Alternate route found to goal (20 steps).
[14:59:32] [Tick 460] Pos=(19, 21), Heading=NORTH, State=AUDITING, Action=WAITING, Priority=0.0, Battery=48.5%, Waits=445
[14:59:33] [Tick 461] Deadlock/livelock detected (445 wait ticks). Seeking alternate route/nook...
[14:59:33] [Tick 461] Alternate route found to goal (20 steps).
[14:59:33] [Tick 461] Pos=(19, 21), Heading=NORTH, State=AUDITING, Action=WAITING, Priority=0.0, Battery=48.4%, Waits=446
[14:59:33] [Tick 462] Deadlock/livelock detected (446 wait ticks). Seeking alternate route/nook...
[14:59:33] [Tick 462] Alternate route found to goal (20 steps).
[14:59:33] [Tick 462] Pos=(19, 21), Heading=NORTH, State=AUDITING, Action=WAITING, Priority=0.0, Battery=48.3%, Waits=447
[14:59:34] [Tick 463] Deadlock/livelock detected (447 wait ticks). Seeking alternate route/nook...
[14:59:34] [Tick 463] Alternate route found to goal (20 steps).
[14:59:34] [Tick 463] Pos=(19, 21), Heading=NORTH, State=AUDITING, Action=WAITING, Priority=0.0, Battery=48.2%, Waits=448
[14:59:34] [Tick 464] Deadlock/livelock detected (448 wait ticks). Seeking alternate route/nook...
[14:59:34] [Tick 464] Alternate route found to goal (20 steps).
[14:59:34] [Tick 464] Pos=(19, 21), Heading=NORTH, State=AUDITING, Action=WAITING, Priority=0.0, Battery=48.1%, Waits=449
[14:59:35] [Tick 465] Deadlock/livelock detected (449 wait ticks). Seeking alternate route/nook...
[14:59:35] [Tick 465] Alternate route found to goal (20 steps).
[14:59:35] [Tick 465] Pos=(19, 21), Heading=NORTH, State=AUDITING, Action=WAITING, Priority=0.0, Battery=48.0%, Waits=450
[14:59:35] [Tick 466] Deadlock/livelock detected (450 wait ticks). Seeking alternate route/nook...
[14:59:35] [Tick 466] Alternate route found to goal (20 steps).
[14:59:35] [Tick 466] Pos=(19, 21), Heading=NORTH, State=AUDITING, Action=WAITING, Priority=0.0, Battery=47.9%, Waits=451
[14:59:36] [Tick 467] Deadlock/livelock detected (451 wait ticks). Seeking alternate route/nook...
[14:59:36] [Tick 467] Alternate route found to goal (20 steps).
[14:59:36] [Tick 467] Pos=(19, 21), Heading=NORTH, State=AUDITING, Action=WAITING, Priority=0.0, Battery=47.8%, Waits=452
[14:59:36] [Tick 468] Deadlock/livelock detected (452 wait ticks). Seeking alternate route/nook...
[14:59:36] [Tick 468] Alternate route found to goal (20 steps).
[14:59:36] [Tick 468] Pos=(19, 21), Heading=NORTH, State=AUDITING, Action=WAITING, Priority=0.0, Battery=47.7%, Waits=453
[14:59:37] [Tick 469] Deadlock/livelock detected (453 wait ticks). Seeking alternate route/nook...
[14:59:37] [Tick 469] Alternate route found to goal (20 steps).
[14:59:37] [Tick 469] Pos=(19, 21), Heading=NORTH, State=AUDITING, Action=WAITING, Priority=0.0, Battery=47.6%, Waits=454
[14:59:37] [Tick 470] Deadlock/livelock detected (454 wait ticks). Seeking alternate route/nook...
[14:59:37] [Tick 470] Alternate route found to goal (20 steps).
[14:59:37] [Tick 470] Pos=(19, 21), Heading=NORTH, State=AUDITING, Action=WAITING, Priority=0.0, Battery=47.5%, Waits=455
[14:59:38] [Tick 471] Deadlock/livelock detected (455 wait ticks). Seeking alternate route/nook...
[14:59:38] [Tick 471] Alternate route found to goal (20 steps).
[14:59:38] [Tick 471] Pos=(19, 21), Heading=NORTH, State=AUDITING, Action=WAITING, Priority=0.0, Battery=47.4%, Waits=456
[14:59:38] [Tick 472] Deadlock/livelock detected (456 wait ticks). Seeking alternate route/nook...
[14:59:38] [Tick 472] Alternate route found to goal (20 steps).
[14:59:38] [Tick 472] Pos=(19, 21), Heading=NORTH, State=AUDITING, Action=WAITING, Priority=0.0, Battery=47.3%, Waits=457
[14:59:39] [Tick 473] Deadlock/livelock detected (457 wait ticks). Seeking alternate route/nook...
[14:59:39] [Tick 473] Alternate route found to goal (20 steps).
[14:59:39] [Tick 473] Pos=(19, 21), Heading=NORTH, State=AUDITING, Action=WAITING, Priority=0.0, Battery=47.2%, Waits=458
[14:59:39] [Tick 474] Deadlock/livelock detected (458 wait ticks). Seeking alternate route/nook...
[14:59:39] [Tick 474] Alternate route found to goal (20 steps).
[14:59:39] [Tick 474] Pos=(19, 21), Heading=NORTH, State=AUDITING, Action=WAITING, Priority=0.0, Battery=47.1%, Waits=459
[14:59:40] [Tick 475] Deadlock/livelock detected (459 wait ticks). Seeking alternate route/nook...
[14:59:40] [Tick 475] Alternate route found to goal (20 steps).
[14:59:40] [Tick 475] Pos=(19, 21), Heading=NORTH, State=AUDITING, Action=WAITING, Priority=0.0, Battery=47.0%, Waits=460
[14:59:40] [Tick 476] Deadlock/livelock detected (460 wait ticks). Seeking alternate route/nook...
[14:59:40] [Tick 476] Alternate route found to goal (20 steps).
[14:59:40] [Tick 476] Pos=(19, 21), Heading=NORTH, State=AUDITING, Action=WAITING, Priority=0.0, Battery=46.9%, Waits=461
[14:59:41] [Tick 477] Deadlock/livelock detected (461 wait ticks). Seeking alternate route/nook...
[14:59:41] [Tick 477] Alternate route found to goal (20 steps).
[14:59:41] [Tick 477] Pos=(19, 21), Heading=NORTH, State=AUDITING, Action=WAITING, Priority=0.0, Battery=46.8%, Waits=462
[14:59:41] [Tick 478] Deadlock/livelock detected (462 wait ticks). Seeking alternate route/nook...
[14:59:41] [Tick 478] Alternate route found to goal (20 steps).
[14:59:41] [Tick 478] Pos=(19, 21), Heading=NORTH, State=AUDITING, Action=WAITING, Priority=0.0, Battery=46.7%, Waits=463
[14:59:42] [Tick 479] Deadlock/livelock detected (463 wait ticks). Seeking alternate route/nook...
[14:59:42] [Tick 479] Alternate route found to goal (20 steps).
[14:59:42] [Tick 479] Pos=(19, 21), Heading=NORTH, State=AUDITING, Action=WAITING, Priority=0.0, Battery=46.6%, Waits=464
[14:59:42] [Tick 480] Deadlock/livelock detected (464 wait ticks). Seeking alternate route/nook...
[14:59:42] [Tick 480] Alternate route found to goal (20 steps).
[14:59:42] [Tick 480] Pos=(19, 21), Heading=NORTH, State=AUDITING, Action=WAITING, Priority=0.0, Battery=46.5%, Waits=465
[14:59:43] [Tick 481] Deadlock/livelock detected (465 wait ticks). Seeking alternate route/nook...
[14:59:43] [Tick 481] Alternate route found to goal (20 steps).
[14:59:43] [Tick 481] Pos=(19, 21), Heading=NORTH, State=AUDITING, Action=WAITING, Priority=0.0, Battery=46.4%, Waits=466
[14:59:43] [Tick 482] Deadlock/livelock detected (466 wait ticks). Seeking alternate route/nook...
[14:59:43] [Tick 482] Alternate route found to goal (20 steps).
[14:59:43] [Tick 482] Pos=(19, 21), Heading=NORTH, State=AUDITING, Action=WAITING, Priority=0.0, Battery=46.3%, Waits=467
[14:59:44] [Tick 483] Deadlock/livelock detected (467 wait ticks). Seeking alternate route/nook...
[14:59:44] [Tick 483] Alternate route found to goal (20 steps).
[14:59:44] [Tick 483] Pos=(19, 21), Heading=NORTH, State=AUDITING, Action=WAITING, Priority=0.0, Battery=46.2%, Waits=468
[14:59:44] [Tick 484] Deadlock/livelock detected (468 wait ticks). Seeking alternate route/nook...
[14:59:44] [Tick 484] Alternate route found to goal (20 steps).
[14:59:44] [Tick 484] Pos=(19, 21), Heading=NORTH, State=AUDITING, Action=WAITING, Priority=0.0, Battery=46.1%, Waits=469
[14:59:45] [Tick 485] Deadlock/livelock detected (469 wait ticks). Seeking alternate route/nook...
[14:59:45] [Tick 485] Alternate route found to goal (20 steps).
[14:59:45] [Tick 485] Pos=(19, 21), Heading=NORTH, State=AUDITING, Action=WAITING, Priority=0.0, Battery=46.0%, Waits=470
[14:59:45] [Tick 486] Deadlock/livelock detected (470 wait ticks). Seeking alternate route/nook...
[14:59:45] [Tick 486] Alternate route found to goal (20 steps).
[14:59:45] [Tick 486] Pos=(19, 21), Heading=NORTH, State=AUDITING, Action=WAITING, Priority=0.0, Battery=45.9%, Waits=471
[14:59:46] [Tick 487] Deadlock/livelock detected (471 wait ticks). Seeking alternate route/nook...
[14:59:46] [Tick 487] Alternate route found to goal (20 steps).
[14:59:46] [Tick 487] Pos=(19, 21), Heading=NORTH, State=AUDITING, Action=WAITING, Priority=0.0, Battery=45.8%, Waits=472
[14:59:46] [Tick 488] Deadlock/livelock detected (472 wait ticks). Seeking alternate route/nook...
[14:59:46] [Tick 488] Alternate route found to goal (20 steps).
[14:59:46] [Tick 488] Pos=(19, 21), Heading=NORTH, State=AUDITING, Action=WAITING, Priority=0.0, Battery=45.7%, Waits=473
[14:59:47] [Tick 489] Deadlock/livelock detected (473 wait ticks). Seeking alternate route/nook...
[14:59:47] [Tick 489] Alternate route found to goal (20 steps).
[14:59:47] [Tick 489] Pos=(19, 21), Heading=NORTH, State=AUDITING, Action=WAITING, Priority=0.0, Battery=45.6%, Waits=474
[14:59:47] [Tick 490] Deadlock/livelock detected (474 wait ticks). Seeking alternate route/nook...
[14:59:47] [Tick 490] Alternate route found to goal (20 steps).
[14:59:47] [Tick 490] Pos=(19, 21), Heading=NORTH, State=AUDITING, Action=WAITING, Priority=0.0, Battery=45.5%, Waits=475
[14:59:48] [Tick 491] Deadlock/livelock detected (475 wait ticks). Seeking alternate route/nook...
[14:59:48] [Tick 491] Alternate route found to goal (20 steps).
[14:59:48] [Tick 491] Pos=(19, 21), Heading=NORTH, State=AUDITING, Action=WAITING, Priority=0.0, Battery=45.4%, Waits=476
[14:59:48] [Tick 492] Deadlock/livelock detected (476 wait ticks). Seeking alternate route/nook...
[14:59:48] [Tick 492] Alternate route found to goal (20 steps).
[14:59:48] [Tick 492] Pos=(19, 21), Heading=NORTH, State=AUDITING, Action=WAITING, Priority=0.0, Battery=45.3%, Waits=477
[14:59:49] [Tick 493] Deadlock/livelock detected (477 wait ticks). Seeking alternate route/nook...
[14:59:49] [Tick 493] Alternate route found to goal (20 steps).
[14:59:49] [Tick 493] Pos=(19, 21), Heading=NORTH, State=AUDITING, Action=WAITING, Priority=0.0, Battery=45.2%, Waits=478
[14:59:49] [Tick 494] Deadlock/livelock detected (478 wait ticks). Seeking alternate route/nook...
[14:59:49] [Tick 494] Alternate route found to goal (20 steps).
[14:59:49] [Tick 494] Pos=(19, 21), Heading=NORTH, State=AUDITING, Action=WAITING, Priority=0.0, Battery=45.1%, Waits=479
[14:59:50] [Tick 495] Deadlock/livelock detected (479 wait ticks). Seeking alternate route/nook...
[14:59:50] [Tick 495] Alternate route found to goal (20 steps).
[14:59:50] [Tick 495] Pos=(19, 21), Heading=NORTH, State=AUDITING, Action=WAITING, Priority=0.0, Battery=45.0%, Waits=480
[14:59:50] [Tick 496] Deadlock/livelock detected (480 wait ticks). Seeking alternate route/nook...
[14:59:50] [Tick 496] Alternate route found to goal (20 steps).
[14:59:50] [Tick 496] Pos=(19, 21), Heading=NORTH, State=AUDITING, Action=WAITING, Priority=0.0, Battery=44.9%, Waits=481
[14:59:51] [Tick 497] Deadlock/livelock detected (481 wait ticks). Seeking alternate route/nook...
[14:59:51] [Tick 497] Alternate route found to goal (20 steps).
[14:59:51] [Tick 497] Pos=(19, 21), Heading=NORTH, State=AUDITING, Action=WAITING, Priority=0.0, Battery=44.8%, Waits=482
[14:59:51] [Tick 498] Deadlock/livelock detected (482 wait ticks). Seeking alternate route/nook...
[14:59:51] [Tick 498] Alternate route found to goal (20 steps).
[14:59:51] [Tick 498] Pos=(19, 21), Heading=NORTH, State=AUDITING, Action=WAITING, Priority=0.0, Battery=44.7%, Waits=483
[14:59:52] [Tick 499] Deadlock/livelock detected (483 wait ticks). Seeking alternate route/nook...
[14:59:52] [Tick 499] Alternate route found to goal (20 steps).
[14:59:52] [Tick 499] Pos=(19, 21), Heading=NORTH, State=AUDITING, Action=WAITING, Priority=0.0, Battery=44.6%, Waits=484
[14:59:52] [Tick 500] Deadlock/livelock detected (484 wait ticks). Seeking alternate route/nook...
[14:59:52] [Tick 500] Alternate route found to goal (20 steps).
[14:59:52] [Tick 500] Pos=(19, 21), Heading=NORTH, State=AUDITING, Action=WAITING, Priority=0.0, Battery=44.5%, Waits=485
[14:59:53] [Tick 501] Deadlock/livelock detected (485 wait ticks). Seeking alternate route/nook...
[14:59:53] [Tick 501] Alternate route found to goal (20 steps).
[14:59:53] [Tick 501] Pos=(19, 21), Heading=NORTH, State=AUDITING, Action=WAITING, Priority=0.0, Battery=44.4%, Waits=486
[14:59:53] [Tick 502] Deadlock/livelock detected (486 wait ticks). Seeking alternate route/nook...
[14:59:53] [Tick 502] Alternate route found to goal (20 steps).
[14:59:53] [Tick 502] Pos=(19, 21), Heading=NORTH, State=AUDITING, Action=WAITING, Priority=0.0, Battery=44.3%, Waits=487
[14:59:54] [Tick 503] Deadlock/livelock detected (487 wait ticks). Seeking alternate route/nook...
[14:59:54] [Tick 503] Alternate route found to goal (20 steps).
[14:59:54] [Tick 503] Pos=(19, 21), Heading=NORTH, State=AUDITING, Action=WAITING, Priority=0.0, Battery=44.2%, Waits=488
[14:59:54] [Tick 504] Deadlock/livelock detected (488 wait ticks). Seeking alternate route/nook...
[14:59:54] [Tick 504] Alternate route found to goal (20 steps).
[14:59:54] [Tick 504] Pos=(19, 21), Heading=NORTH, State=AUDITING, Action=WAITING, Priority=0.0, Battery=44.1%, Waits=489
[14:59:55] [Tick 505] Deadlock/livelock detected (489 wait ticks). Seeking alternate route/nook...
[14:59:55] [Tick 505] Alternate route found to goal (20 steps).
[14:59:55] [Tick 505] Pos=(19, 21), Heading=NORTH, State=AUDITING, Action=WAITING, Priority=0.0, Battery=44.0%, Waits=490
[14:59:55] [Tick 506] Deadlock/livelock detected (490 wait ticks). Seeking alternate route/nook...
[14:59:55] [Tick 506] Alternate route found to goal (20 steps).
[14:59:55] [Tick 506] Pos=(19, 21), Heading=NORTH, State=AUDITING, Action=WAITING, Priority=0.0, Battery=43.9%, Waits=491
[14:59:56] [Tick 507] Deadlock/livelock detected (491 wait ticks). Seeking alternate route/nook...
[14:59:56] [Tick 507] Alternate route found to goal (20 steps).
[14:59:56] [Tick 507] Pos=(19, 21), Heading=NORTH, State=AUDITING, Action=WAITING, Priority=0.0, Battery=43.8%, Waits=492
[14:59:56] [Tick 508] Deadlock/livelock detected (492 wait ticks). Seeking alternate route/nook...
[14:59:56] [Tick 508] Alternate route found to goal (20 steps).
[14:59:56] [Tick 508] Pos=(19, 21), Heading=NORTH, State=AUDITING, Action=WAITING, Priority=0.0, Battery=43.7%, Waits=493
[14:59:57] [Tick 509] Deadlock/livelock detected (493 wait ticks). Seeking alternate route/nook...
[14:59:57] [Tick 509] Alternate route found to goal (20 steps).
[14:59:57] [Tick 509] Pos=(19, 21), Heading=NORTH, State=AUDITING, Action=WAITING, Priority=0.0, Battery=43.6%, Waits=494
[14:59:57] [Tick 510] Deadlock/livelock detected (494 wait ticks). Seeking alternate route/nook...
[14:59:57] [Tick 510] Alternate route found to goal (20 steps).
[14:59:57] [Tick 510] Pos=(19, 21), Heading=NORTH, State=AUDITING, Action=WAITING, Priority=0.0, Battery=43.5%, Waits=495
[14:59:58] [Tick 511] Deadlock/livelock detected (495 wait ticks). Seeking alternate route/nook...
[14:59:58] [Tick 511] Alternate route found to goal (20 steps).
[14:59:58] [Tick 511] Pos=(19, 21), Heading=NORTH, State=AUDITING, Action=WAITING, Priority=0.0, Battery=43.4%, Waits=496
[14:59:58] [Tick 512] Deadlock/livelock detected (496 wait ticks). Seeking alternate route/nook...
[14:59:58] [Tick 512] Alternate route found to goal (20 steps).
[14:59:58] [Tick 512] Pos=(19, 21), Heading=NORTH, State=AUDITING, Action=WAITING, Priority=0.0, Battery=43.3%, Waits=497
[14:59:59] [Tick 513] Deadlock/livelock detected (497 wait ticks). Seeking alternate route/nook...
[14:59:59] [Tick 513] Alternate route found to goal (20 steps).
[14:59:59] [Tick 513] Pos=(19, 21), Heading=NORTH, State=AUDITING, Action=WAITING, Priority=0.0, Battery=43.2%, Waits=498
[14:59:59] [Tick 514] Deadlock/livelock detected (498 wait ticks). Seeking alternate route/nook...
[14:59:59] [Tick 514] Alternate route found to goal (20 steps).
[14:59:59] [Tick 514] Pos=(19, 21), Heading=NORTH, State=AUDITING, Action=WAITING, Priority=0.0, Battery=43.1%, Waits=499
[15:00:00] [Tick 515] Deadlock/livelock detected (499 wait ticks). Seeking alternate route/nook...
[15:00:00] [Tick 515] Alternate route found to goal (20 steps).
[15:00:00] [Tick 515] Pos=(19, 21), Heading=NORTH, State=AUDITING, Action=WAITING, Priority=0.0, Battery=43.0%, Waits=500
[15:00:00] [Tick 516] Deadlock/livelock detected (500 wait ticks). Seeking alternate route/nook...
[15:00:00] [Tick 516] Alternate route found to goal (20 steps).
[15:00:00] [Tick 516] Pos=(19, 21), Heading=NORTH, State=AUDITING, Action=WAITING, Priority=0.0, Battery=42.9%, Waits=501
[15:00:01] [Tick 517] Deadlock/livelock detected (501 wait ticks). Seeking alternate route/nook...
[15:00:01] [Tick 517] Alternate route found to goal (20 steps).
[15:00:01] [Tick 517] Pos=(19, 21), Heading=NORTH, State=AUDITING, Action=WAITING, Priority=0.0, Battery=42.8%, Waits=502
[15:00:01] [Tick 518] Deadlock/livelock detected (502 wait ticks). Seeking alternate route/nook...
[15:00:01] [Tick 518] Alternate route found to goal (20 steps).
[15:00:01] [Tick 518] Pos=(19, 21), Heading=NORTH, State=AUDITING, Action=WAITING, Priority=0.0, Battery=42.7%, Waits=503
[15:00:02] [Tick 519] Deadlock/livelock detected (503 wait ticks). Seeking alternate route/nook...
[15:00:02] [Tick 519] Alternate route found to goal (20 steps).
[15:00:02] [Tick 519] Pos=(19, 21), Heading=NORTH, State=AUDITING, Action=WAITING, Priority=0.0, Battery=42.6%, Waits=504
[15:00:02] [Tick 520] Deadlock/livelock detected (504 wait ticks). Seeking alternate route/nook...
[15:00:02] [Tick 520] Alternate route found to goal (20 steps).
[15:00:02] [Tick 520] Pos=(19, 21), Heading=NORTH, State=AUDITING, Action=WAITING, Priority=0.0, Battery=42.5%, Waits=505
[15:00:03] [Tick 521] Deadlock/livelock detected (505 wait ticks). Seeking alternate route/nook...
[15:00:03] [Tick 521] Alternate route found to goal (20 steps).
[15:00:03] [Tick 521] Pos=(19, 21), Heading=NORTH, State=AUDITING, Action=WAITING, Priority=0.0, Battery=42.4%, Waits=506
[15:00:03] [Tick 522] Deadlock/livelock detected (506 wait ticks). Seeking alternate route/nook...
[15:00:03] [Tick 522] Alternate route found to goal (20 steps).
[15:00:03] [Tick 522] Pos=(19, 21), Heading=NORTH, State=AUDITING, Action=WAITING, Priority=0.0, Battery=42.3%, Waits=507
[15:00:04] [Tick 523] Deadlock/livelock detected (507 wait ticks). Seeking alternate route/nook...
[15:00:04] [Tick 523] Alternate route found to goal (20 steps).
[15:00:04] [Tick 523] Pos=(19, 21), Heading=NORTH, State=AUDITING, Action=WAITING, Priority=0.0, Battery=42.2%, Waits=508
[15:00:04] [Tick 524] Deadlock/livelock detected (508 wait ticks). Seeking alternate route/nook...
[15:00:04] [Tick 524] Alternate route found to goal (20 steps).
[15:00:04] [Tick 524] Pos=(19, 21), Heading=NORTH, State=AUDITING, Action=WAITING, Priority=0.0, Battery=42.1%, Waits=509
[15:00:05] [Tick 525] Deadlock/livelock detected (509 wait ticks). Seeking alternate route/nook...
[15:00:05] [Tick 525] Alternate route found to goal (20 steps).
[15:00:05] [Tick 525] Pos=(19, 21), Heading=NORTH, State=AUDITING, Action=WAITING, Priority=0.0, Battery=42.0%, Waits=510
[15:00:05] [Tick 526] Deadlock/livelock detected (510 wait ticks). Seeking alternate route/nook...
[15:00:05] [Tick 526] Alternate route found to goal (20 steps).
[15:00:05] [Tick 526] Pos=(19, 21), Heading=NORTH, State=AUDITING, Action=WAITING, Priority=0.0, Battery=41.9%, Waits=511
[15:00:06] [Tick 527] Deadlock/livelock detected (511 wait ticks). Seeking alternate route/nook...
[15:00:06] [Tick 527] Alternate route found to goal (20 steps).
[15:00:06] [Tick 527] Pos=(19, 21), Heading=NORTH, State=AUDITING, Action=WAITING, Priority=0.0, Battery=41.8%, Waits=512
[15:00:06] [Tick 528] Deadlock/livelock detected (512 wait ticks). Seeking alternate route/nook...
[15:00:06] [Tick 528] Alternate route found to goal (20 steps).
[15:00:06] [Tick 528] Pos=(19, 21), Heading=NORTH, State=AUDITING, Action=WAITING, Priority=0.0, Battery=41.7%, Waits=513
[15:00:07] [Tick 529] Deadlock/livelock detected (513 wait ticks). Seeking alternate route/nook...
[15:00:07] [Tick 529] Alternate route found to goal (20 steps).
[15:00:07] [Tick 529] Pos=(19, 21), Heading=NORTH, State=AUDITING, Action=WAITING, Priority=0.0, Battery=41.6%, Waits=514
[15:00:07] [Tick 530] Deadlock/livelock detected (514 wait ticks). Seeking alternate route/nook...
[15:00:07] [Tick 530] Alternate route found to goal (20 steps).
[15:00:07] [Tick 530] Pos=(19, 21), Heading=NORTH, State=AUDITING, Action=WAITING, Priority=0.0, Battery=41.5%, Waits=515
[15:00:08] [Tick 531] Deadlock/livelock detected (515 wait ticks). Seeking alternate route/nook...
[15:00:08] [Tick 531] Alternate route found to goal (20 steps).
[15:00:08] [Tick 531] Pos=(19, 21), Heading=NORTH, State=AUDITING, Action=WAITING, Priority=0.0, Battery=41.4%, Waits=516
[15:00:08] [Tick 532] Deadlock/livelock detected (516 wait ticks). Seeking alternate route/nook...
[15:00:08] [Tick 532] Alternate route found to goal (20 steps).
[15:00:08] [Tick 532] Pos=(19, 21), Heading=NORTH, State=AUDITING, Action=WAITING, Priority=0.0, Battery=41.3%, Waits=517
[15:00:09] [Tick 533] Deadlock/livelock detected (517 wait ticks). Seeking alternate route/nook...
[15:00:09] [Tick 533] Alternate route found to goal (20 steps).
[15:00:09] [Tick 533] Pos=(19, 21), Heading=NORTH, State=AUDITING, Action=WAITING, Priority=0.0, Battery=41.2%, Waits=518
[15:00:09] [Tick 534] Deadlock/livelock detected (518 wait ticks). Seeking alternate route/nook...
[15:00:09] [Tick 534] Alternate route found to goal (20 steps).
[15:00:09] [Tick 534] Pos=(19, 21), Heading=NORTH, State=AUDITING, Action=WAITING, Priority=0.0, Battery=41.1%, Waits=519
[15:00:10] [Tick 535] Deadlock/livelock detected (519 wait ticks). Seeking alternate route/nook...
[15:00:10] [Tick 535] Alternate route found to goal (20 steps).
[15:00:10] [Tick 535] Pos=(19, 21), Heading=NORTH, State=AUDITING, Action=WAITING, Priority=0.0, Battery=41.0%, Waits=520
[15:00:10] [Tick 536] Deadlock/livelock detected (520 wait ticks). Seeking alternate route/nook...
[15:00:10] [Tick 536] Alternate route found to goal (20 steps).
[15:00:10] [Tick 536] Pos=(19, 21), Heading=NORTH, State=AUDITING, Action=WAITING, Priority=0.0, Battery=40.9%, Waits=521
[15:00:11] [Tick 537] Deadlock/livelock detected (521 wait ticks). Seeking alternate route/nook...
[15:00:11] [Tick 537] Alternate route found to goal (20 steps).
[15:00:11] [Tick 537] Pos=(19, 21), Heading=NORTH, State=AUDITING, Action=WAITING, Priority=0.0, Battery=40.8%, Waits=522
[15:00:11] [Tick 538] Deadlock/livelock detected (522 wait ticks). Seeking alternate route/nook...
[15:00:11] [Tick 538] Alternate route found to goal (20 steps).
[15:00:11] [Tick 538] Pos=(19, 21), Heading=NORTH, State=AUDITING, Action=WAITING, Priority=0.0, Battery=40.7%, Waits=523
[15:00:12] [Tick 539] Deadlock/livelock detected (523 wait ticks). Seeking alternate route/nook...
[15:00:12] [Tick 539] Alternate route found to goal (20 steps).
[15:00:12] [Tick 539] Pos=(19, 21), Heading=NORTH, State=AUDITING, Action=WAITING, Priority=0.0, Battery=40.6%, Waits=524
[15:00:12] [Tick 540] Deadlock/livelock detected (524 wait ticks). Seeking alternate route/nook...
[15:00:12] [Tick 540] Alternate route found to goal (20 steps).
[15:00:12] [Tick 540] Pos=(19, 21), Heading=NORTH, State=AUDITING, Action=WAITING, Priority=0.0, Battery=40.5%, Waits=525
[15:00:13] [Tick 541] Deadlock/livelock detected (525 wait ticks). Seeking alternate route/nook...
[15:00:13] [Tick 541] Alternate route found to goal (20 steps).
[15:00:13] [Tick 541] Pos=(19, 21), Heading=NORTH, State=AUDITING, Action=WAITING, Priority=0.0, Battery=40.4%, Waits=526
[15:00:13] [Tick 542] Deadlock/livelock detected (526 wait ticks). Seeking alternate route/nook...
[15:00:13] [Tick 542] Alternate route found to goal (20 steps).
[15:00:13] [Tick 542] Pos=(19, 21), Heading=NORTH, State=AUDITING, Action=WAITING, Priority=0.0, Battery=40.3%, Waits=527
[15:00:14] [Tick 543] Deadlock/livelock detected (527 wait ticks). Seeking alternate route/nook...
[15:00:14] [Tick 543] Alternate route found to goal (20 steps).
[15:00:14] [Tick 543] Pos=(19, 21), Heading=NORTH, State=AUDITING, Action=WAITING, Priority=0.0, Battery=40.2%, Waits=528
[15:00:14] [Tick 544] Deadlock/livelock detected (528 wait ticks). Seeking alternate route/nook...
[15:00:14] [Tick 544] Alternate route found to goal (20 steps).
[15:00:14] [Tick 544] Pos=(19, 21), Heading=NORTH, State=AUDITING, Action=WAITING, Priority=0.0, Battery=40.1%, Waits=529
[15:00:15] [Tick 545] Deadlock/livelock detected (529 wait ticks). Seeking alternate route/nook...
[15:00:15] [Tick 545] Alternate route found to goal (20 steps).
[15:00:15] [Tick 545] Pos=(19, 21), Heading=NORTH, State=AUDITING, Action=WAITING, Priority=0.0, Battery=40.0%, Waits=530
[15:00:15] [Tick 546] Deadlock/livelock detected (530 wait ticks). Seeking alternate route/nook...
[15:00:15] [Tick 546] Alternate route found to goal (20 steps).
[15:00:15] [Tick 546] Pos=(19, 21), Heading=NORTH, State=AUDITING, Action=WAITING, Priority=0.0, Battery=39.9%, Waits=531
[15:00:16] [Tick 547] Deadlock/livelock detected (531 wait ticks). Seeking alternate route/nook...
[15:00:16] [Tick 547] Alternate route found to goal (20 steps).
[15:00:16] [Tick 547] Pos=(19, 21), Heading=NORTH, State=AUDITING, Action=WAITING, Priority=0.0, Battery=39.8%, Waits=532
[15:00:16] [Tick 548] Deadlock/livelock detected (532 wait ticks). Seeking alternate route/nook...
[15:00:16] [Tick 548] Alternate route found to goal (20 steps).
[15:00:16] [Tick 548] Pos=(19, 21), Heading=NORTH, State=AUDITING, Action=WAITING, Priority=0.0, Battery=39.7%, Waits=533
[15:00:17] [Tick 549] Deadlock/livelock detected (533 wait ticks). Seeking alternate route/nook...
[15:00:17] [Tick 549] Alternate route found to goal (20 steps).
[15:00:17] [Tick 549] Pos=(19, 21), Heading=NORTH, State=AUDITING, Action=WAITING, Priority=0.0, Battery=39.6%, Waits=534
[15:00:17] [Tick 550] Deadlock/livelock detected (534 wait ticks). Seeking alternate route/nook...
[15:00:17] [Tick 550] Alternate route found to goal (20 steps).
[15:00:17] [Tick 550] Pos=(19, 21), Heading=NORTH, State=AUDITING, Action=WAITING, Priority=0.0, Battery=39.5%, Waits=535
[15:00:18] [Tick 551] Deadlock/livelock detected (535 wait ticks). Seeking alternate route/nook...
[15:00:18] [Tick 551] Alternate route found to goal (20 steps).
[15:00:18] [Tick 551] Pos=(19, 21), Heading=NORTH, State=AUDITING, Action=WAITING, Priority=0.0, Battery=39.4%, Waits=536
[15:00:18] [Tick 552] Deadlock/livelock detected (536 wait ticks). Seeking alternate route/nook...
[15:00:18] [Tick 552] Alternate route found to goal (20 steps).
[15:00:18] [Tick 552] Pos=(19, 21), Heading=NORTH, State=AUDITING, Action=WAITING, Priority=0.0, Battery=39.3%, Waits=537
[15:00:19] [Tick 553] Deadlock/livelock detected (537 wait ticks). Seeking alternate route/nook...
[15:00:19] [Tick 553] Alternate route found to goal (20 steps).
[15:00:19] [Tick 553] Pos=(19, 21), Heading=NORTH, State=AUDITING, Action=WAITING, Priority=0.0, Battery=39.2%, Waits=538
[15:00:19] [Tick 554] Deadlock/livelock detected (538 wait ticks). Seeking alternate route/nook...
[15:00:19] [Tick 554] Alternate route found to goal (20 steps).
[15:00:19] [Tick 554] Pos=(19, 21), Heading=NORTH, State=AUDITING, Action=WAITING, Priority=0.0, Battery=39.1%, Waits=539
[15:00:20] [Tick 555] Deadlock/livelock detected (539 wait ticks). Seeking alternate route/nook...
[15:00:20] [Tick 555] Alternate route found to goal (20 steps).
[15:00:20] [Tick 555] Pos=(19, 21), Heading=NORTH, State=AUDITING, Action=WAITING, Priority=0.0, Battery=39.0%, Waits=540
[15:00:20] [Tick 556] Deadlock/livelock detected (540 wait ticks). Seeking alternate route/nook...
[15:00:20] [Tick 556] Alternate route found to goal (20 steps).
[15:00:20] [Tick 556] Pos=(19, 21), Heading=NORTH, State=AUDITING, Action=WAITING, Priority=0.0, Battery=38.9%, Waits=541
[15:00:21] [Tick 557] Deadlock/livelock detected (541 wait ticks). Seeking alternate route/nook...
[15:00:21] [Tick 557] Alternate route found to goal (20 steps).
[15:00:21] [Tick 557] Pos=(19, 21), Heading=NORTH, State=AUDITING, Action=WAITING, Priority=0.0, Battery=38.8%, Waits=542
[15:00:21] [Tick 558] Deadlock/livelock detected (542 wait ticks). Seeking alternate route/nook...
[15:00:21] [Tick 558] Alternate route found to goal (20 steps).
[15:00:21] [Tick 558] Pos=(19, 21), Heading=NORTH, State=AUDITING, Action=WAITING, Priority=0.0, Battery=38.7%, Waits=543
[15:00:22] [Tick 559] Deadlock/livelock detected (543 wait ticks). Seeking alternate route/nook...
[15:00:22] [Tick 559] Alternate route found to goal (20 steps).
[15:00:22] [Tick 559] Pos=(19, 21), Heading=NORTH, State=AUDITING, Action=WAITING, Priority=0.0, Battery=38.6%, Waits=544
[15:00:22] [Tick 560] Deadlock/livelock detected (544 wait ticks). Seeking alternate route/nook...
[15:00:22] [Tick 560] Alternate route found to goal (20 steps).
[15:00:22] [Tick 560] Pos=(19, 21), Heading=NORTH, State=AUDITING, Action=WAITING, Priority=0.0, Battery=38.5%, Waits=545
[15:00:23] [Tick 561] Deadlock/livelock detected (545 wait ticks). Seeking alternate route/nook...
[15:00:23] [Tick 561] Alternate route found to goal (20 steps).
[15:00:23] [Tick 561] Pos=(19, 21), Heading=NORTH, State=AUDITING, Action=WAITING, Priority=0.0, Battery=38.4%, Waits=546
[15:00:23] [Tick 562] Deadlock/livelock detected (546 wait ticks). Seeking alternate route/nook...
[15:00:23] [Tick 562] Alternate route found to goal (20 steps).
[15:00:23] [Tick 562] Pos=(19, 21), Heading=NORTH, State=AUDITING, Action=WAITING, Priority=0.0, Battery=38.3%, Waits=547
[15:00:24] [Tick 563] Deadlock/livelock detected (547 wait ticks). Seeking alternate route/nook...
[15:00:24] [Tick 563] Alternate route found to goal (20 steps).
[15:00:24] [Tick 563] Pos=(19, 21), Heading=NORTH, State=AUDITING, Action=WAITING, Priority=0.0, Battery=38.2%, Waits=548
[15:00:24] [Tick 564] Deadlock/livelock detected (548 wait ticks). Seeking alternate route/nook...
[15:00:24] [Tick 564] Alternate route found to goal (20 steps).
[15:00:24] [Tick 564] Pos=(19, 21), Heading=NORTH, State=AUDITING, Action=WAITING, Priority=0.0, Battery=38.1%, Waits=549
[15:00:25] [Tick 565] Deadlock/livelock detected (549 wait ticks). Seeking alternate route/nook...
[15:00:25] [Tick 565] Alternate route found to goal (20 steps).
[15:00:25] [Tick 565] Pos=(19, 21), Heading=NORTH, State=AUDITING, Action=WAITING, Priority=0.0, Battery=38.0%, Waits=550
[15:00:25] [Tick 566] Deadlock/livelock detected (550 wait ticks). Seeking alternate route/nook...
[15:00:25] [Tick 566] Alternate route found to goal (20 steps).
[15:00:25] [Tick 566] Pos=(19, 21), Heading=NORTH, State=AUDITING, Action=WAITING, Priority=0.0, Battery=37.9%, Waits=551
[15:00:26] [Tick 567] Deadlock/livelock detected (551 wait ticks). Seeking alternate route/nook...
[15:00:26] [Tick 567] Alternate route found to goal (20 steps).
[15:00:26] [Tick 567] Pos=(19, 21), Heading=NORTH, State=AUDITING, Action=WAITING, Priority=0.0, Battery=37.8%, Waits=552
[15:00:26] [Tick 568] Deadlock/livelock detected (552 wait ticks). Seeking alternate route/nook...
[15:00:26] [Tick 568] Alternate route found to goal (20 steps).
[15:00:26] [Tick 568] Pos=(19, 21), Heading=NORTH, State=AUDITING, Action=WAITING, Priority=0.0, Battery=37.7%, Waits=553
[15:00:27] [Tick 569] Deadlock/livelock detected (553 wait ticks). Seeking alternate route/nook...
[15:00:27] [Tick 569] Alternate route found to goal (20 steps).
[15:00:27] [Tick 569] Pos=(19, 21), Heading=NORTH, State=AUDITING, Action=WAITING, Priority=0.0, Battery=37.6%, Waits=554
[15:00:27] [Tick 570] Deadlock/livelock detected (554 wait ticks). Seeking alternate route/nook...
[15:00:27] [Tick 570] Alternate route found to goal (20 steps).
[15:00:27] [Tick 570] Pos=(19, 21), Heading=NORTH, State=AUDITING, Action=WAITING, Priority=0.0, Battery=37.5%, Waits=555
[15:00:28] [Tick 571] Deadlock/livelock detected (555 wait ticks). Seeking alternate route/nook...
[15:00:28] [Tick 571] Alternate route found to goal (20 steps).
[15:00:28] [Tick 571] Pos=(19, 21), Heading=NORTH, State=AUDITING, Action=WAITING, Priority=0.0, Battery=37.4%, Waits=556
[15:00:28] [Tick 572] Deadlock/livelock detected (556 wait ticks). Seeking alternate route/nook...
[15:00:28] [Tick 572] Alternate route found to goal (20 steps).
[15:00:28] [Tick 572] Pos=(19, 21), Heading=NORTH, State=AUDITING, Action=WAITING, Priority=0.0, Battery=37.3%, Waits=557
[15:00:29] [Tick 573] Deadlock/livelock detected (557 wait ticks). Seeking alternate route/nook...
[15:00:29] [Tick 573] Alternate route found to goal (20 steps).
[15:00:29] [Tick 573] Pos=(19, 21), Heading=NORTH, State=AUDITING, Action=WAITING, Priority=0.0, Battery=37.2%, Waits=558
[15:00:29] [Tick 574] Deadlock/livelock detected (558 wait ticks). Seeking alternate route/nook...
[15:00:29] [Tick 574] Alternate route found to goal (20 steps).
[15:00:29] [Tick 574] Pos=(19, 21), Heading=NORTH, State=AUDITING, Action=WAITING, Priority=0.0, Battery=37.1%, Waits=559
[15:00:30] [Tick 575] Deadlock/livelock detected (559 wait ticks). Seeking alternate route/nook...
[15:00:30] [Tick 575] Alternate route found to goal (20 steps).
[15:00:30] [Tick 575] Pos=(19, 21), Heading=NORTH, State=AUDITING, Action=WAITING, Priority=0.0, Battery=37.0%, Waits=560
[15:00:30] [Tick 576] Deadlock/livelock detected (560 wait ticks). Seeking alternate route/nook...
[15:00:30] [Tick 576] Alternate route found to goal (20 steps).
[15:00:30] [Tick 576] Pos=(19, 21), Heading=NORTH, State=AUDITING, Action=WAITING, Priority=0.0, Battery=36.9%, Waits=561
[15:00:31] [Tick 577] Deadlock/livelock detected (561 wait ticks). Seeking alternate route/nook...
[15:00:31] [Tick 577] Alternate route found to goal (20 steps).
[15:00:31] [Tick 577] Pos=(19, 21), Heading=NORTH, State=AUDITING, Action=WAITING, Priority=0.0, Battery=36.8%, Waits=562
[15:00:31] [Tick 578] Deadlock/livelock detected (562 wait ticks). Seeking alternate route/nook...
[15:00:31] [Tick 578] Alternate route found to goal (20 steps).
[15:00:31] [Tick 578] Pos=(19, 21), Heading=NORTH, State=AUDITING, Action=WAITING, Priority=0.0, Battery=36.7%, Waits=563
[15:00:32] [Tick 579] Deadlock/livelock detected (563 wait ticks). Seeking alternate route/nook...
[15:00:32] [Tick 579] Alternate route found to goal (20 steps).
[15:00:32] [Tick 579] Pos=(19, 21), Heading=NORTH, State=AUDITING, Action=WAITING, Priority=0.0, Battery=36.6%, Waits=564
[15:00:32] [Tick 580] Deadlock/livelock detected (564 wait ticks). Seeking alternate route/nook...
[15:00:32] [Tick 580] Alternate route found to goal (20 steps).
[15:00:32] [Tick 580] Pos=(19, 21), Heading=NORTH, State=AUDITING, Action=WAITING, Priority=0.0, Battery=36.5%, Waits=565
[15:00:33] [Tick 581] Deadlock/livelock detected (565 wait ticks). Seeking alternate route/nook...
[15:00:33] [Tick 581] Alternate route found to goal (20 steps).
[15:00:33] [Tick 581] Pos=(19, 21), Heading=NORTH, State=AUDITING, Action=WAITING, Priority=0.0, Battery=36.4%, Waits=566
[15:00:33] [Tick 582] Deadlock/livelock detected (566 wait ticks). Seeking alternate route/nook...
[15:00:33] [Tick 582] Alternate route found to goal (20 steps).
[15:00:33] [Tick 582] Pos=(19, 21), Heading=NORTH, State=AUDITING, Action=WAITING, Priority=0.0, Battery=36.3%, Waits=567
[15:00:34] [Tick 583] Deadlock/livelock detected (567 wait ticks). Seeking alternate route/nook...
[15:00:34] [Tick 583] Alternate route found to goal (20 steps).
[15:00:34] [Tick 583] Pos=(19, 21), Heading=NORTH, State=AUDITING, Action=WAITING, Priority=0.0, Battery=36.2%, Waits=568
[15:00:34] [Tick 584] Deadlock/livelock detected (568 wait ticks). Seeking alternate route/nook...
[15:00:34] [Tick 584] Alternate route found to goal (20 steps).
[15:00:34] [Tick 584] Pos=(19, 21), Heading=NORTH, State=AUDITING, Action=WAITING, Priority=0.0, Battery=36.1%, Waits=569
[15:00:35] [Tick 585] Deadlock/livelock detected (569 wait ticks). Seeking alternate route/nook...
[15:00:35] [Tick 585] Alternate route found to goal (20 steps).
[15:00:35] [Tick 585] Pos=(19, 21), Heading=NORTH, State=AUDITING, Action=WAITING, Priority=0.0, Battery=36.0%, Waits=570
[15:00:35] [Tick 586] Deadlock/livelock detected (570 wait ticks). Seeking alternate route/nook...
[15:00:35] [Tick 586] Alternate route found to goal (20 steps).
[15:00:35] [Tick 586] Pos=(19, 21), Heading=NORTH, State=AUDITING, Action=WAITING, Priority=0.0, Battery=35.9%, Waits=571
[15:00:36] [Tick 587] Deadlock/livelock detected (571 wait ticks). Seeking alternate route/nook...
[15:00:36] [Tick 587] Alternate route found to goal (20 steps).
[15:00:36] [Tick 587] Pos=(19, 21), Heading=NORTH, State=AUDITING, Action=WAITING, Priority=0.0, Battery=35.8%, Waits=572
[15:00:36] [Tick 588] Deadlock/livelock detected (572 wait ticks). Seeking alternate route/nook...
[15:00:36] [Tick 588] Alternate route found to goal (20 steps).
[15:00:36] [Tick 588] Pos=(19, 21), Heading=NORTH, State=AUDITING, Action=WAITING, Priority=0.0, Battery=35.7%, Waits=573
[15:00:37] [Tick 589] Deadlock/livelock detected (573 wait ticks). Seeking alternate route/nook...
[15:00:37] [Tick 589] Alternate route found to goal (20 steps).
[15:00:37] [Tick 589] Pos=(19, 21), Heading=NORTH, State=AUDITING, Action=WAITING, Priority=0.0, Battery=35.6%, Waits=574
[15:00:37] [Tick 590] Deadlock/livelock detected (574 wait ticks). Seeking alternate route/nook...
[15:00:37] [Tick 590] Alternate route found to goal (20 steps).
[15:00:37] [Tick 590] Pos=(19, 21), Heading=NORTH, State=AUDITING, Action=WAITING, Priority=0.0, Battery=35.5%, Waits=575
[15:00:38] [Tick 591] Deadlock/livelock detected (575 wait ticks). Seeking alternate route/nook...
[15:00:38] [Tick 591] Alternate route found to goal (20 steps).
[15:00:38] [Tick 591] Pos=(19, 21), Heading=NORTH, State=AUDITING, Action=WAITING, Priority=0.0, Battery=35.4%, Waits=576
[15:00:38] [Tick 592] Deadlock/livelock detected (576 wait ticks). Seeking alternate route/nook...
[15:00:38] [Tick 592] Alternate route found to goal (20 steps).
[15:00:38] [Tick 592] Pos=(19, 21), Heading=NORTH, State=AUDITING, Action=WAITING, Priority=0.0, Battery=35.3%, Waits=577
[15:00:39] [Tick 593] Deadlock/livelock detected (577 wait ticks). Seeking alternate route/nook...
[15:00:39] [Tick 593] Alternate route found to goal (20 steps).
[15:00:39] [Tick 593] Pos=(19, 21), Heading=NORTH, State=AUDITING, Action=WAITING, Priority=0.0, Battery=35.2%, Waits=578
[15:00:39] [Tick 594] Deadlock/livelock detected (578 wait ticks). Seeking alternate route/nook...
[15:00:39] [Tick 594] Alternate route found to goal (20 steps).
[15:00:39] [Tick 594] Pos=(19, 21), Heading=NORTH, State=AUDITING, Action=WAITING, Priority=0.0, Battery=35.1%, Waits=579
[15:00:40] [Tick 595] Deadlock/livelock detected (579 wait ticks). Seeking alternate route/nook...
[15:00:40] [Tick 595] Alternate route found to goal (20 steps).
[15:00:40] [Tick 595] Pos=(19, 21), Heading=NORTH, State=AUDITING, Action=WAITING, Priority=0.0, Battery=35.0%, Waits=580
[15:00:40] [Tick 596] Deadlock/livelock detected (580 wait ticks). Seeking alternate route/nook...
[15:00:40] [Tick 596] Alternate route found to goal (20 steps).
[15:00:40] [Tick 596] Pos=(19, 21), Heading=NORTH, State=AUDITING, Action=WAITING, Priority=0.0, Battery=34.9%, Waits=581
[15:00:41] [Tick 597] Deadlock/livelock detected (581 wait ticks). Seeking alternate route/nook...
[15:00:41] [Tick 597] Alternate route found to goal (20 steps).
[15:00:41] [Tick 597] Pos=(19, 21), Heading=NORTH, State=AUDITING, Action=WAITING, Priority=0.0, Battery=34.8%, Waits=582
[15:00:41] [Tick 598] Deadlock/livelock detected (582 wait ticks). Seeking alternate route/nook...
[15:00:41] [Tick 598] Alternate route found to goal (20 steps).
[15:00:41] [Tick 598] Pos=(19, 21), Heading=NORTH, State=AUDITING, Action=WAITING, Priority=0.0, Battery=34.7%, Waits=583
[15:00:42] [Tick 599] Deadlock/livelock detected (583 wait ticks). Seeking alternate route/nook...
[15:00:42] [Tick 599] Alternate route found to goal (20 steps).
[15:00:42] [Tick 599] Pos=(19, 21), Heading=NORTH, State=AUDITING, Action=WAITING, Priority=0.0, Battery=34.6%, Waits=584
[15:00:42] [Tick 600] Deadlock/livelock detected (584 wait ticks). Seeking alternate route/nook...
[15:00:42] [Tick 600] Alternate route found to goal (20 steps).
[15:00:42] [Tick 600] Pos=(19, 21), Heading=NORTH, State=AUDITING, Action=WAITING, Priority=0.0, Battery=34.5%, Waits=585
[15:00:43] [Tick 601] Deadlock/livelock detected (585 wait ticks). Seeking alternate route/nook...
[15:00:43] [Tick 601] Alternate route found to goal (20 steps).
[15:00:43] [Tick 601] Pos=(19, 21), Heading=NORTH, State=AUDITING, Action=WAITING, Priority=0.0, Battery=34.4%, Waits=586
[15:00:43] [Tick 602] Deadlock/livelock detected (586 wait ticks). Seeking alternate route/nook...
[15:00:43] [Tick 602] Alternate route found to goal (20 steps).
[15:00:43] [Tick 602] Pos=(19, 21), Heading=NORTH, State=AUDITING, Action=WAITING, Priority=0.0, Battery=34.3%, Waits=587
[15:00:44] [Tick 603] Deadlock/livelock detected (587 wait ticks). Seeking alternate route/nook...
[15:00:44] [Tick 603] Alternate route found to goal (20 steps).
[15:00:44] [Tick 603] Pos=(19, 21), Heading=NORTH, State=AUDITING, Action=WAITING, Priority=0.0, Battery=34.2%, Waits=588
[15:00:44] [Tick 604] Deadlock/livelock detected (588 wait ticks). Seeking alternate route/nook...
[15:00:44] [Tick 604] Alternate route found to goal (20 steps).
[15:00:44] [Tick 604] Pos=(19, 21), Heading=NORTH, State=AUDITING, Action=WAITING, Priority=0.0, Battery=34.1%, Waits=589
[15:00:45] [Tick 605] Deadlock/livelock detected (589 wait ticks). Seeking alternate route/nook...
[15:00:45] [Tick 605] Alternate route found to goal (20 steps).
[15:00:45] [Tick 605] Pos=(19, 21), Heading=NORTH, State=AUDITING, Action=WAITING, Priority=0.0, Battery=34.0%, Waits=590
[15:00:45] [Tick 606] Deadlock/livelock detected (590 wait ticks). Seeking alternate route/nook...
[15:00:45] [Tick 606] Alternate route found to goal (20 steps).
[15:00:45] [Tick 606] Pos=(19, 21), Heading=NORTH, State=AUDITING, Action=WAITING, Priority=0.0, Battery=33.9%, Waits=591
[15:00:46] [Tick 607] Deadlock/livelock detected (591 wait ticks). Seeking alternate route/nook...
[15:00:46] [Tick 607] Alternate route found to goal (20 steps).
[15:00:46] [Tick 607] Pos=(19, 21), Heading=NORTH, State=AUDITING, Action=WAITING, Priority=0.0, Battery=33.8%, Waits=592
[15:00:46] [Tick 608] Deadlock/livelock detected (592 wait ticks). Seeking alternate route/nook...
[15:00:46] [Tick 608] Alternate route found to goal (20 steps).
[15:00:46] [Tick 608] Pos=(19, 21), Heading=NORTH, State=AUDITING, Action=WAITING, Priority=0.0, Battery=33.7%, Waits=593
[15:00:47] [Tick 609] Deadlock/livelock detected (593 wait ticks). Seeking alternate route/nook...
[15:00:47] [Tick 609] Alternate route found to goal (20 steps).
[15:00:47] [Tick 609] Pos=(19, 21), Heading=NORTH, State=AUDITING, Action=WAITING, Priority=0.0, Battery=33.6%, Waits=594
[15:00:47] [Tick 610] Deadlock/livelock detected (594 wait ticks). Seeking alternate route/nook...
[15:00:47] [Tick 610] Alternate route found to goal (20 steps).
[15:00:47] [Tick 610] Pos=(19, 21), Heading=NORTH, State=AUDITING, Action=WAITING, Priority=0.0, Battery=33.5%, Waits=595
[15:00:48] [Tick 611] Deadlock/livelock detected (595 wait ticks). Seeking alternate route/nook...
[15:00:48] [Tick 611] Alternate route found to goal (20 steps).
[15:00:48] [Tick 611] Pos=(19, 21), Heading=NORTH, State=AUDITING, Action=WAITING, Priority=0.0, Battery=33.4%, Waits=596
[15:00:48] [Tick 612] Deadlock/livelock detected (596 wait ticks). Seeking alternate route/nook...
[15:00:48] [Tick 612] Alternate route found to goal (20 steps).
[15:00:48] [Tick 612] Pos=(19, 21), Heading=NORTH, State=AUDITING, Action=WAITING, Priority=0.0, Battery=33.3%, Waits=597
[15:00:49] [Tick 613] Deadlock/livelock detected (597 wait ticks). Seeking alternate route/nook...
[15:00:49] [Tick 613] Alternate route found to goal (20 steps).
[15:00:49] [Tick 613] Pos=(19, 21), Heading=NORTH, State=AUDITING, Action=WAITING, Priority=0.0, Battery=33.2%, Waits=598
[15:00:49] [Tick 614] Deadlock/livelock detected (598 wait ticks). Seeking alternate route/nook...
[15:00:49] [Tick 614] Alternate route found to goal (20 steps).
[15:00:49] [Tick 614] Pos=(19, 21), Heading=NORTH, State=AUDITING, Action=WAITING, Priority=0.0, Battery=33.1%, Waits=599
[15:00:50] [Tick 615] Deadlock/livelock detected (599 wait ticks). Seeking alternate route/nook...
[15:00:50] [Tick 615] Alternate route found to goal (20 steps).
[15:00:50] [Tick 615] Pos=(19, 21), Heading=NORTH, State=AUDITING, Action=WAITING, Priority=0.0, Battery=33.0%, Waits=600
[15:00:50] [Tick 616] Deadlock/livelock detected (600 wait ticks). Seeking alternate route/nook...
[15:00:50] [Tick 616] Alternate route found to goal (20 steps).
[15:00:50] [Tick 616] Pos=(19, 21), Heading=NORTH, State=AUDITING, Action=WAITING, Priority=0.0, Battery=32.9%, Waits=601
[15:00:51] [Tick 617] Deadlock/livelock detected (601 wait ticks). Seeking alternate route/nook...
[15:00:51] [Tick 617] Alternate route found to goal (20 steps).
[15:00:51] [Tick 617] Pos=(19, 21), Heading=NORTH, State=AUDITING, Action=WAITING, Priority=0.0, Battery=32.8%, Waits=602
[15:00:51] [Tick 618] Deadlock/livelock detected (602 wait ticks). Seeking alternate route/nook...
[15:00:51] [Tick 618] Alternate route found to goal (20 steps).
[15:00:51] [Tick 618] Pos=(19, 21), Heading=NORTH, State=AUDITING, Action=WAITING, Priority=0.0, Battery=32.7%, Waits=603
[15:00:52] [Tick 619] Deadlock/livelock detected (603 wait ticks). Seeking alternate route/nook...
[15:00:52] [Tick 619] Alternate route found to goal (20 steps).
[15:00:52] [Tick 619] Pos=(19, 21), Heading=NORTH, State=AUDITING, Action=WAITING, Priority=0.0, Battery=32.6%, Waits=604
[15:00:52] [Tick 620] Deadlock/livelock detected (604 wait ticks). Seeking alternate route/nook...
[15:00:52] [Tick 620] Alternate route found to goal (20 steps).
[15:00:52] [Tick 620] Pos=(19, 21), Heading=NORTH, State=AUDITING, Action=WAITING, Priority=0.0, Battery=32.5%, Waits=605
[15:00:53] [Tick 621] Deadlock/livelock detected (605 wait ticks). Seeking alternate route/nook...
[15:00:53] [Tick 621] Alternate route found to goal (20 steps).
[15:00:53] [Tick 621] Pos=(19, 21), Heading=NORTH, State=AUDITING, Action=WAITING, Priority=0.0, Battery=32.4%, Waits=606
[15:00:53] [Tick 622] Deadlock/livelock detected (606 wait ticks). Seeking alternate route/nook...
[15:00:53] [Tick 622] Alternate route found to goal (20 steps).
[15:00:53] [Tick 622] Pos=(19, 21), Heading=NORTH, State=AUDITING, Action=WAITING, Priority=0.0, Battery=32.3%, Waits=607
[15:00:54] [Tick 623] Deadlock/livelock detected (607 wait ticks). Seeking alternate route/nook...
[15:00:54] [Tick 623] Alternate route found to goal (20 steps).
[15:00:54] [Tick 623] Pos=(19, 21), Heading=NORTH, State=AUDITING, Action=WAITING, Priority=0.0, Battery=32.2%, Waits=608
[15:00:54] [Tick 624] Deadlock/livelock detected (608 wait ticks). Seeking alternate route/nook...
[15:00:54] [Tick 624] Alternate route found to goal (20 steps).
[15:00:54] [Tick 624] Pos=(19, 21), Heading=NORTH, State=AUDITING, Action=WAITING, Priority=0.0, Battery=32.1%, Waits=609
[15:00:55] [Tick 625] Deadlock/livelock detected (609 wait ticks). Seeking alternate route/nook...
[15:00:55] [Tick 625] Alternate route found to goal (20 steps).
[15:00:55] [Tick 625] Pos=(19, 21), Heading=NORTH, State=AUDITING, Action=WAITING, Priority=0.0, Battery=32.0%, Waits=610
[15:00:55] [Tick 626] Deadlock/livelock detected (610 wait ticks). Seeking alternate route/nook...
[15:00:55] [Tick 626] Alternate route found to goal (20 steps).
[15:00:55] [Tick 626] Pos=(19, 21), Heading=NORTH, State=AUDITING, Action=WAITING, Priority=0.0, Battery=31.9%, Waits=611
[15:00:56] [Tick 627] Deadlock/livelock detected (611 wait ticks). Seeking alternate route/nook...
[15:00:56] [Tick 627] Alternate route found to goal (20 steps).
[15:00:56] [Tick 627] Pos=(19, 21), Heading=NORTH, State=AUDITING, Action=WAITING, Priority=0.0, Battery=31.8%, Waits=612
[15:00:56] [Tick 628] Deadlock/livelock detected (612 wait ticks). Seeking alternate route/nook...
[15:00:56] [Tick 628] Alternate route found to goal (20 steps).
[15:00:56] [Tick 628] Pos=(19, 21), Heading=NORTH, State=AUDITING, Action=WAITING, Priority=0.0, Battery=31.7%, Waits=613
[15:00:57] [Tick 629] Deadlock/livelock detected (613 wait ticks). Seeking alternate route/nook...
[15:00:57] [Tick 629] Alternate route found to goal (20 steps).
[15:00:57] [Tick 629] Pos=(19, 21), Heading=NORTH, State=AUDITING, Action=WAITING, Priority=0.0, Battery=31.6%, Waits=614
[15:00:57] [Tick 630] Deadlock/livelock detected (614 wait ticks). Seeking alternate route/nook...
[15:00:57] [Tick 630] Alternate route found to goal (20 steps).
[15:00:57] [Tick 630] Pos=(19, 21), Heading=NORTH, State=AUDITING, Action=WAITING, Priority=0.0, Battery=31.5%, Waits=615
[15:00:58] [Tick 631] Deadlock/livelock detected (615 wait ticks). Seeking alternate route/nook...
[15:00:58] [Tick 631] Alternate route found to goal (20 steps).
[15:00:58] [Tick 631] Pos=(19, 21), Heading=NORTH, State=AUDITING, Action=WAITING, Priority=0.0, Battery=31.4%, Waits=616
[15:00:58] [Tick 632] Deadlock/livelock detected (616 wait ticks). Seeking alternate route/nook...
[15:00:58] [Tick 632] Alternate route found to goal (20 steps).
[15:00:58] [Tick 632] Pos=(19, 21), Heading=NORTH, State=AUDITING, Action=WAITING, Priority=0.0, Battery=31.3%, Waits=617
[15:00:59] [Tick 633] Deadlock/livelock detected (617 wait ticks). Seeking alternate route/nook...
[15:00:59] [Tick 633] Alternate route found to goal (20 steps).
[15:00:59] [Tick 633] Pos=(19, 21), Heading=NORTH, State=AUDITING, Action=WAITING, Priority=0.0, Battery=31.2%, Waits=618
[15:00:59] [Tick 634] Deadlock/livelock detected (618 wait ticks). Seeking alternate route/nook...
[15:00:59] [Tick 634] Alternate route found to goal (20 steps).
[15:00:59] [Tick 634] Pos=(19, 21), Heading=NORTH, State=AUDITING, Action=WAITING, Priority=0.0, Battery=31.1%, Waits=619
[15:01:00] [Tick 635] Deadlock/livelock detected (619 wait ticks). Seeking alternate route/nook...
[15:01:00] [Tick 635] Alternate route found to goal (20 steps).
[15:01:00] [Tick 635] Pos=(19, 21), Heading=NORTH, State=AUDITING, Action=WAITING, Priority=0.0, Battery=31.0%, Waits=620
[15:01:00] [Tick 636] Deadlock/livelock detected (620 wait ticks). Seeking alternate route/nook...
[15:01:00] [Tick 636] Alternate route found to goal (20 steps).
[15:01:00] [Tick 636] Pos=(19, 21), Heading=NORTH, State=AUDITING, Action=WAITING, Priority=0.0, Battery=30.9%, Waits=621
[15:01:01] [Tick 637] Deadlock/livelock detected (621 wait ticks). Seeking alternate route/nook...
[15:01:01] [Tick 637] Alternate route found to goal (20 steps).
[15:01:01] [Tick 637] Pos=(19, 21), Heading=NORTH, State=AUDITING, Action=WAITING, Priority=0.0, Battery=30.8%, Waits=622
[15:01:01] [Tick 638] Deadlock/livelock detected (622 wait ticks). Seeking alternate route/nook...
[15:01:01] [Tick 638] Alternate route found to goal (20 steps).
[15:01:01] [Tick 638] Pos=(19, 21), Heading=NORTH, State=AUDITING, Action=WAITING, Priority=0.0, Battery=30.7%, Waits=623
[15:01:02] [Tick 639] Deadlock/livelock detected (623 wait ticks). Seeking alternate route/nook...
[15:01:02] [Tick 639] Alternate route found to goal (20 steps).
[15:01:02] [Tick 639] Pos=(19, 21), Heading=NORTH, State=AUDITING, Action=WAITING, Priority=0.0, Battery=30.6%, Waits=624
[15:01:02] [Tick 640] Deadlock/livelock detected (624 wait ticks). Seeking alternate route/nook...
[15:01:02] [Tick 640] Alternate route found to goal (20 steps).
[15:01:02] [Tick 640] Pos=(19, 21), Heading=NORTH, State=AUDITING, Action=WAITING, Priority=0.0, Battery=30.5%, Waits=625
[15:01:03] [Tick 641] Deadlock/livelock detected (625 wait ticks). Seeking alternate route/nook...
[15:01:03] [Tick 641] Alternate route found to goal (20 steps).
[15:01:03] [Tick 641] Pos=(19, 21), Heading=NORTH, State=AUDITING, Action=WAITING, Priority=0.0, Battery=30.4%, Waits=626
[15:01:03] [Tick 642] Deadlock/livelock detected (626 wait ticks). Seeking alternate route/nook...
[15:01:03] [Tick 642] Alternate route found to goal (20 steps).
[15:01:03] [Tick 642] Pos=(19, 21), Heading=NORTH, State=AUDITING, Action=WAITING, Priority=0.0, Battery=30.3%, Waits=627
[15:01:04] [Tick 643] Deadlock/livelock detected (627 wait ticks). Seeking alternate route/nook...
[15:01:04] [Tick 643] Alternate route found to goal (20 steps).
[15:01:04] [Tick 643] Pos=(19, 21), Heading=NORTH, State=AUDITING, Action=WAITING, Priority=0.0, Battery=30.2%, Waits=628
[15:01:04] [Tick 644] Deadlock/livelock detected (628 wait ticks). Seeking alternate route/nook...
[15:01:04] [Tick 644] Alternate route found to goal (20 steps).
[15:01:04] [Tick 644] Pos=(19, 21), Heading=NORTH, State=AUDITING, Action=WAITING, Priority=0.0, Battery=30.1%, Waits=629
[15:01:05] [Tick 645] Deadlock/livelock detected (629 wait ticks). Seeking alternate route/nook...
[15:01:05] [Tick 645] Alternate route found to goal (20 steps).
[15:01:05] [Tick 645] Pos=(19, 21), Heading=NORTH, State=AUDITING, Action=WAITING, Priority=0.0, Battery=30.0%, Waits=630
[15:01:05] [Tick 646] Deadlock/livelock detected (630 wait ticks). Seeking alternate route/nook...
[15:01:05] [Tick 646] Alternate route found to goal (20 steps).
[15:01:05] [Tick 646] Pos=(19, 21), Heading=NORTH, State=AUDITING, Action=WAITING, Priority=0.0, Battery=29.9%, Waits=631
[15:01:06] [Tick 647] Deadlock/livelock detected (631 wait ticks). Seeking alternate route/nook...
[15:01:06] [Tick 647] Alternate route found to goal (20 steps).
[15:01:06] [Tick 647] Pos=(19, 21), Heading=NORTH, State=AUDITING, Action=WAITING, Priority=0.0, Battery=29.8%, Waits=632
[15:01:06] [Tick 648] Deadlock/livelock detected (632 wait ticks). Seeking alternate route/nook...
[15:01:06] [Tick 648] Alternate route found to goal (20 steps).
[15:01:06] [Tick 648] Pos=(19, 21), Heading=NORTH, State=AUDITING, Action=WAITING, Priority=0.0, Battery=29.7%, Waits=633
[15:01:07] [Tick 649] Deadlock/livelock detected (633 wait ticks). Seeking alternate route/nook...
[15:01:07] [Tick 649] Alternate route found to goal (20 steps).
[15:01:07] [Tick 649] Pos=(19, 21), Heading=NORTH, State=AUDITING, Action=WAITING, Priority=0.0, Battery=29.6%, Waits=634
[15:01:07] [Tick 650] Deadlock/livelock detected (634 wait ticks). Seeking alternate route/nook...
[15:01:07] [Tick 650] Alternate route found to goal (20 steps).
[15:01:07] [Tick 650] Pos=(19, 21), Heading=NORTH, State=AUDITING, Action=WAITING, Priority=0.0, Battery=29.5%, Waits=635
[15:01:08] [Tick 651] Deadlock/livelock detected (635 wait ticks). Seeking alternate route/nook...
[15:01:08] [Tick 651] Alternate route found to goal (20 steps).
[15:01:08] [Tick 651] Pos=(19, 21), Heading=NORTH, State=AUDITING, Action=WAITING, Priority=0.0, Battery=29.4%, Waits=636
[15:01:08] [Tick 652] Deadlock/livelock detected (636 wait ticks). Seeking alternate route/nook...
[15:01:08] [Tick 652] Alternate route found to goal (20 steps).
[15:01:08] [Tick 652] Pos=(19, 21), Heading=NORTH, State=AUDITING, Action=WAITING, Priority=0.0, Battery=29.3%, Waits=637
[15:01:09] [Tick 653] Deadlock/livelock detected (637 wait ticks). Seeking alternate route/nook...
[15:01:09] [Tick 653] Alternate route found to goal (20 steps).
[15:01:09] [Tick 653] Pos=(19, 21), Heading=NORTH, State=AUDITING, Action=WAITING, Priority=0.0, Battery=29.2%, Waits=638
[15:01:09] [Tick 654] Deadlock/livelock detected (638 wait ticks). Seeking alternate route/nook...
[15:01:09] [Tick 654] Alternate route found to goal (20 steps).
[15:01:09] [Tick 654] Pos=(19, 21), Heading=NORTH, State=AUDITING, Action=WAITING, Priority=0.0, Battery=29.1%, Waits=639
[15:01:10] [Tick 655] Deadlock/livelock detected (639 wait ticks). Seeking alternate route/nook...
[15:01:10] [Tick 655] Alternate route found to goal (20 steps).
[15:01:10] [Tick 655] Pos=(19, 21), Heading=NORTH, State=AUDITING, Action=WAITING, Priority=0.0, Battery=29.0%, Waits=640
[15:01:10] [Tick 656] Deadlock/livelock detected (640 wait ticks). Seeking alternate route/nook...
[15:01:10] [Tick 656] Alternate route found to goal (20 steps).
[15:01:10] [Tick 656] Pos=(19, 21), Heading=NORTH, State=AUDITING, Action=WAITING, Priority=0.0, Battery=28.9%, Waits=641
[15:01:11] [Tick 657] Deadlock/livelock detected (641 wait ticks). Seeking alternate route/nook...
[15:01:11] [Tick 657] Alternate route found to goal (20 steps).
[15:01:11] [Tick 657] Pos=(19, 21), Heading=NORTH, State=AUDITING, Action=WAITING, Priority=0.0, Battery=28.8%, Waits=642
[15:01:11] [Tick 658] Deadlock/livelock detected (642 wait ticks). Seeking alternate route/nook...
[15:01:11] [Tick 658] Alternate route found to goal (20 steps).
[15:01:11] [Tick 658] Pos=(19, 21), Heading=NORTH, State=AUDITING, Action=WAITING, Priority=0.0, Battery=28.7%, Waits=643
[15:01:12] [Tick 659] Deadlock/livelock detected (643 wait ticks). Seeking alternate route/nook...
[15:01:12] [Tick 659] Alternate route found to goal (20 steps).
[15:01:12] [Tick 659] Pos=(19, 21), Heading=NORTH, State=AUDITING, Action=WAITING, Priority=0.0, Battery=28.6%, Waits=644
[15:01:12] [Tick 660] Deadlock/livelock detected (644 wait ticks). Seeking alternate route/nook...
[15:01:12] [Tick 660] Alternate route found to goal (20 steps).
[15:01:12] [Tick 660] Pos=(19, 21), Heading=NORTH, State=AUDITING, Action=WAITING, Priority=0.0, Battery=28.5%, Waits=645
[15:01:13] [Tick 661] Deadlock/livelock detected (645 wait ticks). Seeking alternate route/nook...
[15:01:13] [Tick 661] Alternate route found to goal (20 steps).
[15:01:13] [Tick 661] Pos=(19, 21), Heading=NORTH, State=AUDITING, Action=WAITING, Priority=0.0, Battery=28.4%, Waits=646
[15:01:13] [Tick 662] Deadlock/livelock detected (646 wait ticks). Seeking alternate route/nook...
[15:01:13] [Tick 662] Alternate route found to goal (20 steps).
[15:01:13] [Tick 662] Pos=(19, 21), Heading=NORTH, State=AUDITING, Action=WAITING, Priority=0.0, Battery=28.3%, Waits=647
[15:01:14] [Tick 663] Deadlock/livelock detected (647 wait ticks). Seeking alternate route/nook...
[15:01:14] [Tick 663] Alternate route found to goal (20 steps).
[15:01:14] [Tick 663] Pos=(19, 21), Heading=NORTH, State=AUDITING, Action=WAITING, Priority=0.0, Battery=28.2%, Waits=648
[15:01:14] [Tick 664] Deadlock/livelock detected (648 wait ticks). Seeking alternate route/nook...
[15:01:14] [Tick 664] Alternate route found to goal (20 steps).
[15:01:14] [Tick 664] Pos=(19, 21), Heading=NORTH, State=AUDITING, Action=WAITING, Priority=0.0, Battery=28.1%, Waits=649
[15:01:15] [Tick 665] Deadlock/livelock detected (649 wait ticks). Seeking alternate route/nook...
[15:01:15] [Tick 665] Alternate route found to goal (20 steps).
[15:01:15] [Tick 665] Pos=(19, 21), Heading=NORTH, State=AUDITING, Action=WAITING, Priority=0.0, Battery=28.0%, Waits=650
[15:01:15] [Tick 666] Deadlock/livelock detected (650 wait ticks). Seeking alternate route/nook...
[15:01:15] [Tick 666] Alternate route found to goal (20 steps).
[15:01:15] [Tick 666] Pos=(19, 21), Heading=NORTH, State=AUDITING, Action=WAITING, Priority=0.0, Battery=27.9%, Waits=651
[15:01:16] [Tick 667] Deadlock/livelock detected (651 wait ticks). Seeking alternate route/nook...
[15:01:16] [Tick 667] Alternate route found to goal (20 steps).
[15:01:16] [Tick 667] Pos=(19, 21), Heading=NORTH, State=AUDITING, Action=WAITING, Priority=0.0, Battery=27.8%, Waits=652
[15:01:16] [Tick 668] Deadlock/livelock detected (652 wait ticks). Seeking alternate route/nook...
[15:01:16] [Tick 668] Alternate route found to goal (20 steps).
[15:01:16] [Tick 668] Pos=(19, 21), Heading=NORTH, State=AUDITING, Action=WAITING, Priority=0.0, Battery=27.7%, Waits=653
[15:01:17] [Tick 669] Deadlock/livelock detected (653 wait ticks). Seeking alternate route/nook...
[15:01:17] [Tick 669] Alternate route found to goal (20 steps).
[15:01:17] [Tick 669] Pos=(19, 21), Heading=NORTH, State=AUDITING, Action=WAITING, Priority=0.0, Battery=27.6%, Waits=654
[15:01:17] [Tick 670] Deadlock/livelock detected (654 wait ticks). Seeking alternate route/nook...
[15:01:17] [Tick 670] Alternate route found to goal (20 steps).
[15:01:17] [Tick 670] Pos=(19, 21), Heading=NORTH, State=AUDITING, Action=WAITING, Priority=0.0, Battery=27.5%, Waits=655
[15:01:18] [Tick 671] Deadlock/livelock detected (655 wait ticks). Seeking alternate route/nook...
[15:01:18] [Tick 671] Alternate route found to goal (20 steps).
[15:01:18] [Tick 671] Pos=(19, 21), Heading=NORTH, State=AUDITING, Action=WAITING, Priority=0.0, Battery=27.4%, Waits=656
[15:01:18] [Tick 672] Deadlock/livelock detected (656 wait ticks). Seeking alternate route/nook...
[15:01:18] [Tick 672] Alternate route found to goal (20 steps).
[15:01:18] [Tick 672] Pos=(19, 21), Heading=NORTH, State=AUDITING, Action=WAITING, Priority=0.0, Battery=27.3%, Waits=657
[15:01:19] [Tick 673] Deadlock/livelock detected (657 wait ticks). Seeking alternate route/nook...
[15:01:19] [Tick 673] Alternate route found to goal (20 steps).
[15:01:19] [Tick 673] Pos=(19, 21), Heading=NORTH, State=AUDITING, Action=WAITING, Priority=0.0, Battery=27.2%, Waits=658
[15:01:19] [Tick 674] Deadlock/livelock detected (658 wait ticks). Seeking alternate route/nook...
[15:01:19] [Tick 674] Alternate route found to goal (20 steps).
[15:01:19] [Tick 674] Pos=(19, 21), Heading=NORTH, State=AUDITING, Action=WAITING, Priority=0.0, Battery=27.1%, Waits=659
[15:01:20] [Tick 675] Deadlock/livelock detected (659 wait ticks). Seeking alternate route/nook...
[15:01:20] [Tick 675] Alternate route found to goal (20 steps).
[15:01:20] [Tick 675] Pos=(19, 21), Heading=NORTH, State=AUDITING, Action=WAITING, Priority=0.0, Battery=27.0%, Waits=660
[15:01:20] [Tick 676] Deadlock/livelock detected (660 wait ticks). Seeking alternate route/nook...
[15:01:20] [Tick 676] Alternate route found to goal (20 steps).
[15:01:20] [Tick 676] Pos=(19, 21), Heading=NORTH, State=AUDITING, Action=WAITING, Priority=0.0, Battery=26.9%, Waits=661
[15:01:21] [Tick 677] Deadlock/livelock detected (661 wait ticks). Seeking alternate route/nook...
[15:01:21] [Tick 677] Alternate route found to goal (20 steps).
[15:01:21] [Tick 677] Pos=(19, 21), Heading=NORTH, State=AUDITING, Action=WAITING, Priority=0.0, Battery=26.8%, Waits=662
[15:01:21] [Tick 678] Deadlock/livelock detected (662 wait ticks). Seeking alternate route/nook...
[15:01:21] [Tick 678] Alternate route found to goal (20 steps).
[15:01:21] [Tick 678] Pos=(19, 21), Heading=NORTH, State=AUDITING, Action=WAITING, Priority=0.0, Battery=26.7%, Waits=663
[15:01:22] [Tick 679] Deadlock/livelock detected (663 wait ticks). Seeking alternate route/nook...
[15:01:22] [Tick 679] Alternate route found to goal (20 steps).
[15:01:22] [Tick 679] Pos=(19, 21), Heading=NORTH, State=AUDITING, Action=WAITING, Priority=0.0, Battery=26.6%, Waits=664
[15:01:22] [Tick 680] Deadlock/livelock detected (664 wait ticks). Seeking alternate route/nook...
[15:01:22] [Tick 680] Alternate route found to goal (20 steps).
[15:01:22] [Tick 680] Pos=(19, 21), Heading=NORTH, State=AUDITING, Action=WAITING, Priority=0.0, Battery=26.5%, Waits=665
[15:01:23] [Tick 681] Deadlock/livelock detected (665 wait ticks). Seeking alternate route/nook...
[15:01:23] [Tick 681] Alternate route found to goal (20 steps).
[15:01:23] [Tick 681] Pos=(19, 21), Heading=NORTH, State=AUDITING, Action=WAITING, Priority=0.0, Battery=26.4%, Waits=666
[15:01:23] [Tick 682] Deadlock/livelock detected (666 wait ticks). Seeking alternate route/nook...
[15:01:23] [Tick 682] Alternate route found to goal (20 steps).
[15:01:23] [Tick 682] Pos=(19, 21), Heading=NORTH, State=AUDITING, Action=WAITING, Priority=0.0, Battery=26.3%, Waits=667
[15:01:24] [Tick 683] Deadlock/livelock detected (667 wait ticks). Seeking alternate route/nook...
[15:01:24] [Tick 683] Alternate route found to goal (20 steps).
[15:01:24] [Tick 683] Pos=(19, 21), Heading=NORTH, State=AUDITING, Action=WAITING, Priority=0.0, Battery=26.2%, Waits=668
[15:01:24] [Tick 684] Deadlock/livelock detected (668 wait ticks). Seeking alternate route/nook...
[15:01:24] [Tick 684] Alternate route found to goal (20 steps).
[15:01:24] [Tick 684] Pos=(19, 21), Heading=NORTH, State=AUDITING, Action=WAITING, Priority=0.0, Battery=26.1%, Waits=669
[15:01:25] [Tick 685] Deadlock/livelock detected (669 wait ticks). Seeking alternate route/nook...
[15:01:25] [Tick 685] Alternate route found to goal (20 steps).
[15:01:25] [Tick 685] Pos=(19, 21), Heading=NORTH, State=AUDITING, Action=WAITING, Priority=0.0, Battery=26.0%, Waits=670
[15:01:25] [Tick 686] Deadlock/livelock detected (670 wait ticks). Seeking alternate route/nook...
[15:01:25] [Tick 686] Alternate route found to goal (20 steps).
[15:01:25] [Tick 686] Pos=(19, 21), Heading=NORTH, State=AUDITING, Action=WAITING, Priority=0.0, Battery=25.9%, Waits=671
[15:01:26] [Tick 687] Deadlock/livelock detected (671 wait ticks). Seeking alternate route/nook...
[15:01:26] [Tick 687] Alternate route found to goal (20 steps).
[15:01:26] [Tick 687] Pos=(19, 21), Heading=NORTH, State=AUDITING, Action=WAITING, Priority=0.0, Battery=25.8%, Waits=672
[15:01:26] [Tick 688] Deadlock/livelock detected (672 wait ticks). Seeking alternate route/nook...
[15:01:26] [Tick 688] Alternate route found to goal (20 steps).
[15:01:26] [Tick 688] Pos=(19, 21), Heading=NORTH, State=AUDITING, Action=WAITING, Priority=0.0, Battery=25.7%, Waits=673
[15:01:27] [Tick 689] Deadlock/livelock detected (673 wait ticks). Seeking alternate route/nook...
[15:01:27] [Tick 689] Alternate route found to goal (20 steps).
[15:01:27] [Tick 689] Pos=(19, 21), Heading=NORTH, State=AUDITING, Action=WAITING, Priority=0.0, Battery=25.6%, Waits=674
[15:01:27] [Tick 690] Deadlock/livelock detected (674 wait ticks). Seeking alternate route/nook...
[15:01:27] [Tick 690] Alternate route found to goal (20 steps).
[15:01:27] [Tick 690] Pos=(19, 21), Heading=NORTH, State=AUDITING, Action=WAITING, Priority=0.0, Battery=25.5%, Waits=675
[15:01:28] [Tick 691] Deadlock/livelock detected (675 wait ticks). Seeking alternate route/nook...
[15:01:28] [Tick 691] Alternate route found to goal (20 steps).
[15:01:28] [Tick 691] Pos=(19, 21), Heading=NORTH, State=AUDITING, Action=WAITING, Priority=0.0, Battery=25.4%, Waits=676
[15:01:28] [Tick 692] Deadlock/livelock detected (676 wait ticks). Seeking alternate route/nook...
[15:01:28] [Tick 692] Alternate route found to goal (20 steps).
[15:01:28] [Tick 692] Pos=(19, 21), Heading=NORTH, State=AUDITING, Action=WAITING, Priority=0.0, Battery=25.3%, Waits=677
[15:01:29] [Tick 693] Deadlock/livelock detected (677 wait ticks). Seeking alternate route/nook...
[15:01:29] [Tick 693] Alternate route found to goal (20 steps).
[15:01:29] [Tick 693] Pos=(19, 21), Heading=NORTH, State=AUDITING, Action=WAITING, Priority=0.0, Battery=25.2%, Waits=678
[15:01:29] [Tick 694] Deadlock/livelock detected (678 wait ticks). Seeking alternate route/nook...
[15:01:29] [Tick 694] Alternate route found to goal (20 steps).
[15:01:29] [Tick 694] Pos=(19, 21), Heading=NORTH, State=AUDITING, Action=WAITING, Priority=0.0, Battery=25.1%, Waits=679
[15:01:30] [Tick 695] Deadlock/livelock detected (679 wait ticks). Seeking alternate route/nook...
[15:01:30] [Tick 695] Alternate route found to goal (20 steps).
[15:01:30] [Tick 695] Pos=(19, 21), Heading=NORTH, State=AUDITING, Action=WAITING, Priority=0.0, Battery=25.0%, Waits=680
[15:01:30] [Tick 696] Deadlock/livelock detected (680 wait ticks). Seeking alternate route/nook...
[15:01:30] [Tick 696] Alternate route found to goal (20 steps).
[15:01:30] [Tick 696] Pos=(19, 21), Heading=NORTH, State=AUDITING, Action=WAITING, Priority=0.0, Battery=24.9%, Waits=681
[15:01:31] [Tick 697] Deadlock/livelock detected (681 wait ticks). Seeking alternate route/nook...
[15:01:31] [Tick 697] Alternate route found to goal (20 steps).
[15:01:31] [Tick 697] Pos=(19, 21), Heading=NORTH, State=AUDITING, Action=WAITING, Priority=0.0, Battery=24.8%, Waits=682
[15:01:31] [Tick 698] Deadlock/livelock detected (682 wait ticks). Seeking alternate route/nook...
[15:01:31] [Tick 698] Alternate route found to goal (20 steps).
[15:01:31] [Tick 698] Pos=(19, 21), Heading=NORTH, State=AUDITING, Action=WAITING, Priority=0.0, Battery=24.7%, Waits=683
[15:01:32] [Tick 699] Deadlock/livelock detected (683 wait ticks). Seeking alternate route/nook...
[15:01:32] [Tick 699] Alternate route found to goal (20 steps).
[15:01:32] [Tick 699] Pos=(19, 21), Heading=NORTH, State=AUDITING, Action=WAITING, Priority=0.0, Battery=24.6%, Waits=684
[15:01:32] [Tick 700] Deadlock/livelock detected (684 wait ticks). Seeking alternate route/nook...
[15:01:32] [Tick 700] Alternate route found to goal (20 steps).
[15:01:32] [Tick 700] Pos=(19, 21), Heading=NORTH, State=AUDITING, Action=WAITING, Priority=0.0, Battery=24.5%, Waits=685
[15:01:33] [Tick 701] Deadlock/livelock detected (685 wait ticks). Seeking alternate route/nook...
[15:01:33] [Tick 701] Alternate route found to goal (20 steps).
[15:01:33] [Tick 701] Pos=(19, 21), Heading=NORTH, State=AUDITING, Action=WAITING, Priority=0.0, Battery=24.4%, Waits=686
[15:01:33] [Tick 702] Deadlock/livelock detected (686 wait ticks). Seeking alternate route/nook...
[15:01:33] [Tick 702] Alternate route found to goal (20 steps).
[15:01:33] [Tick 702] Pos=(19, 21), Heading=NORTH, State=AUDITING, Action=WAITING, Priority=0.0, Battery=24.3%, Waits=687
[15:01:34] [Tick 703] Deadlock/livelock detected (687 wait ticks). Seeking alternate route/nook...
[15:01:34] [Tick 703] Alternate route found to goal (20 steps).
[15:01:34] [Tick 703] Pos=(19, 21), Heading=NORTH, State=AUDITING, Action=WAITING, Priority=0.0, Battery=24.2%, Waits=688
[15:01:34] [Tick 704] Deadlock/livelock detected (688 wait ticks). Seeking alternate route/nook...
[15:01:34] [Tick 704] Alternate route found to goal (20 steps).
[15:01:34] [Tick 704] Pos=(19, 21), Heading=NORTH, State=AUDITING, Action=WAITING, Priority=0.0, Battery=24.1%, Waits=689
[15:01:35] [Tick 705] Deadlock/livelock detected (689 wait ticks). Seeking alternate route/nook...
[15:01:35] [Tick 705] Alternate route found to goal (20 steps).
[15:01:35] [Tick 705] Pos=(19, 21), Heading=NORTH, State=AUDITING, Action=WAITING, Priority=0.0, Battery=24.0%, Waits=690
[15:01:35] [Tick 706] Deadlock/livelock detected (690 wait ticks). Seeking alternate route/nook...
[15:01:35] [Tick 706] Alternate route found to goal (20 steps).
[15:01:35] [Tick 706] Pos=(19, 21), Heading=NORTH, State=AUDITING, Action=WAITING, Priority=0.0, Battery=23.9%, Waits=691
[15:01:36] [Tick 707] Deadlock/livelock detected (691 wait ticks). Seeking alternate route/nook...
[15:01:36] [Tick 707] Alternate route found to goal (20 steps).
[15:01:36] [Tick 707] Pos=(19, 21), Heading=NORTH, State=AUDITING, Action=WAITING, Priority=0.0, Battery=23.8%, Waits=692
[15:01:36] [Tick 708] Deadlock/livelock detected (692 wait ticks). Seeking alternate route/nook...
[15:01:36] [Tick 708] Alternate route found to goal (20 steps).
[15:01:36] [Tick 708] Pos=(19, 21), Heading=NORTH, State=AUDITING, Action=WAITING, Priority=0.0, Battery=23.7%, Waits=693
[15:01:37] [Tick 709] Deadlock/livelock detected (693 wait ticks). Seeking alternate route/nook...
[15:01:37] [Tick 709] Alternate route found to goal (20 steps).
[15:01:37] [Tick 709] Pos=(19, 21), Heading=NORTH, State=AUDITING, Action=WAITING, Priority=0.0, Battery=23.6%, Waits=694
[15:01:37] [Tick 710] Deadlock/livelock detected (694 wait ticks). Seeking alternate route/nook...
[15:01:37] [Tick 710] Alternate route found to goal (20 steps).
[15:01:37] [Tick 710] Pos=(19, 21), Heading=NORTH, State=AUDITING, Action=WAITING, Priority=0.0, Battery=23.5%, Waits=695
[15:01:38] [Tick 711] Deadlock/livelock detected (695 wait ticks). Seeking alternate route/nook...
[15:01:38] [Tick 711] Alternate route found to goal (20 steps).
[15:01:38] [Tick 711] Pos=(19, 21), Heading=NORTH, State=AUDITING, Action=WAITING, Priority=0.0, Battery=23.4%, Waits=696
[15:01:38] [Tick 712] Deadlock/livelock detected (696 wait ticks). Seeking alternate route/nook...
[15:01:38] [Tick 712] Alternate route found to goal (20 steps).
[15:01:38] [Tick 712] Pos=(19, 21), Heading=NORTH, State=AUDITING, Action=WAITING, Priority=0.0, Battery=23.3%, Waits=697
[15:01:39] [Tick 713] Deadlock/livelock detected (697 wait ticks). Seeking alternate route/nook...
[15:01:39] [Tick 713] Alternate route found to goal (20 steps).
[15:01:39] [Tick 713] Pos=(19, 21), Heading=NORTH, State=AUDITING, Action=WAITING, Priority=0.0, Battery=23.2%, Waits=698
[15:01:39] [Tick 714] Deadlock/livelock detected (698 wait ticks). Seeking alternate route/nook...
[15:01:39] [Tick 714] Alternate route found to goal (20 steps).
[15:01:39] [Tick 714] Pos=(19, 21), Heading=NORTH, State=AUDITING, Action=WAITING, Priority=0.0, Battery=23.1%, Waits=699
[15:01:40] [Tick 715] Deadlock/livelock detected (699 wait ticks). Seeking alternate route/nook...
[15:01:40] [Tick 715] Alternate route found to goal (20 steps).
[15:01:40] [Tick 715] Pos=(19, 21), Heading=NORTH, State=AUDITING, Action=WAITING, Priority=0.0, Battery=23.0%, Waits=700
[15:01:40] [Tick 716] Deadlock/livelock detected (700 wait ticks). Seeking alternate route/nook...
[15:01:40] [Tick 716] Alternate route found to goal (20 steps).
[15:01:40] [Tick 716] Pos=(19, 21), Heading=NORTH, State=AUDITING, Action=WAITING, Priority=0.0, Battery=22.9%, Waits=701
[15:01:41] [Tick 717] Deadlock/livelock detected (701 wait ticks). Seeking alternate route/nook...
[15:01:41] [Tick 717] Alternate route found to goal (20 steps).
[15:01:41] [Tick 717] Pos=(19, 21), Heading=NORTH, State=AUDITING, Action=WAITING, Priority=0.0, Battery=22.8%, Waits=702
[15:01:41] [Tick 718] Deadlock/livelock detected (702 wait ticks). Seeking alternate route/nook...
[15:01:41] [Tick 718] Alternate route found to goal (20 steps).
[15:01:41] [Tick 718] Pos=(19, 21), Heading=NORTH, State=AUDITING, Action=WAITING, Priority=0.0, Battery=22.7%, Waits=703
[15:01:42] [Tick 719] Deadlock/livelock detected (703 wait ticks). Seeking alternate route/nook...
[15:01:42] [Tick 719] Alternate route found to goal (20 steps).
[15:01:42] [Tick 719] Pos=(19, 21), Heading=NORTH, State=AUDITING, Action=WAITING, Priority=0.0, Battery=22.6%, Waits=704
[15:01:42] [Tick 720] Deadlock/livelock detected (704 wait ticks). Seeking alternate route/nook...
[15:01:42] [Tick 720] Alternate route found to goal (20 steps).
[15:01:42] [Tick 720] Pos=(19, 21), Heading=NORTH, State=AUDITING, Action=WAITING, Priority=0.0, Battery=22.5%, Waits=705
[15:01:43] [Tick 721] Deadlock/livelock detected (705 wait ticks). Seeking alternate route/nook...
[15:01:43] [Tick 721] Alternate route found to goal (20 steps).
[15:01:43] [Tick 721] Pos=(19, 21), Heading=NORTH, State=AUDITING, Action=WAITING, Priority=0.0, Battery=22.4%, Waits=706
[15:01:43] [Tick 722] Deadlock/livelock detected (706 wait ticks). Seeking alternate route/nook...
[15:01:43] [Tick 722] Alternate route found to goal (20 steps).
[15:01:43] [Tick 722] Pos=(19, 21), Heading=NORTH, State=AUDITING, Action=WAITING, Priority=0.0, Battery=22.3%, Waits=707
[15:01:44] [Tick 723] Deadlock/livelock detected (707 wait ticks). Seeking alternate route/nook...
[15:01:44] [Tick 723] Alternate route found to goal (20 steps).
[15:01:44] [Tick 723] Pos=(19, 21), Heading=NORTH, State=AUDITING, Action=WAITING, Priority=0.0, Battery=22.2%, Waits=708
[15:01:44] [Tick 724] Deadlock/livelock detected (708 wait ticks). Seeking alternate route/nook...
[15:01:44] [Tick 724] Alternate route found to goal (20 steps).
[15:01:44] [Tick 724] Pos=(19, 21), Heading=NORTH, State=AUDITING, Action=WAITING, Priority=0.0, Battery=22.1%, Waits=709
[15:01:45] [Tick 725] Deadlock/livelock detected (709 wait ticks). Seeking alternate route/nook...
[15:01:45] [Tick 725] Alternate route found to goal (20 steps).
[15:01:45] [Tick 725] Pos=(19, 21), Heading=NORTH, State=AUDITING, Action=WAITING, Priority=0.0, Battery=22.0%, Waits=710
[15:01:45] [Tick 726] Deadlock/livelock detected (710 wait ticks). Seeking alternate route/nook...
[15:01:45] [Tick 726] Alternate route found to goal (20 steps).
[15:01:45] [Tick 726] Pos=(19, 21), Heading=NORTH, State=AUDITING, Action=WAITING, Priority=0.0, Battery=21.9%, Waits=711
[15:01:46] [Tick 727] Deadlock/livelock detected (711 wait ticks). Seeking alternate route/nook...
[15:01:46] [Tick 727] Alternate route found to goal (20 steps).
[15:01:46] [Tick 727] Pos=(19, 21), Heading=NORTH, State=AUDITING, Action=WAITING, Priority=0.0, Battery=21.8%, Waits=712
[15:01:46] [Tick 728] Deadlock/livelock detected (712 wait ticks). Seeking alternate route/nook...
[15:01:46] [Tick 728] Alternate route found to goal (20 steps).
[15:01:46] [Tick 728] Pos=(19, 21), Heading=NORTH, State=AUDITING, Action=WAITING, Priority=0.0, Battery=21.7%, Waits=713
[15:01:47] [Tick 729] Deadlock/livelock detected (713 wait ticks). Seeking alternate route/nook...
[15:01:47] [Tick 729] Alternate route found to goal (20 steps).
[15:01:47] [Tick 729] Pos=(19, 21), Heading=NORTH, State=AUDITING, Action=WAITING, Priority=0.0, Battery=21.6%, Waits=714
[15:01:47] [Tick 730] Deadlock/livelock detected (714 wait ticks). Seeking alternate route/nook...
[15:01:47] [Tick 730] Alternate route found to goal (20 steps).
[15:01:47] [Tick 730] Pos=(19, 21), Heading=NORTH, State=AUDITING, Action=WAITING, Priority=0.0, Battery=21.5%, Waits=715
[15:01:48] [Tick 731] Deadlock/livelock detected (715 wait ticks). Seeking alternate route/nook...
[15:01:48] [Tick 731] Alternate route found to goal (20 steps).
[15:01:48] [Tick 731] Pos=(19, 21), Heading=NORTH, State=AUDITING, Action=WAITING, Priority=0.0, Battery=21.4%, Waits=716
[15:01:48] [Tick 732] Deadlock/livelock detected (716 wait ticks). Seeking alternate route/nook...
[15:01:48] [Tick 732] Alternate route found to goal (20 steps).
[15:01:48] [Tick 732] Pos=(19, 21), Heading=NORTH, State=AUDITING, Action=WAITING, Priority=0.0, Battery=21.3%, Waits=717
[15:01:49] [Tick 733] Deadlock/livelock detected (717 wait ticks). Seeking alternate route/nook...
[15:01:49] [Tick 733] Alternate route found to goal (20 steps).
[15:01:49] [Tick 733] Pos=(19, 21), Heading=NORTH, State=AUDITING, Action=WAITING, Priority=0.0, Battery=21.2%, Waits=718
[15:01:49] [Tick 734] Deadlock/livelock detected (718 wait ticks). Seeking alternate route/nook...
[15:01:49] [Tick 734] Alternate route found to goal (20 steps).
[15:01:49] [Tick 734] Pos=(19, 21), Heading=NORTH, State=AUDITING, Action=WAITING, Priority=0.0, Battery=21.1%, Waits=719
[15:01:50] [Tick 735] Deadlock/livelock detected (719 wait ticks). Seeking alternate route/nook...
[15:01:50] [Tick 735] Alternate route found to goal (20 steps).
[15:01:50] [Tick 735] Pos=(19, 21), Heading=NORTH, State=AUDITING, Action=WAITING, Priority=0.0, Battery=21.0%, Waits=720
[15:01:50] [Tick 736] Deadlock/livelock detected (720 wait ticks). Seeking alternate route/nook...
[15:01:50] [Tick 736] Alternate route found to goal (20 steps).
[15:01:50] [Tick 736] Pos=(19, 21), Heading=NORTH, State=AUDITING, Action=WAITING, Priority=0.0, Battery=20.9%, Waits=721
[15:01:51] [Tick 737] Deadlock/livelock detected (721 wait ticks). Seeking alternate route/nook...
[15:01:51] [Tick 737] Alternate route found to goal (20 steps).
[15:01:51] [Tick 737] Pos=(19, 21), Heading=NORTH, State=AUDITING, Action=WAITING, Priority=0.0, Battery=20.8%, Waits=722
[15:01:51] [Tick 738] Deadlock/livelock detected (722 wait ticks). Seeking alternate route/nook...
[15:01:51] [Tick 738] Alternate route found to goal (20 steps).
[15:01:51] [Tick 738] Pos=(19, 21), Heading=NORTH, State=AUDITING, Action=WAITING, Priority=0.0, Battery=20.7%, Waits=723
[15:01:52] [Tick 739] Deadlock/livelock detected (723 wait ticks). Seeking alternate route/nook...
[15:01:52] [Tick 739] Alternate route found to goal (20 steps).
[15:01:52] [Tick 739] Pos=(19, 21), Heading=NORTH, State=AUDITING, Action=WAITING, Priority=0.0, Battery=20.6%, Waits=724
[15:01:52] [Tick 740] Deadlock/livelock detected (724 wait ticks). Seeking alternate route/nook...
[15:01:52] [Tick 740] Alternate route found to goal (20 steps).
[15:01:52] [Tick 740] Pos=(19, 21), Heading=NORTH, State=AUDITING, Action=WAITING, Priority=0.0, Battery=20.5%, Waits=725
[15:01:53] [Tick 741] Deadlock/livelock detected (725 wait ticks). Seeking alternate route/nook...
[15:01:53] [Tick 741] Alternate route found to goal (20 steps).
[15:01:53] [Tick 741] Pos=(19, 21), Heading=NORTH, State=AUDITING, Action=WAITING, Priority=0.0, Battery=20.4%, Waits=726
[15:01:53] [Tick 742] Deadlock/livelock detected (726 wait ticks). Seeking alternate route/nook...
[15:01:53] [Tick 742] Alternate route found to goal (20 steps).
[15:01:53] [Tick 742] Pos=(19, 21), Heading=NORTH, State=AUDITING, Action=WAITING, Priority=0.0, Battery=20.3%, Waits=727
[15:01:54] [Tick 743] Deadlock/livelock detected (727 wait ticks). Seeking alternate route/nook...
[15:01:54] [Tick 743] Alternate route found to goal (20 steps).
[15:01:54] [Tick 743] Pos=(19, 21), Heading=NORTH, State=AUDITING, Action=WAITING, Priority=0.0, Battery=20.2%, Waits=728
[15:01:54] [Tick 744] Deadlock/livelock detected (728 wait ticks). Seeking alternate route/nook...
[15:01:54] [Tick 744] Alternate route found to goal (20 steps).
[15:01:54] [Tick 744] Pos=(19, 21), Heading=NORTH, State=AUDITING, Action=WAITING, Priority=0.0, Battery=20.1%, Waits=729
[15:01:55] [Tick 745] Deadlock/livelock detected (729 wait ticks). Seeking alternate route/nook...
[15:01:55] [Tick 745] Alternate route found to goal (20 steps).
[15:01:55] [Tick 745] Pos=(19, 21), Heading=NORTH, State=AUDITING, Action=WAITING, Priority=0.0, Battery=20.0%, Waits=730
[15:01:55] [Tick 746] Deadlock/livelock detected (730 wait ticks). Seeking alternate route/nook...
[15:01:55] [Tick 746] Alternate route found to goal (20 steps).
[15:01:55] [Tick 746] Pos=(19, 21), Heading=NORTH, State=AUDITING, Action=WAITING, Priority=0.0, Battery=19.9%, Waits=731
[15:01:56] [Tick 747] Low battery (19.9%) routing to charger (14, 28).
[15:01:56] [Tick 747] Deadlock/livelock detected (731 wait ticks). Seeking alternate route/nook...
[15:01:56] [Tick 747] Alternate route found to goal (14 steps).
[15:01:56] [Tick 747] Pos=(19, 22), Heading=SOUTH, State=EN_ROUTE_PICKUP, Action=MOVED, Priority=0.0, Battery=18.9%, Waits=0
[15:01:56] [Tick 748] Low battery (18.9%) routing to charger (14, 28).
[15:01:56] [Tick 748] Pos=(19, 23), Heading=SOUTH, State=EN_ROUTE_PICKUP, Action=MOVED, Priority=0.0, Battery=17.9%, Waits=0
[15:01:57] [Tick 749] Low battery (17.9%) routing to charger (14, 28).
[15:01:57] [Tick 749] Pos=(18, 23), Heading=WEST, State=EN_ROUTE_PICKUP, Action=MOVED, Priority=0.0, Battery=16.9%, Waits=0
[15:01:57] [Tick 750] Low battery (16.9%) routing to charger (14, 28).
[15:01:57] [Tick 750] Pos=(18, 24), Heading=SOUTH, State=EN_ROUTE_PICKUP, Action=MOVED, Priority=0.0, Battery=15.9%, Waits=0
[15:01:58] [Tick 751] Low battery (15.9%) routing to charger (14, 28).
[15:01:58] [Tick 751] Pos=(17, 24), Heading=WEST, State=EN_ROUTE_PICKUP, Action=MOVED, Priority=0.0, Battery=14.9%, Waits=0
[15:01:58] [Tick 752] Low battery (14.9%) routing to charger (14, 28).
[15:01:58] [Tick 752] Pos=(17, 25), Heading=SOUTH, State=EN_ROUTE_PICKUP, Action=MOVED, Priority=0.0, Battery=13.9%, Waits=0
[15:01:59] [Tick 753] Low battery (13.9%) routing to charger (14, 28).
[15:01:59] [Tick 753] Pos=(16, 25), Heading=WEST, State=EN_ROUTE_PICKUP, Action=MOVED, Priority=0.0, Battery=12.9%, Waits=0
[15:01:59] [Tick 754] Low battery (12.9%) routing to charger (14, 28).
[15:01:59] [Tick 754] Pos=(16, 26), Heading=SOUTH, State=EN_ROUTE_PICKUP, Action=MOVED, Priority=0.0, Battery=11.9%, Waits=0
[15:02:00] [Tick 755] Low battery (11.9%) routing to charger (14, 28).
[15:02:00] [Tick 755] Pos=(15, 26), Heading=WEST, State=EN_ROUTE_PICKUP, Action=MOVED, Priority=0.0, Battery=10.9%, Waits=0
[15:02:00] [Tick 756] Low battery (10.9%) routing to charger (14, 28).
[15:02:01] [Tick 756] HOLDING POSITION: Peer nearby did not confirm tick 756 in time.
[15:02:01] [Tick 756] Pos=(15, 26), Heading=WEST, State=EN_ROUTE_PICKUP, Action=WAITING, Priority=0.0, Battery=10.8%, Waits=1
[15:02:01] [Tick 757] Low battery (10.8%) routing to charger (14, 28).
[15:02:02] [Tick 757] HOLDING POSITION: Peer nearby did not confirm tick 757 in time.
[15:02:02] [Tick 757] Pos=(15, 26), Heading=WEST, State=EN_ROUTE_PICKUP, Action=WAITING, Priority=0.0, Battery=10.7%, Waits=2
[15:02:02] [Tick 758] Low battery (10.7%) routing to charger (14, 28).
[15:02:02] [Tick 758] HOLDING POSITION: Peer nearby did not confirm tick 758 in time.
[15:02:02] [Tick 758] Pos=(15, 26), Heading=WEST, State=EN_ROUTE_PICKUP, Action=WAITING, Priority=0.0, Battery=10.6%, Waits=3
[15:02:02] [Tick 759] Low battery (10.6%) routing to charger (14, 28).
[15:02:02] [Tick 759] Deadlock/livelock detected (3 wait ticks). Seeking alternate route/nook...
[15:02:02] [Tick 759] Alternate route found to goal (31 steps).
[15:02:03] [Tick 759] Pos=(15, 26), Heading=WEST, State=EN_ROUTE_PICKUP, Action=WAITING, Priority=0.0, Battery=10.5%, Waits=4
[15:02:03] [Tick 760] Low battery (10.5%) routing to charger (14, 28).
[15:02:03] [Tick 760] Deadlock/livelock detected (4 wait ticks). Seeking alternate route/nook...
[15:02:03] [Tick 760] Alternate route found to goal (31 steps).
[15:02:04] [Tick 760] Pos=(15, 26), Heading=WEST, State=EN_ROUTE_PICKUP, Action=WAITING, Priority=0.0, Battery=10.4%, Waits=5
[15:02:04] [Tick 761] Low battery (10.4%) routing to charger (14, 28).
[15:02:04] [Tick 761] Deadlock/livelock detected (5 wait ticks). Seeking alternate route/nook...
[15:02:04] [Tick 761] Alternate route found to goal (31 steps).
[15:02:04] [Tick 761] Pos=(15, 26), Heading=WEST, State=EN_ROUTE_PICKUP, Action=WAITING, Priority=0.0, Battery=10.3%, Waits=6
[15:02:04] [Tick 762] Low battery (10.3%) routing to charger (14, 28).
[15:02:04] [Tick 762] Deadlock/livelock detected (6 wait ticks). Seeking alternate route/nook...
[15:02:05] [Tick 762] Alternate route found to goal (31 steps).
[15:02:05] [Tick 762] Pos=(15, 26), Heading=WEST, State=EN_ROUTE_PICKUP, Action=WAITING, Priority=0.0, Battery=10.2%, Waits=7
[15:02:05] [Tick 763] Low battery (10.2%) routing to charger (14, 28).
[15:02:05] [Tick 763] Deadlock/livelock detected (7 wait ticks). Seeking alternate route/nook...
[15:02:05] [Tick 763] Alternate route found to goal (31 steps).
[15:02:06] [Tick 763] Pos=(15, 26), Heading=WEST, State=EN_ROUTE_PICKUP, Action=WAITING, Priority=0.0, Battery=10.1%, Waits=8
[15:02:06] [Tick 764] Low battery (10.1%) routing to charger (14, 28).
[15:02:06] [Tick 764] Deadlock/livelock detected (8 wait ticks). Seeking alternate route/nook...
[15:02:06] [Tick 764] Alternate route found to goal (31 steps).
[15:02:07] [Tick 764] Pos=(15, 26), Heading=WEST, State=EN_ROUTE_PICKUP, Action=WAITING, Priority=0.0, Battery=10.0%, Waits=9
[15:02:07] [Tick 765] Low battery (10.0%) routing to charger (14, 28).
[15:02:07] [Tick 765] Deadlock/livelock detected (9 wait ticks). Seeking alternate route/nook...
[15:02:07] [Tick 765] Alternate route found to goal (31 steps).
[15:02:07] [Tick 765] Pos=(15, 26), Heading=WEST, State=EN_ROUTE_PICKUP, Action=WAITING, Priority=0.0, Battery=9.9%, Waits=10
[15:02:08] [Tick 766] Low battery (9.9%) routing to charger (14, 28).
[15:02:08] [Tick 766] Deadlock/livelock detected (10 wait ticks). Seeking alternate route/nook...
[15:02:08] [Tick 766] Alternate route found to goal (31 steps).
[15:02:08] [Tick 766] Pos=(15, 26), Heading=WEST, State=EN_ROUTE_PICKUP, Action=WAITING, Priority=0.0, Battery=9.8%, Waits=11
[15:02:08] [Tick 767] Low battery (9.8%) routing to charger (14, 28).
[15:02:08] [Tick 767] Deadlock/livelock detected (11 wait ticks). Seeking alternate route/nook...
[15:02:08] [Tick 767] Alternate route found to goal (31 steps).
[15:02:08] [Tick 767] Pos=(15, 26), Heading=WEST, State=EN_ROUTE_PICKUP, Action=WAITING, Priority=0.0, Battery=9.7%, Waits=12
[15:02:09] [Tick 768] Low battery (9.7%) routing to charger (14, 28).
[15:02:09] [Tick 768] Deadlock/livelock detected (12 wait ticks). Seeking alternate route/nook...
[15:02:09] [Tick 768] Alternate route found to goal (31 steps).
[15:02:09] [Tick 768] Pos=(15, 26), Heading=WEST, State=EN_ROUTE_PICKUP, Action=WAITING, Priority=0.0, Battery=9.6%, Waits=13
[15:02:09] [Tick 769] Low battery (9.6%) routing to charger (14, 28).
[15:02:09] [Tick 769] Deadlock/livelock detected (13 wait ticks). Seeking alternate route/nook...
[15:02:09] [Tick 769] Alternate route found to goal (31 steps).
[15:02:09] [Tick 769] Pos=(15, 26), Heading=WEST, State=EN_ROUTE_PICKUP, Action=WAITING, Priority=0.0, Battery=9.5%, Waits=14
[15:02:10] [Tick 770] Low battery (9.5%) routing to charger (14, 28).
[15:02:10] [Tick 770] Deadlock/livelock detected (14 wait ticks). Seeking alternate route/nook...
[15:02:10] [Tick 770] Alternate route found to goal (31 steps).
[15:02:10] [Tick 770] Pos=(15, 26), Heading=WEST, State=EN_ROUTE_PICKUP, Action=WAITING, Priority=0.0, Battery=9.4%, Waits=15
[15:02:10] [Tick 771] Low battery (9.4%) routing to charger (14, 28).
[15:02:10] [Tick 771] Deadlock/livelock detected (15 wait ticks). Seeking alternate route/nook...
[15:02:10] [Tick 771] Alternate route found to goal (31 steps).
[15:02:10] [Tick 771] Pos=(15, 26), Heading=WEST, State=EN_ROUTE_PICKUP, Action=WAITING, Priority=0.0, Battery=9.3%, Waits=16
[15:02:11] [Tick 772] Low battery (9.3%) routing to charger (14, 28).
[15:02:11] [Tick 772] Deadlock/livelock detected (16 wait ticks). Seeking alternate route/nook...
[15:02:11] [Tick 772] Alternate route found to goal (31 steps).
[15:02:11] [Tick 772] Pos=(15, 26), Heading=WEST, State=EN_ROUTE_PICKUP, Action=WAITING, Priority=0.0, Battery=9.2%, Waits=17
[15:02:11] [Tick 773] Low battery (9.2%) routing to charger (14, 28).
[15:02:11] [Tick 773] Deadlock/livelock detected (17 wait ticks). Seeking alternate route/nook...
[15:02:11] [Tick 773] Alternate route found to goal (31 steps).
[15:02:11] [Tick 773] Pos=(15, 26), Heading=WEST, State=EN_ROUTE_PICKUP, Action=WAITING, Priority=0.0, Battery=9.1%, Waits=18
[15:02:12] [Tick 774] Low battery (9.1%) routing to charger (14, 28).
[15:02:12] [Tick 774] Deadlock/livelock detected (18 wait ticks). Seeking alternate route/nook...
[15:02:12] [Tick 774] Alternate route found to goal (31 steps).
[15:02:12] [Tick 774] Pos=(15, 26), Heading=WEST, State=EN_ROUTE_PICKUP, Action=WAITING, Priority=0.0, Battery=9.0%, Waits=19
[15:02:12] [Tick 775] Low battery (9.0%) routing to charger (14, 28).
[15:02:12] [Tick 775] Deadlock/livelock detected (19 wait ticks). Seeking alternate route/nook...
[15:02:12] [Tick 775] Alternate route found to goal (31 steps).
[15:02:12] [Tick 775] Pos=(15, 26), Heading=WEST, State=EN_ROUTE_PICKUP, Action=WAITING, Priority=0.0, Battery=8.9%, Waits=20
[15:02:13] [Tick 776] Low battery (8.9%) routing to charger (14, 28).
[15:02:13] [Tick 776] Deadlock/livelock detected (20 wait ticks). Seeking alternate route/nook...
[15:02:13] [Tick 776] Alternate route found to goal (31 steps).
[15:02:13] [Tick 776] Pos=(15, 26), Heading=WEST, State=EN_ROUTE_PICKUP, Action=WAITING, Priority=0.0, Battery=8.8%, Waits=21
[15:02:13] [Tick 777] Low battery (8.8%) routing to charger (14, 28).
[15:02:13] [Tick 777] Deadlock/livelock detected (21 wait ticks). Seeking alternate route/nook...
[15:02:13] [Tick 777] Alternate route found to goal (31 steps).
[15:02:13] [Tick 777] Pos=(15, 26), Heading=WEST, State=EN_ROUTE_PICKUP, Action=WAITING, Priority=0.0, Battery=8.7%, Waits=22
[15:02:14] [Tick 778] Low battery (8.7%) routing to charger (14, 28).
[15:02:14] [Tick 778] Deadlock/livelock detected (22 wait ticks). Seeking alternate route/nook...
[15:02:14] [Tick 778] Alternate route found to goal (31 steps).
[15:02:14] [Tick 778] Pos=(15, 26), Heading=WEST, State=EN_ROUTE_PICKUP, Action=WAITING, Priority=0.0, Battery=8.6%, Waits=23
[15:02:14] [Tick 779] Low battery (8.6%) routing to charger (14, 28).
[15:02:14] [Tick 779] Deadlock/livelock detected (23 wait ticks). Seeking alternate route/nook...
[15:02:14] [Tick 779] Alternate route found to goal (31 steps).
[15:02:14] [Tick 779] Pos=(15, 26), Heading=WEST, State=EN_ROUTE_PICKUP, Action=WAITING, Priority=0.0, Battery=8.5%, Waits=24
[15:02:15] [Tick 780] Low battery (8.5%) routing to charger (14, 28).
[15:02:15] [Tick 780] Deadlock/livelock detected (24 wait ticks). Seeking alternate route/nook...
[15:02:15] [Tick 780] Alternate route found to goal (31 steps).
[15:02:15] [Tick 780] Pos=(15, 26), Heading=WEST, State=EN_ROUTE_PICKUP, Action=WAITING, Priority=0.0, Battery=8.4%, Waits=25
[15:02:15] [Tick 781] Low battery (8.4%) routing to charger (14, 28).
[15:02:15] [Tick 781] Deadlock/livelock detected (25 wait ticks). Seeking alternate route/nook...
[15:02:15] [Tick 781] Alternate route found to goal (31 steps).
[15:02:15] [Tick 781] Pos=(15, 26), Heading=WEST, State=EN_ROUTE_PICKUP, Action=WAITING, Priority=0.0, Battery=8.3%, Waits=26
[15:02:16] [Tick 782] Low battery (8.3%) routing to charger (14, 28).
[15:02:16] [Tick 782] Deadlock/livelock detected (26 wait ticks). Seeking alternate route/nook...
[15:02:16] [Tick 782] Alternate route found to goal (31 steps).
[15:02:16] [Tick 782] Pos=(15, 26), Heading=WEST, State=EN_ROUTE_PICKUP, Action=WAITING, Priority=0.0, Battery=8.2%, Waits=27
[15:02:16] [Tick 783] Low battery (8.2%) routing to charger (14, 28).
[15:02:16] [Tick 783] Deadlock/livelock detected (27 wait ticks). Seeking alternate route/nook...
[15:02:16] [Tick 783] Alternate route found to goal (31 steps).
[15:02:16] [Tick 783] Pos=(15, 26), Heading=WEST, State=EN_ROUTE_PICKUP, Action=WAITING, Priority=0.0, Battery=8.1%, Waits=28
[15:02:17] [Tick 784] Low battery (8.1%) routing to charger (14, 28).
[15:02:17] [Tick 784] Deadlock/livelock detected (28 wait ticks). Seeking alternate route/nook...
[15:02:17] [Tick 784] Alternate route found to goal (31 steps).
[15:02:17] [Tick 784] Pos=(15, 26), Heading=WEST, State=EN_ROUTE_PICKUP, Action=WAITING, Priority=0.0, Battery=8.0%, Waits=29
[15:02:17] [Tick 785] Low battery (8.0%) routing to charger (14, 28).
[15:02:17] [Tick 785] Deadlock/livelock detected (29 wait ticks). Seeking alternate route/nook...
[15:02:17] [Tick 785] Alternate route found to goal (31 steps).
[15:02:17] [Tick 785] Pos=(15, 26), Heading=WEST, State=EN_ROUTE_PICKUP, Action=WAITING, Priority=0.0, Battery=7.9%, Waits=30
[15:02:18] [Tick 786] Low battery (7.9%) routing to charger (14, 28).
[15:02:18] [Tick 786] Deadlock/livelock detected (30 wait ticks). Seeking alternate route/nook...
[15:02:18] [Tick 786] Alternate route found to goal (31 steps).
[15:02:18] [Tick 786] Pos=(15, 26), Heading=WEST, State=EN_ROUTE_PICKUP, Action=WAITING, Priority=0.0, Battery=7.8%, Waits=31
[15:02:18] [Tick 787] Low battery (7.8%) routing to charger (14, 28).
[15:02:18] [Tick 787] Deadlock/livelock detected (31 wait ticks). Seeking alternate route/nook...
[15:02:18] [Tick 787] Alternate route found to goal (31 steps).
[15:02:18] [Tick 787] Pos=(15, 26), Heading=WEST, State=EN_ROUTE_PICKUP, Action=WAITING, Priority=0.0, Battery=7.7%, Waits=32
[15:02:19] [Tick 788] Low battery (7.7%) routing to charger (14, 28).
[15:02:19] [Tick 788] Deadlock/livelock detected (32 wait ticks). Seeking alternate route/nook...
[15:02:19] [Tick 788] Alternate route found to goal (31 steps).
[15:02:19] [Tick 788] Pos=(15, 26), Heading=WEST, State=EN_ROUTE_PICKUP, Action=WAITING, Priority=0.0, Battery=7.6%, Waits=33
[15:02:19] [Tick 789] Low battery (7.6%) routing to charger (14, 28).
[15:02:19] [Tick 789] Deadlock/livelock detected (33 wait ticks). Seeking alternate route/nook...
[15:02:19] [Tick 789] Alternate route found to goal (31 steps).
[15:02:19] [Tick 789] Pos=(15, 26), Heading=WEST, State=EN_ROUTE_PICKUP, Action=WAITING, Priority=0.0, Battery=7.5%, Waits=34
[15:02:20] [Tick 790] Low battery (7.5%) routing to charger (14, 28).
[15:02:20] [Tick 790] Deadlock/livelock detected (34 wait ticks). Seeking alternate route/nook...
[15:02:20] [Tick 790] Alternate route found to goal (31 steps).
[15:02:20] [Tick 790] Pos=(15, 26), Heading=WEST, State=EN_ROUTE_PICKUP, Action=WAITING, Priority=0.0, Battery=7.4%, Waits=35
[15:02:20] [Tick 791] Low battery (7.4%) routing to charger (14, 28).
[15:02:20] [Tick 791] Deadlock/livelock detected (35 wait ticks). Seeking alternate route/nook...
[15:02:20] [Tick 791] Alternate route found to goal (31 steps).
[15:02:20] [Tick 791] Pos=(15, 26), Heading=WEST, State=EN_ROUTE_PICKUP, Action=WAITING, Priority=0.0, Battery=7.3%, Waits=36
[15:02:21] [Tick 792] Low battery (7.3%) routing to charger (14, 28).
[15:02:21] [Tick 792] Deadlock/livelock detected (36 wait ticks). Seeking alternate route/nook...
[15:02:21] [Tick 792] Alternate route found to goal (9 steps).
[15:02:21] [Tick 792] Pos=(15, 26), Heading=WEST, State=EN_ROUTE_PICKUP, Action=WAITING, Priority=0.0, Battery=7.2%, Waits=37
[15:02:21] [Tick 793] Low battery (7.2%) routing to charger (14, 28).
[15:02:21] [Tick 793] Deadlock/livelock detected (37 wait ticks). Seeking alternate route/nook...
[15:02:21] [Tick 793] Alternate route found to goal (9 steps).
[15:02:21] [Tick 793] Pos=(15, 26), Heading=WEST, State=EN_ROUTE_PICKUP, Action=WAITING, Priority=0.0, Battery=7.1%, Waits=38
[15:02:22] [Tick 794] Low battery (7.1%) routing to charger (14, 28).
[15:02:22] [Tick 794] Deadlock/livelock detected (38 wait ticks). Seeking alternate route/nook...
[15:02:22] [Tick 794] Alternate route found to goal (31 steps).
[15:02:22] [Tick 794] Pos=(15, 27), Heading=SOUTH, State=EN_ROUTE_PICKUP, Action=MOVED, Priority=0.0, Battery=6.1%, Waits=0
[15:02:22] [Tick 795] Low battery (6.1%) routing to charger (14, 28).
[15:02:23] [Tick 795] Pos=(15, 27), Heading=SOUTH, State=EN_ROUTE_PICKUP, Action=WAITING, Priority=0.0, Battery=6.0%, Waits=1
[15:02:23] [Tick 796] Low battery (6.0%) routing to charger (14, 28).
[15:02:24] [Tick 796] Pos=(15, 27), Heading=SOUTH, State=EN_ROUTE_PICKUP, Action=WAITING, Priority=0.0, Battery=5.9%, Waits=2
[15:02:24] [Tick 797] Low battery (5.9%) routing to charger (14, 28).
[15:02:24] [Tick 797] Pos=(15, 27), Heading=SOUTH, State=EN_ROUTE_PICKUP, Action=WAITING, Priority=0.0, Battery=5.8%, Waits=3
[15:02:24] [Tick 798] Low battery (5.8%) routing to charger (14, 28).
[15:02:24] [Tick 798] Deadlock/livelock detected (3 wait ticks). Seeking alternate route/nook...
[15:02:24] [Tick 798] Alternate route found to goal (31 steps).
[15:02:25] [Tick 798] Pos=(15, 27), Heading=SOUTH, State=EN_ROUTE_PICKUP, Action=WAITING, Priority=0.0, Battery=5.7%, Waits=4
[15:02:25] [Tick 799] Low battery (5.7%) routing to charger (14, 28).
[15:02:25] [Tick 799] Deadlock/livelock detected (4 wait ticks). Seeking alternate route/nook...
[15:02:25] [Tick 799] Alternate route found to goal (31 steps).
[15:02:26] [Tick 799] Pos=(15, 27), Heading=SOUTH, State=EN_ROUTE_PICKUP, Action=WAITING, Priority=0.0, Battery=5.6%, Waits=5
[15:02:26] [Tick 800] Low battery (5.6%) routing to charger (14, 28).
[15:02:26] [Tick 800] Deadlock/livelock detected (5 wait ticks). Seeking alternate route/nook...
[15:02:26] [Tick 800] Alternate route found to goal (31 steps).
[15:02:26] [Tick 800] Pos=(15, 27), Heading=SOUTH, State=EN_ROUTE_PICKUP, Action=WAITING, Priority=0.0, Battery=5.5%, Waits=6
[15:02:27] [Tick 801] Low battery (5.5%) routing to charger (14, 28).
[15:02:27] [Tick 801] Deadlock/livelock detected (6 wait ticks). Seeking alternate route/nook...
[15:02:27] [Tick 801] Alternate route found to goal (31 steps).
[15:02:27] [Tick 801] Pos=(15, 27), Heading=SOUTH, State=EN_ROUTE_PICKUP, Action=WAITING, Priority=0.0, Battery=5.4%, Waits=7
[15:02:27] [Tick 802] Low battery (5.4%) routing to charger (14, 28).
[15:02:27] [Tick 802] Deadlock/livelock detected (7 wait ticks). Seeking alternate route/nook...
[15:02:27] [Tick 802] Alternate route found to goal (31 steps).
[15:02:28] [Tick 802] Pos=(15, 27), Heading=SOUTH, State=EN_ROUTE_PICKUP, Action=WAITING, Priority=0.0, Battery=5.3%, Waits=8
[15:02:28] [Tick 803] Low battery (5.3%) routing to charger (14, 28).
[15:02:28] [Tick 803] Deadlock/livelock detected (8 wait ticks). Seeking alternate route/nook...
[15:02:28] [Tick 803] Alternate route found to goal (31 steps).
[15:02:29] [Tick 803] Pos=(15, 27), Heading=SOUTH, State=EN_ROUTE_PICKUP, Action=WAITING, Priority=0.0, Battery=5.2%, Waits=9
[15:02:29] [Tick 804] Low battery (5.2%) routing to charger (14, 28).
[15:02:29] [Tick 804] Deadlock/livelock detected (9 wait ticks). Seeking alternate route/nook...
[15:02:29] [Tick 804] Alternate route found to goal (31 steps).
[15:02:29] [Tick 804] Pos=(15, 27), Heading=SOUTH, State=EN_ROUTE_PICKUP, Action=WAITING, Priority=0.0, Battery=5.1%, Waits=10
[15:02:30] [Tick 805] Low battery (5.1%) routing to charger (14, 28).
[15:02:30] [Tick 805] Deadlock/livelock detected (10 wait ticks). Seeking alternate route/nook...
[15:02:30] [Tick 805] Alternate route found to goal (31 steps).
[15:02:30] [Tick 805] Pos=(15, 27), Heading=SOUTH, State=EN_ROUTE_PICKUP, Action=WAITING, Priority=0.0, Battery=5.0%, Waits=11
[15:02:30] [Tick 806] Low battery (5.0%) routing to charger (14, 28).
[15:02:30] [Tick 806] Deadlock/livelock detected (11 wait ticks). Seeking alternate route/nook...
[15:02:30] [Tick 806] Alternate route found to goal (31 steps).
[15:02:31] [Tick 806] Pos=(15, 27), Heading=SOUTH, State=EN_ROUTE_PICKUP, Action=WAITING, Priority=0.0, Battery=4.9%, Waits=12
[15:02:31] [Tick 807] Low battery (4.9%) routing to charger (14, 28).
[15:02:31] [Tick 807] Deadlock/livelock detected (12 wait ticks). Seeking alternate route/nook...
[15:02:31] [Tick 807] Alternate route found to goal (31 steps).
[15:02:31] [Tick 807] Pos=(15, 27), Heading=SOUTH, State=EN_ROUTE_PICKUP, Action=WAITING, Priority=0.0, Battery=4.8%, Waits=13
[15:02:32] [Tick 808] Low battery (4.8%) routing to charger (14, 28).
[15:02:32] [Tick 808] Deadlock/livelock detected (13 wait ticks). Seeking alternate route/nook...
[15:02:32] [Tick 808] Alternate route found to goal (31 steps).
[15:02:32] [Tick 808] Pos=(14, 27), Heading=WEST, State=EN_ROUTE_PICKUP, Action=MOVED, Priority=0.0, Battery=3.8%, Waits=0
[15:02:32] [Tick 809] Low battery (3.8%) routing to charger (14, 28).
[15:02:32] [Tick 809] CONFLICT DETECTED with AMR-09 (CELL_OVERLAP) at cell (14, 28)! My Priority=0.0, Peer Priority=0.0
[15:02:32] [Tick 809] ARBITRATION RESULT: LOST to AMR-09. Action=YIELD. Yielded right-of-way.
[15:02:32] [Tick 809] Replanned alternate detour path (2 steps).
[15:02:32] [Tick 809] Pos=(14, 27), Heading=WEST, State=CONFLICT_NEGOTIATING, Action=YIELDED / BRAKED, Priority=0.0, Battery=3.8%, Waits=1
[15:02:33] [Tick 810] Low battery (3.8%) routing to charger (14, 28).
[15:02:33] [Tick 810] CONFLICT DETECTED with AMR-09 (CELL_OVERLAP) at cell (14, 28)! My Priority=0.0, Peer Priority=0.0
[15:02:33] [Tick 810] ARBITRATION RESULT: LOST to AMR-09. Action=YIELD. Yielded right-of-way.
[15:02:33] [Tick 810] Replanned alternate detour path (2 steps).
[15:02:33] [Tick 810] Pos=(14, 27), Heading=WEST, State=CONFLICT_NEGOTIATING, Action=YIELDED / BRAKED, Priority=0.0, Battery=3.8%, Waits=2
[15:02:33] [Tick 811] Low battery (3.8%) routing to charger (14, 28).
[15:02:33] [Tick 811] Deadlock/livelock detected (4 wait ticks). Seeking alternate route/nook...
[15:02:33] [Tick 811] Alternate route found to goal (31 steps).
[15:02:33] [Tick 811] Pos=(14, 27), Heading=WEST, State=EN_ROUTE_PICKUP, Action=WAITING, Priority=0.0, Battery=3.7%, Waits=3
[15:02:34] [Tick 812] Low battery (3.7%) routing to charger (14, 28).
[15:02:34] [Tick 812] Deadlock/livelock detected (5 wait ticks). Seeking alternate route/nook...
[15:02:34] [Tick 812] Alternate route found to goal (31 steps).
[15:02:34] [Tick 812] Pos=(14, 27), Heading=WEST, State=EN_ROUTE_PICKUP, Action=WAITING, Priority=0.0, Battery=3.6%, Waits=4
[15:02:34] [Tick 813] Low battery (3.6%) routing to charger (14, 28).
[15:02:34] [Tick 813] Deadlock/livelock detected (6 wait ticks). Seeking alternate route/nook...
[15:02:34] [Tick 813] Alternate route found to goal (31 steps).
[15:02:34] [Tick 813] Pos=(14, 27), Heading=WEST, State=EN_ROUTE_PICKUP, Action=WAITING, Priority=0.0, Battery=3.5%, Waits=5
[15:02:35] [Tick 814] Low battery (3.5%) routing to charger (14, 28).
[15:02:35] [Tick 814] Deadlock/livelock detected (7 wait ticks). Seeking alternate route/nook...
[15:02:35] [Tick 814] Alternate route found to goal (31 steps).
[15:02:35] [Tick 814] Pos=(14, 27), Heading=WEST, State=EN_ROUTE_PICKUP, Action=WAITING, Priority=0.0, Battery=3.4%, Waits=6
[15:02:35] [Tick 815] Low battery (3.4%) routing to charger (14, 28).
[15:02:35] [Tick 815] Deadlock/livelock detected (8 wait ticks). Seeking alternate route/nook...
[15:02:35] [Tick 815] Alternate route found to goal (31 steps).
[15:02:35] [Tick 815] Pos=(14, 27), Heading=WEST, State=EN_ROUTE_PICKUP, Action=WAITING, Priority=0.0, Battery=3.3%, Waits=7
[15:02:36] [Tick 816] Low battery (3.3%) routing to charger (14, 28).
[15:02:36] [Tick 816] Deadlock/livelock detected (9 wait ticks). Seeking alternate route/nook...
[15:02:36] [Tick 816] Alternate route found to goal (31 steps).
[15:02:36] [Tick 816] Pos=(14, 27), Heading=WEST, State=EN_ROUTE_PICKUP, Action=WAITING, Priority=0.0, Battery=3.2%, Waits=8
[15:02:36] [Tick 817] Low battery (3.2%) routing to charger (14, 28).
[15:02:36] [Tick 817] Deadlock/livelock detected (10 wait ticks). Seeking alternate route/nook...
[15:02:36] [Tick 817] Alternate route found to goal (31 steps).
[15:02:36] [Tick 817] Pos=(14, 27), Heading=WEST, State=EN_ROUTE_PICKUP, Action=WAITING, Priority=0.0, Battery=3.1%, Waits=9
[15:02:37] [Tick 818] Low battery (3.1%) routing to charger (14, 28).
[15:02:37] [Tick 818] Deadlock/livelock detected (11 wait ticks). Seeking alternate route/nook...
[15:02:37] [Tick 818] Alternate route found to goal (31 steps).
[15:02:37] [Tick 818] Pos=(14, 27), Heading=WEST, State=EN_ROUTE_PICKUP, Action=WAITING, Priority=0.0, Battery=3.0%, Waits=10
[15:02:37] [Tick 819] Low battery (3.0%) routing to charger (14, 28).
[15:02:37] [Tick 819] Deadlock/livelock detected (12 wait ticks). Seeking alternate route/nook...
[15:02:37] [Tick 819] Alternate route found to goal (31 steps).
[15:02:37] [Tick 819] Pos=(14, 27), Heading=WEST, State=EN_ROUTE_PICKUP, Action=WAITING, Priority=0.0, Battery=2.9%, Waits=11
[15:02:38] [Tick 820] Low battery (2.9%) routing to charger (14, 28).
[15:02:38] [Tick 820] Deadlock/livelock detected (13 wait ticks). Seeking alternate route/nook...
[15:02:38] [Tick 820] Alternate route found to goal (31 steps).
[15:02:38] [Tick 820] Pos=(14, 27), Heading=WEST, State=EN_ROUTE_PICKUP, Action=WAITING, Priority=0.0, Battery=2.8%, Waits=12
[15:02:38] [Tick 821] Low battery (2.8%) routing to charger (14, 28).
[15:02:38] [Tick 821] Deadlock/livelock detected (14 wait ticks). Seeking alternate route/nook...
[15:02:38] [Tick 821] Alternate route found to goal (31 steps).
[15:02:38] [Tick 821] Pos=(14, 27), Heading=WEST, State=EN_ROUTE_PICKUP, Action=WAITING, Priority=0.0, Battery=2.7%, Waits=13
[15:02:39] [Tick 822] Low battery (2.7%) routing to charger (14, 28).
[15:02:39] [Tick 822] Deadlock/livelock detected (15 wait ticks). Seeking alternate route/nook...
[15:02:39] [Tick 822] Alternate route found to goal (31 steps).
[15:02:39] [Tick 822] Pos=(14, 27), Heading=WEST, State=EN_ROUTE_PICKUP, Action=WAITING, Priority=0.0, Battery=2.6%, Waits=14
[15:02:39] [Tick 823] Low battery (2.6%) routing to charger (14, 28).
[15:02:39] [Tick 823] Deadlock/livelock detected (16 wait ticks). Seeking alternate route/nook...
[15:02:39] [Tick 823] Alternate route found to goal (31 steps).
[15:02:39] [Tick 823] Pos=(14, 27), Heading=WEST, State=EN_ROUTE_PICKUP, Action=WAITING, Priority=0.0, Battery=2.5%, Waits=15
[15:02:40] [Tick 824] Low battery (2.5%) routing to charger (14, 28).
[15:02:40] [Tick 824] Deadlock/livelock detected (17 wait ticks). Seeking alternate route/nook...
[15:02:40] [Tick 824] Alternate route found to goal (31 steps).
[15:02:40] [Tick 824] Pos=(14, 27), Heading=WEST, State=EN_ROUTE_PICKUP, Action=WAITING, Priority=0.0, Battery=2.4%, Waits=16
[15:02:40] [Tick 825] Low battery (2.4%) routing to charger (14, 28).
[15:02:40] [Tick 825] Deadlock/livelock detected (18 wait ticks). Seeking alternate route/nook...
[15:02:40] [Tick 825] Alternate route found to goal (31 steps).
[15:02:40] [Tick 825] Pos=(14, 27), Heading=WEST, State=EN_ROUTE_PICKUP, Action=WAITING, Priority=0.0, Battery=2.3%, Waits=17
[15:02:41] [Tick 826] Low battery (2.3%) routing to charger (14, 28).
[15:02:41] [Tick 826] Deadlock/livelock detected (19 wait ticks). Seeking alternate route/nook...
[15:02:41] [Tick 826] Alternate route found to goal (31 steps).
[15:02:41] [Tick 826] Pos=(14, 27), Heading=WEST, State=EN_ROUTE_PICKUP, Action=WAITING, Priority=0.0, Battery=2.2%, Waits=18
[15:02:41] [Tick 827] Low battery (2.2%) routing to charger (14, 28).
[15:02:41] [Tick 827] Deadlock/livelock detected (20 wait ticks). Seeking alternate route/nook...
[15:02:41] [Tick 827] Alternate route found to goal (31 steps).
[15:02:41] [Tick 827] Pos=(14, 27), Heading=WEST, State=EN_ROUTE_PICKUP, Action=WAITING, Priority=0.0, Battery=2.1%, Waits=19
[15:02:42] [Tick 828] Low battery (2.1%) routing to charger (14, 28).
[15:02:42] [Tick 828] Deadlock/livelock detected (21 wait ticks). Seeking alternate route/nook...
[15:02:42] [Tick 828] Alternate route found to goal (31 steps).
[15:02:42] [Tick 828] Pos=(14, 27), Heading=WEST, State=EN_ROUTE_PICKUP, Action=WAITING, Priority=0.0, Battery=2.0%, Waits=20
[15:02:42] [Tick 829] Low battery (2.0%) routing to charger (14, 28).
[15:02:42] [Tick 829] Deadlock/livelock detected (22 wait ticks). Seeking alternate route/nook...
[15:02:42] [Tick 829] Alternate route found to goal (31 steps).
[15:02:42] [Tick 829] Pos=(14, 27), Heading=WEST, State=EN_ROUTE_PICKUP, Action=WAITING, Priority=0.0, Battery=1.9%, Waits=21
[15:02:43] [Tick 830] Low battery (1.9%) routing to charger (14, 28).
[15:02:43] [Tick 830] Deadlock/livelock detected (23 wait ticks). Seeking alternate route/nook...
[15:02:43] [Tick 830] Alternate route found to goal (31 steps).
[15:02:43] [Tick 830] Pos=(14, 27), Heading=WEST, State=EN_ROUTE_PICKUP, Action=WAITING, Priority=0.0, Battery=1.8%, Waits=22
[15:02:43] [Tick 831] Low battery (1.8%) routing to charger (14, 28).
[15:02:43] [Tick 831] Deadlock/livelock detected (24 wait ticks). Seeking alternate route/nook...
[15:02:43] [Tick 831] Alternate route found to goal (31 steps).
[15:02:43] [Tick 831] Pos=(14, 27), Heading=WEST, State=EN_ROUTE_PICKUP, Action=WAITING, Priority=0.0, Battery=1.7%, Waits=23
[15:02:44] [Tick 832] Low battery (1.7%) routing to charger (14, 28).
[15:02:44] [Tick 832] Deadlock/livelock detected (25 wait ticks). Seeking alternate route/nook...
[15:02:44] [Tick 832] Alternate route found to goal (31 steps).
[15:02:44] [Tick 832] Pos=(14, 27), Heading=WEST, State=EN_ROUTE_PICKUP, Action=WAITING, Priority=0.0, Battery=1.6%, Waits=24
[15:02:44] [Tick 833] Low battery (1.6%) routing to charger (14, 28).
[15:02:44] [Tick 833] Deadlock/livelock detected (26 wait ticks). Seeking alternate route/nook...
[15:02:44] [Tick 833] Alternate route found to goal (31 steps).
[15:02:44] [Tick 833] Pos=(14, 27), Heading=WEST, State=EN_ROUTE_PICKUP, Action=WAITING, Priority=0.0, Battery=1.5%, Waits=25
[15:02:45] [Tick 834] Low battery (1.5%) routing to charger (14, 28).
[15:02:45] [Tick 834] Deadlock/livelock detected (27 wait ticks). Seeking alternate route/nook...
[15:02:45] [Tick 834] Alternate route found to goal (31 steps).
[15:02:45] [Tick 834] Pos=(14, 27), Heading=WEST, State=EN_ROUTE_PICKUP, Action=WAITING, Priority=0.0, Battery=1.4%, Waits=26
[15:02:45] [Tick 835] Low battery (1.4%) routing to charger (14, 28).
[15:02:45] [Tick 835] Deadlock/livelock detected (28 wait ticks). Seeking alternate route/nook...
[15:02:45] [Tick 835] Alternate route found to goal (31 steps).
[15:02:45] [Tick 835] Pos=(14, 27), Heading=WEST, State=EN_ROUTE_PICKUP, Action=WAITING, Priority=0.0, Battery=1.3%, Waits=27
[15:02:46] [Tick 836] Low battery (1.3%) routing to charger (14, 28).
[15:02:46] [Tick 836] Deadlock/livelock detected (29 wait ticks). Seeking alternate route/nook...
[15:02:46] [Tick 836] Alternate route found to goal (31 steps).
[15:02:46] [Tick 836] Pos=(14, 27), Heading=WEST, State=EN_ROUTE_PICKUP, Action=WAITING, Priority=0.0, Battery=1.2%, Waits=28
[15:02:46] [Tick 837] Low battery (1.2%) routing to charger (14, 28).
[15:02:46] [Tick 837] Deadlock/livelock detected (30 wait ticks). Seeking alternate route/nook...
[15:02:46] [Tick 837] Alternate route found to goal (31 steps).
[15:02:46] [Tick 837] Pos=(14, 27), Heading=WEST, State=EN_ROUTE_PICKUP, Action=WAITING, Priority=0.0, Battery=1.1%, Waits=29
[15:02:47] [Tick 838] Low battery (1.1%) routing to charger (14, 28).
[15:02:47] [Tick 838] Deadlock/livelock detected (31 wait ticks). Seeking alternate route/nook...
[15:02:47] [Tick 838] Alternate route found to goal (31 steps).
[15:02:47] [Tick 838] Pos=(14, 27), Heading=WEST, State=EN_ROUTE_PICKUP, Action=WAITING, Priority=0.0, Battery=1.0%, Waits=30
[15:02:47] [Tick 839] Low battery (1.0%) routing to charger (14, 28).
[15:02:47] [Tick 839] Deadlock/livelock detected (32 wait ticks). Seeking alternate route/nook...
[15:02:47] [Tick 839] Alternate route found to goal (31 steps).
[15:02:47] [Tick 839] Pos=(14, 27), Heading=WEST, State=EN_ROUTE_PICKUP, Action=WAITING, Priority=0.0, Battery=0.9%, Waits=31
[15:02:48] [Tick 840] Low battery (0.9%) routing to charger (14, 28).
[15:02:48] [Tick 840] Deadlock/livelock detected (33 wait ticks). Seeking alternate route/nook...
[15:02:48] [Tick 840] Alternate route found to goal (31 steps).
[15:02:48] [Tick 840] Pos=(14, 27), Heading=WEST, State=EN_ROUTE_PICKUP, Action=WAITING, Priority=0.0, Battery=0.8%, Waits=32
[15:02:48] [Tick 841] Low battery (0.8%) routing to charger (14, 28).
[15:02:48] [Tick 841] Deadlock/livelock detected (34 wait ticks). Seeking alternate route/nook...
[15:02:48] [Tick 841] Alternate route found to goal (31 steps).
[15:02:48] [Tick 841] Pos=(14, 27), Heading=WEST, State=EN_ROUTE_PICKUP, Action=WAITING, Priority=0.0, Battery=0.7%, Waits=33
[15:02:49] [Tick 842] Low battery (0.7%) routing to charger (14, 28).
[15:02:49] [Tick 842] Deadlock/livelock detected (35 wait ticks). Seeking alternate route/nook...
[15:02:49] [Tick 842] Alternate route found to goal (31 steps).
[15:02:49] [Tick 842] Pos=(14, 27), Heading=WEST, State=EN_ROUTE_PICKUP, Action=WAITING, Priority=0.0, Battery=0.6%, Waits=34
[15:02:49] [Tick 843] Low battery (0.6%) routing to charger (14, 28).
[15:02:49] [Tick 843] Deadlock/livelock detected (36 wait ticks). Seeking alternate route/nook...
[15:02:49] [Tick 843] Alternate route found to goal (31 steps).
[15:02:49] [Tick 843] Pos=(14, 27), Heading=WEST, State=EN_ROUTE_PICKUP, Action=WAITING, Priority=0.0, Battery=0.5%, Waits=35
[15:02:50] [Tick 844] Low battery (0.5%) routing to charger (14, 28).
[15:02:50] [Tick 844] Deadlock/livelock detected (37 wait ticks). Seeking alternate route/nook...
[15:02:50] [Tick 844] Alternate route found to goal (31 steps).
[15:02:50] [Tick 844] Pos=(14, 27), Heading=WEST, State=EN_ROUTE_PICKUP, Action=WAITING, Priority=0.0, Battery=0.4%, Waits=36
[15:02:50] [Tick 845] Low battery (0.4%) routing to charger (14, 28).
[15:02:50] [Tick 845] Deadlock/livelock detected (38 wait ticks). Seeking alternate route/nook...
[15:02:50] [Tick 845] Alternate route found to goal (31 steps).
[15:02:50] [Tick 845] Pos=(14, 27), Heading=WEST, State=EN_ROUTE_PICKUP, Action=WAITING, Priority=0.0, Battery=0.3%, Waits=37
[15:02:51] [Tick 846] Low battery (0.3%) routing to charger (14, 28).
[15:02:51] [Tick 846] Deadlock/livelock detected (39 wait ticks). Seeking alternate route/nook...
[15:02:51] [Tick 846] Alternate route found to goal (31 steps).
[15:02:51] [Tick 846] Pos=(14, 27), Heading=WEST, State=EN_ROUTE_PICKUP, Action=WAITING, Priority=0.0, Battery=0.2%, Waits=38
[15:02:51] [Tick 847] Low battery (0.2%) routing to charger (14, 28).
[15:02:51] [Tick 847] Deadlock/livelock detected (40 wait ticks). Seeking alternate route/nook...
[15:02:51] [Tick 847] Alternate route found to goal (31 steps).
[15:02:51] [Tick 847] Pos=(14, 27), Heading=WEST, State=EN_ROUTE_PICKUP, Action=WAITING, Priority=0.0, Battery=0.1%, Waits=39
[15:02:52] [Tick 848] Low battery (0.1%) routing to charger (14, 28).
[15:02:52] [Tick 848] Deadlock/livelock detected (41 wait ticks). Seeking alternate route/nook...
[15:02:52] [Tick 848] Alternate route found to goal (31 steps).
[15:02:52] [Tick 848] Pos=(14, 27), Heading=WEST, State=EN_ROUTE_PICKUP, Action=WAITING, Priority=0.0, Battery=0.0%, Waits=40
[15:02:52] [Tick 849] Low battery (0.0%) routing to charger (14, 28).
[15:02:52] [Tick 849] Deadlock/livelock detected (42 wait ticks). Seeking alternate route/nook...
[15:02:52] [Tick 849] Alternate route found to goal (31 steps).
[15:02:52] [Tick 849] Pos=(14, 27), Heading=WEST, State=EN_ROUTE_PICKUP, Action=WAITING, Priority=0.0, Battery=0.0%, Waits=41
[15:02:53] [Tick 850] Low battery (0.0%) routing to charger (14, 28).
[15:02:53] [Tick 850] Deadlock/livelock detected (43 wait ticks). Seeking alternate route/nook...
[15:02:53] [Tick 850] Alternate route found to goal (31 steps).
[15:02:53] [Tick 850] Pos=(14, 27), Heading=WEST, State=EN_ROUTE_PICKUP, Action=WAITING, Priority=0.0, Battery=0.0%, Waits=42
[15:02:53] [Tick 851] Low battery (0.0%) routing to charger (14, 28).
[15:02:53] [Tick 851] Deadlock/livelock detected (44 wait ticks). Seeking alternate route/nook...
[15:02:53] [Tick 851] Alternate route found to goal (31 steps).
[15:02:53] [Tick 851] Pos=(14, 27), Heading=WEST, State=EN_ROUTE_PICKUP, Action=WAITING, Priority=0.0, Battery=0.0%, Waits=43
[15:02:54] [Tick 852] Low battery (0.0%) routing to charger (14, 28).
[15:02:54] [Tick 852] Deadlock/livelock detected (45 wait ticks). Seeking alternate route/nook...
[15:02:54] [Tick 852] Alternate route found to goal (31 steps).
[15:02:54] [Tick 852] Pos=(14, 27), Heading=WEST, State=EN_ROUTE_PICKUP, Action=WAITING, Priority=0.0, Battery=0.0%, Waits=44
[15:02:54] [Tick 853] Low battery (0.0%) routing to charger (14, 28).
[15:02:54] [Tick 853] Deadlock/livelock detected (46 wait ticks). Seeking alternate route/nook...
[15:02:54] [Tick 853] Alternate route found to goal (31 steps).
[15:02:54] [Tick 853] Pos=(14, 27), Heading=WEST, State=EN_ROUTE_PICKUP, Action=WAITING, Priority=0.0, Battery=0.0%, Waits=45
[15:02:55] [Tick 854] Low battery (0.0%) routing to charger (14, 28).
[15:02:55] [Tick 854] Deadlock/livelock detected (47 wait ticks). Seeking alternate route/nook...
[15:02:55] [Tick 854] Alternate route found to goal (31 steps).
[15:02:55] [Tick 854] Pos=(14, 27), Heading=WEST, State=EN_ROUTE_PICKUP, Action=WAITING, Priority=0.0, Battery=0.0%, Waits=46
[15:02:55] [Tick 855] Low battery (0.0%) routing to charger (14, 28).
[15:02:55] [Tick 855] Deadlock/livelock detected (48 wait ticks). Seeking alternate route/nook...
[15:02:55] [Tick 855] Alternate route found to goal (31 steps).
[15:02:55] [Tick 855] Pos=(14, 27), Heading=WEST, State=EN_ROUTE_PICKUP, Action=WAITING, Priority=0.0, Battery=0.0%, Waits=47
[15:02:56] [Tick 856] Low battery (0.0%) routing to charger (14, 28).
[15:02:56] [Tick 856] Deadlock/livelock detected (49 wait ticks). Seeking alternate route/nook...
[15:02:56] [Tick 856] Alternate route found to goal (31 steps).
[15:02:56] [Tick 856] Pos=(14, 27), Heading=WEST, State=EN_ROUTE_PICKUP, Action=WAITING, Priority=0.0, Battery=0.0%, Waits=48
[15:02:56] [Tick 857] Low battery (0.0%) routing to charger (14, 28).
[15:02:56] [Tick 857] Deadlock/livelock detected (50 wait ticks). Seeking alternate route/nook...
[15:02:56] [Tick 857] Alternate route found to goal (31 steps).
[15:02:56] [Tick 857] Pos=(14, 27), Heading=WEST, State=EN_ROUTE_PICKUP, Action=WAITING, Priority=0.0, Battery=0.0%, Waits=49
[15:02:57] [Tick 858] Low battery (0.0%) routing to charger (14, 28).
[15:02:57] [Tick 858] Deadlock/livelock detected (51 wait ticks). Seeking alternate route/nook...
[15:02:57] [Tick 858] Alternate route found to goal (31 steps).
[15:02:57] [Tick 858] Pos=(14, 27), Heading=WEST, State=EN_ROUTE_PICKUP, Action=WAITING, Priority=0.0, Battery=0.0%, Waits=50
[15:02:57] [Tick 859] Low battery (0.0%) routing to charger (14, 28).
[15:02:57] [Tick 859] Deadlock/livelock detected (52 wait ticks). Seeking alternate route/nook...
[15:02:57] [Tick 859] Alternate route found to goal (31 steps).
[15:02:57] [Tick 859] Pos=(14, 27), Heading=WEST, State=EN_ROUTE_PICKUP, Action=WAITING, Priority=0.0, Battery=0.0%, Waits=51
[15:02:58] [Tick 860] Low battery (0.0%) routing to charger (14, 28).
[15:02:58] [Tick 860] Deadlock/livelock detected (53 wait ticks). Seeking alternate route/nook...
[15:02:58] [Tick 860] Alternate route found to goal (31 steps).
[15:02:58] [Tick 860] Pos=(14, 27), Heading=WEST, State=EN_ROUTE_PICKUP, Action=WAITING, Priority=0.0, Battery=0.0%, Waits=52
[15:02:58] [Tick 861] Low battery (0.0%) routing to charger (14, 28).
[15:02:58] [Tick 861] Deadlock/livelock detected (54 wait ticks). Seeking alternate route/nook...
[15:02:58] [Tick 861] Alternate route found to goal (31 steps).
[15:02:58] [Tick 861] Pos=(14, 27), Heading=WEST, State=EN_ROUTE_PICKUP, Action=WAITING, Priority=0.0, Battery=0.0%, Waits=53
[15:02:59] [Tick 862] Low battery (0.0%) routing to charger (14, 28).
[15:02:59] [Tick 862] Deadlock/livelock detected (55 wait ticks). Seeking alternate route/nook...
[15:02:59] [Tick 862] Alternate route found to goal (31 steps).
[15:02:59] [Tick 862] Pos=(14, 27), Heading=WEST, State=EN_ROUTE_PICKUP, Action=WAITING, Priority=0.0, Battery=0.0%, Waits=54
[15:02:59] [Tick 863] Low battery (0.0%) routing to charger (14, 28).
[15:02:59] [Tick 863] Deadlock/livelock detected (56 wait ticks). Seeking alternate route/nook...
[15:02:59] [Tick 863] Alternate route found to goal (31 steps).
[15:02:59] [Tick 863] Pos=(14, 27), Heading=WEST, State=EN_ROUTE_PICKUP, Action=WAITING, Priority=0.0, Battery=0.0%, Waits=55
[15:03:00] [Tick 864] Low battery (0.0%) routing to charger (14, 28).
[15:03:00] [Tick 864] Deadlock/livelock detected (57 wait ticks). Seeking alternate route/nook...
[15:03:00] [Tick 864] Alternate route found to goal (31 steps).
[15:03:00] [Tick 864] Pos=(14, 27), Heading=WEST, State=EN_ROUTE_PICKUP, Action=WAITING, Priority=0.0, Battery=0.0%, Waits=56
[15:03:00] [Tick 865] Low battery (0.0%) routing to charger (14, 28).
[15:03:00] [Tick 865] Deadlock/livelock detected (58 wait ticks). Seeking alternate route/nook...
[15:03:00] [Tick 865] Alternate route found to goal (31 steps).
[15:03:00] [Tick 865] Pos=(14, 27), Heading=WEST, State=EN_ROUTE_PICKUP, Action=WAITING, Priority=0.0, Battery=0.0%, Waits=57
[15:03:01] [Tick 866] Low battery (0.0%) routing to charger (14, 28).
[15:03:01] [Tick 866] Deadlock/livelock detected (59 wait ticks). Seeking alternate route/nook...
[15:03:01] [Tick 866] Alternate route found to goal (31 steps).
[15:03:01] [Tick 866] Pos=(14, 27), Heading=WEST, State=EN_ROUTE_PICKUP, Action=WAITING, Priority=0.0, Battery=0.0%, Waits=58
[15:03:01] [Tick 867] Low battery (0.0%) routing to charger (14, 28).
[15:03:01] [Tick 867] Deadlock/livelock detected (60 wait ticks). Seeking alternate route/nook...
[15:03:01] [Tick 867] Alternate route found to goal (31 steps).
[15:03:01] [Tick 867] Pos=(14, 27), Heading=WEST, State=EN_ROUTE_PICKUP, Action=WAITING, Priority=0.0, Battery=0.0%, Waits=59
[15:03:02] [Tick 868] Low battery (0.0%) routing to charger (14, 28).
[15:03:02] [Tick 868] Deadlock/livelock detected (61 wait ticks). Seeking alternate route/nook...
[15:03:02] [Tick 868] Alternate route found to goal (31 steps).
[15:03:02] [Tick 868] Pos=(14, 27), Heading=WEST, State=EN_ROUTE_PICKUP, Action=WAITING, Priority=0.0, Battery=0.0%, Waits=60
[15:03:02] [Tick 869] Low battery (0.0%) routing to charger (14, 28).
[15:03:02] [Tick 869] Deadlock/livelock detected (62 wait ticks). Seeking alternate route/nook...
[15:03:02] [Tick 869] Alternate route found to goal (31 steps).
[15:03:02] [Tick 869] Pos=(14, 27), Heading=WEST, State=EN_ROUTE_PICKUP, Action=WAITING, Priority=0.0, Battery=0.0%, Waits=61
[15:03:03] [Tick 870] Low battery (0.0%) routing to charger (14, 28).
[15:03:03] [Tick 870] Deadlock/livelock detected (63 wait ticks). Seeking alternate route/nook...
[15:03:03] [Tick 870] Alternate route found to goal (31 steps).
[15:03:03] [Tick 870] Pos=(14, 27), Heading=WEST, State=EN_ROUTE_PICKUP, Action=WAITING, Priority=0.0, Battery=0.0%, Waits=62
[15:03:03] [Tick 871] Low battery (0.0%) routing to charger (14, 28).
[15:03:03] [Tick 871] Deadlock/livelock detected (64 wait ticks). Seeking alternate route/nook...
[15:03:03] [Tick 871] Alternate route found to goal (31 steps).
[15:03:03] [Tick 871] Pos=(14, 27), Heading=WEST, State=EN_ROUTE_PICKUP, Action=WAITING, Priority=0.0, Battery=0.0%, Waits=63
[15:03:04] [Tick 872] Low battery (0.0%) routing to charger (14, 28).
[15:03:04] [Tick 872] Deadlock/livelock detected (65 wait ticks). Seeking alternate route/nook...
[15:03:04] [Tick 872] Alternate route found to goal (31 steps).
[15:03:04] [Tick 872] Pos=(14, 27), Heading=WEST, State=EN_ROUTE_PICKUP, Action=WAITING, Priority=0.0, Battery=0.0%, Waits=64
[15:03:04] [Tick 873] Low battery (0.0%) routing to charger (14, 28).
[15:03:04] [Tick 873] Deadlock/livelock detected (66 wait ticks). Seeking alternate route/nook...
[15:03:04] [Tick 873] Alternate route found to goal (31 steps).
[15:03:04] [Tick 873] Pos=(14, 27), Heading=WEST, State=EN_ROUTE_PICKUP, Action=WAITING, Priority=0.0, Battery=0.0%, Waits=65
[15:03:05] [Tick 874] Low battery (0.0%) routing to charger (14, 28).
[15:03:05] [Tick 874] Deadlock/livelock detected (67 wait ticks). Seeking alternate route/nook...
[15:03:05] [Tick 874] Alternate route found to goal (31 steps).
[15:03:05] [Tick 874] Pos=(14, 27), Heading=WEST, State=EN_ROUTE_PICKUP, Action=WAITING, Priority=0.0, Battery=0.0%, Waits=66
[15:03:05] [Tick 875] Low battery (0.0%) routing to charger (14, 28).
[15:03:05] [Tick 875] Deadlock/livelock detected (68 wait ticks). Seeking alternate route/nook...
[15:03:05] [Tick 875] Alternate route found to goal (31 steps).
[15:03:05] [Tick 875] Pos=(14, 27), Heading=WEST, State=EN_ROUTE_PICKUP, Action=WAITING, Priority=0.0, Battery=0.0%, Waits=67
[15:03:06] [Tick 876] Low battery (0.0%) routing to charger (14, 28).
[15:03:06] [Tick 876] Deadlock/livelock detected (69 wait ticks). Seeking alternate route/nook...
[15:03:06] [Tick 876] Alternate route found to goal (31 steps).
[15:03:06] [Tick 876] Pos=(14, 27), Heading=WEST, State=EN_ROUTE_PICKUP, Action=WAITING, Priority=0.0, Battery=0.0%, Waits=68
[15:03:06] [Tick 877] Low battery (0.0%) routing to charger (14, 28).
[15:03:06] [Tick 877] Deadlock/livelock detected (70 wait ticks). Seeking alternate route/nook...
[15:03:06] [Tick 877] Alternate route found to goal (31 steps).
[15:03:06] [Tick 877] Pos=(14, 27), Heading=WEST, State=EN_ROUTE_PICKUP, Action=WAITING, Priority=0.0, Battery=0.0%, Waits=69
[15:03:07] [Tick 878] Low battery (0.0%) routing to charger (14, 28).
[15:03:07] [Tick 878] Deadlock/livelock detected (71 wait ticks). Seeking alternate route/nook...
[15:03:07] [Tick 878] Alternate route found to goal (31 steps).
[15:03:07] [Tick 878] Pos=(14, 27), Heading=WEST, State=EN_ROUTE_PICKUP, Action=WAITING, Priority=0.0, Battery=0.0%, Waits=70
[15:03:07] [Tick 879] Low battery (0.0%) routing to charger (14, 28).
[15:03:07] [Tick 879] Deadlock/livelock detected (72 wait ticks). Seeking alternate route/nook...
[15:03:07] [Tick 879] Alternate route found to goal (31 steps).
[15:03:07] [Tick 879] Pos=(14, 27), Heading=WEST, State=EN_ROUTE_PICKUP, Action=WAITING, Priority=0.0, Battery=0.0%, Waits=71
[15:03:08] [Tick 880] Low battery (0.0%) routing to charger (14, 28).
[15:03:08] [Tick 880] Deadlock/livelock detected (73 wait ticks). Seeking alternate route/nook...
[15:03:08] [Tick 880] Alternate route found to goal (31 steps).
[15:03:08] [Tick 880] Pos=(14, 27), Heading=WEST, State=EN_ROUTE_PICKUP, Action=WAITING, Priority=0.0, Battery=0.0%, Waits=72
[15:03:08] [Tick 881] Low battery (0.0%) routing to charger (14, 28).
[15:03:08] [Tick 881] Deadlock/livelock detected (74 wait ticks). Seeking alternate route/nook...
[15:03:08] [Tick 881] Alternate route found to goal (31 steps).
[15:03:08] [Tick 881] Pos=(14, 27), Heading=WEST, State=EN_ROUTE_PICKUP, Action=WAITING, Priority=0.0, Battery=0.0%, Waits=73
[15:03:09] [Tick 882] Low battery (0.0%) routing to charger (14, 28).
[15:03:09] [Tick 882] Deadlock/livelock detected (75 wait ticks). Seeking alternate route/nook...
[15:03:09] [Tick 882] Alternate route found to goal (31 steps).
[15:03:09] [Tick 882] Pos=(14, 27), Heading=WEST, State=EN_ROUTE_PICKUP, Action=WAITING, Priority=0.0, Battery=0.0%, Waits=74
[15:03:09] [Tick 883] Low battery (0.0%) routing to charger (14, 28).
[15:03:09] [Tick 883] Deadlock/livelock detected (76 wait ticks). Seeking alternate route/nook...
[15:03:09] [Tick 883] Alternate route found to goal (31 steps).
[15:03:09] [Tick 883] Pos=(14, 27), Heading=WEST, State=EN_ROUTE_PICKUP, Action=WAITING, Priority=0.0, Battery=0.0%, Waits=75
[15:03:10] [Tick 884] Low battery (0.0%) routing to charger (14, 28).
[15:03:10] [Tick 884] Deadlock/livelock detected (77 wait ticks). Seeking alternate route/nook...
[15:03:10] [Tick 884] Alternate route found to goal (31 steps).
[15:03:10] [Tick 884] Pos=(14, 27), Heading=WEST, State=EN_ROUTE_PICKUP, Action=WAITING, Priority=0.0, Battery=0.0%, Waits=76
[15:03:10] [Tick 885] Low battery (0.0%) routing to charger (14, 28).
[15:03:10] [Tick 885] Deadlock/livelock detected (78 wait ticks). Seeking alternate route/nook...
[15:03:10] [Tick 885] Alternate route found to goal (31 steps).
[15:03:10] [Tick 885] Pos=(14, 27), Heading=WEST, State=EN_ROUTE_PICKUP, Action=WAITING, Priority=0.0, Battery=0.0%, Waits=77
[15:03:11] [Tick 886] Low battery (0.0%) routing to charger (14, 28).
[15:03:11] [Tick 886] Deadlock/livelock detected (79 wait ticks). Seeking alternate route/nook...
[15:03:11] [Tick 886] Alternate route found to goal (31 steps).
[15:03:11] [Tick 886] Pos=(14, 27), Heading=WEST, State=EN_ROUTE_PICKUP, Action=WAITING, Priority=0.0, Battery=0.0%, Waits=78
[15:03:11] [Tick 887] Low battery (0.0%) routing to charger (14, 28).
[15:03:11] [Tick 887] Deadlock/livelock detected (80 wait ticks). Seeking alternate route/nook...
[15:03:11] [Tick 887] Alternate route found to goal (31 steps).
[15:03:11] [Tick 887] Pos=(14, 27), Heading=WEST, State=EN_ROUTE_PICKUP, Action=WAITING, Priority=0.0, Battery=0.0%, Waits=79
[15:03:12] [Tick 888] Low battery (0.0%) routing to charger (14, 28).
[15:03:12] [Tick 888] Deadlock/livelock detected (81 wait ticks). Seeking alternate route/nook...
[15:03:12] [Tick 888] Alternate route found to goal (31 steps).
[15:03:12] [Tick 888] Pos=(14, 27), Heading=WEST, State=EN_ROUTE_PICKUP, Action=WAITING, Priority=0.0, Battery=0.0%, Waits=80
[15:03:12] [Tick 889] Low battery (0.0%) routing to charger (14, 28).
[15:03:12] [Tick 889] Deadlock/livelock detected (82 wait ticks). Seeking alternate route/nook...
[15:03:12] [Tick 889] Alternate route found to goal (31 steps).
[15:03:12] [Tick 889] Pos=(14, 27), Heading=WEST, State=EN_ROUTE_PICKUP, Action=WAITING, Priority=0.0, Battery=0.0%, Waits=81
[15:03:13] [Tick 890] Low battery (0.0%) routing to charger (14, 28).
[15:03:13] [Tick 890] Deadlock/livelock detected (83 wait ticks). Seeking alternate route/nook...
[15:03:13] [Tick 890] Alternate route found to goal (31 steps).
[15:03:13] [Tick 890] Pos=(14, 27), Heading=WEST, State=EN_ROUTE_PICKUP, Action=WAITING, Priority=0.0, Battery=0.0%, Waits=82
[15:03:13] [Tick 891] Low battery (0.0%) routing to charger (14, 28).
[15:03:13] [Tick 891] Deadlock/livelock detected (84 wait ticks). Seeking alternate route/nook...
[15:03:13] [Tick 891] Alternate route found to goal (31 steps).
[15:03:13] [Tick 891] Pos=(14, 27), Heading=WEST, State=EN_ROUTE_PICKUP, Action=WAITING, Priority=0.0, Battery=0.0%, Waits=83
[15:03:14] [Tick 892] Low battery (0.0%) routing to charger (14, 28).
[15:03:14] [Tick 892] Deadlock/livelock detected (85 wait ticks). Seeking alternate route/nook...
[15:03:14] [Tick 892] Alternate route found to goal (31 steps).
[15:03:14] [Tick 892] Pos=(14, 27), Heading=WEST, State=EN_ROUTE_PICKUP, Action=WAITING, Priority=0.0, Battery=0.0%, Waits=84
[15:03:14] [Tick 893] Low battery (0.0%) routing to charger (14, 28).
[15:03:14] [Tick 893] Deadlock/livelock detected (86 wait ticks). Seeking alternate route/nook...
[15:03:14] [Tick 893] Alternate route found to goal (31 steps).
[15:03:14] [Tick 893] Pos=(14, 27), Heading=WEST, State=EN_ROUTE_PICKUP, Action=WAITING, Priority=0.0, Battery=0.0%, Waits=85
[15:03:15] [Tick 894] Low battery (0.0%) routing to charger (14, 28).
[15:03:15] [Tick 894] Deadlock/livelock detected (87 wait ticks). Seeking alternate route/nook...
[15:03:15] [Tick 894] Alternate route found to goal (31 steps).
[15:03:15] [Tick 894] Pos=(14, 27), Heading=WEST, State=EN_ROUTE_PICKUP, Action=WAITING, Priority=0.0, Battery=0.0%, Waits=86
[15:03:15] [Tick 895] Low battery (0.0%) routing to charger (14, 28).
[15:03:15] [Tick 895] Deadlock/livelock detected (88 wait ticks). Seeking alternate route/nook...
[15:03:15] [Tick 895] Alternate route found to goal (31 steps).
[15:03:15] [Tick 895] Pos=(14, 27), Heading=WEST, State=EN_ROUTE_PICKUP, Action=WAITING, Priority=0.0, Battery=0.0%, Waits=87
[15:03:16] [Tick 896] Low battery (0.0%) routing to charger (14, 28).
[15:03:16] [Tick 896] Deadlock/livelock detected (89 wait ticks). Seeking alternate route/nook...
[15:03:16] [Tick 896] Alternate route found to goal (31 steps).
[15:03:16] [Tick 896] Pos=(14, 27), Heading=WEST, State=EN_ROUTE_PICKUP, Action=WAITING, Priority=0.0, Battery=0.0%, Waits=88
[15:03:16] [Tick 897] Low battery (0.0%) routing to charger (14, 28).
[15:03:16] [Tick 897] Deadlock/livelock detected (90 wait ticks). Seeking alternate route/nook...
[15:03:16] [Tick 897] Alternate route found to goal (31 steps).
[15:03:16] [Tick 897] Pos=(14, 27), Heading=WEST, State=EN_ROUTE_PICKUP, Action=WAITING, Priority=0.0, Battery=0.0%, Waits=89
[15:03:17] [Tick 898] Low battery (0.0%) routing to charger (14, 28).
[15:03:17] [Tick 898] Deadlock/livelock detected (91 wait ticks). Seeking alternate route/nook...
[15:03:17] [Tick 898] Alternate route found to goal (31 steps).
[15:03:17] [Tick 898] Pos=(14, 27), Heading=WEST, State=EN_ROUTE_PICKUP, Action=WAITING, Priority=0.0, Battery=0.0%, Waits=90
[15:03:17] [Tick 899] Low battery (0.0%) routing to charger (14, 28).
[15:03:17] [Tick 899] Deadlock/livelock detected (92 wait ticks). Seeking alternate route/nook...
[15:03:17] [Tick 899] Alternate route found to goal (31 steps).
[15:03:17] [Tick 899] Pos=(14, 27), Heading=WEST, State=EN_ROUTE_PICKUP, Action=WAITING, Priority=0.0, Battery=0.0%, Waits=91
[15:03:18] [Tick 900] Low battery (0.0%) routing to charger (14, 28).
[15:03:18] [Tick 900] Deadlock/livelock detected (93 wait ticks). Seeking alternate route/nook...
[15:03:18] [Tick 900] Alternate route found to goal (31 steps).
[15:03:18] [Tick 900] Pos=(14, 27), Heading=WEST, State=EN_ROUTE_PICKUP, Action=WAITING, Priority=0.0, Battery=0.0%, Waits=92
[15:03:18] [Tick 901] Low battery (0.0%) routing to charger (14, 28).
[15:03:18] [Tick 901] Deadlock/livelock detected (94 wait ticks). Seeking alternate route/nook...
[15:03:18] [Tick 901] Alternate route found to goal (31 steps).
[15:03:18] [Tick 901] Pos=(14, 27), Heading=WEST, State=EN_ROUTE_PICKUP, Action=WAITING, Priority=0.0, Battery=0.0%, Waits=93
[15:03:19] [Tick 902] Low battery (0.0%) routing to charger (14, 28).
[15:03:19] [Tick 902] Deadlock/livelock detected (95 wait ticks). Seeking alternate route/nook...
[15:03:19] [Tick 902] Alternate route found to goal (31 steps).
[15:03:19] [Tick 902] Pos=(14, 27), Heading=WEST, State=EN_ROUTE_PICKUP, Action=WAITING, Priority=0.0, Battery=0.0%, Waits=94
[15:03:19] [Tick 903] Low battery (0.0%) routing to charger (14, 28).
[15:03:19] [Tick 903] Deadlock/livelock detected (96 wait ticks). Seeking alternate route/nook...
[15:03:19] [Tick 903] Alternate route found to goal (31 steps).
[15:03:19] [Tick 903] Pos=(14, 27), Heading=WEST, State=EN_ROUTE_PICKUP, Action=WAITING, Priority=0.0, Battery=0.0%, Waits=95
[15:03:20] [Tick 904] Low battery (0.0%) routing to charger (14, 28).
[15:03:20] [Tick 904] Deadlock/livelock detected (97 wait ticks). Seeking alternate route/nook...
[15:03:20] [Tick 904] Alternate route found to goal (31 steps).
[15:03:20] [Tick 904] Pos=(14, 27), Heading=WEST, State=EN_ROUTE_PICKUP, Action=WAITING, Priority=0.0, Battery=0.0%, Waits=96
[15:03:20] [Tick 905] Low battery (0.0%) routing to charger (14, 28).
[15:03:20] [Tick 905] Deadlock/livelock detected (98 wait ticks). Seeking alternate route/nook...
[15:03:20] [Tick 905] Alternate route found to goal (31 steps).
[15:03:20] [Tick 905] Pos=(14, 27), Heading=WEST, State=EN_ROUTE_PICKUP, Action=WAITING, Priority=0.0, Battery=0.0%, Waits=97
[15:03:21] [Tick 906] Low battery (0.0%) routing to charger (14, 28).
[15:03:21] [Tick 906] Deadlock/livelock detected (99 wait ticks). Seeking alternate route/nook...
[15:03:21] [Tick 906] Alternate route found to goal (31 steps).
[15:03:21] [Tick 906] Pos=(14, 27), Heading=WEST, State=EN_ROUTE_PICKUP, Action=WAITING, Priority=0.0, Battery=0.0%, Waits=98
[15:03:21] [Tick 907] Low battery (0.0%) routing to charger (14, 28).
[15:03:21] [Tick 907] Deadlock/livelock detected (100 wait ticks). Seeking alternate route/nook...
[15:03:21] [Tick 907] Alternate route found to goal (31 steps).
[15:03:21] [Tick 907] Pos=(14, 27), Heading=WEST, State=EN_ROUTE_PICKUP, Action=WAITING, Priority=0.0, Battery=0.0%, Waits=99
[15:03:22] [Tick 908] Low battery (0.0%) routing to charger (14, 28).
[15:03:22] [Tick 908] Deadlock/livelock detected (101 wait ticks). Seeking alternate route/nook...
[15:03:22] [Tick 908] Alternate route found to goal (31 steps).
[15:03:22] [Tick 908] Pos=(14, 27), Heading=WEST, State=EN_ROUTE_PICKUP, Action=WAITING, Priority=0.0, Battery=0.0%, Waits=100
[15:03:22] [Tick 909] Low battery (0.0%) routing to charger (14, 28).
[15:03:22] [Tick 909] Deadlock/livelock detected (102 wait ticks). Seeking alternate route/nook...
[15:03:22] [Tick 909] Alternate route found to goal (31 steps).
[15:03:22] [Tick 909] Pos=(14, 27), Heading=WEST, State=EN_ROUTE_PICKUP, Action=WAITING, Priority=0.0, Battery=0.0%, Waits=101
[15:03:23] [Tick 910] Low battery (0.0%) routing to charger (14, 28).
[15:03:23] [Tick 910] Deadlock/livelock detected (103 wait ticks). Seeking alternate route/nook...
[15:03:23] [Tick 910] Alternate route found to goal (31 steps).
[15:03:23] [Tick 910] Pos=(14, 27), Heading=WEST, State=EN_ROUTE_PICKUP, Action=WAITING, Priority=0.0, Battery=0.0%, Waits=102
[15:03:23] [Tick 911] Low battery (0.0%) routing to charger (14, 28).
[15:03:23] [Tick 911] Deadlock/livelock detected (104 wait ticks). Seeking alternate route/nook...
[15:03:23] [Tick 911] Alternate route found to goal (31 steps).
[15:03:23] [Tick 911] Pos=(14, 27), Heading=WEST, State=EN_ROUTE_PICKUP, Action=WAITING, Priority=0.0, Battery=0.0%, Waits=103
[15:03:24] [Tick 912] Low battery (0.0%) routing to charger (14, 28).
[15:03:24] [Tick 912] Deadlock/livelock detected (105 wait ticks). Seeking alternate route/nook...
[15:03:24] [Tick 912] Alternate route found to goal (31 steps).
[15:03:24] [Tick 912] Pos=(14, 27), Heading=WEST, State=EN_ROUTE_PICKUP, Action=WAITING, Priority=0.0, Battery=0.0%, Waits=104
[15:03:24] [Tick 913] Low battery (0.0%) routing to charger (14, 28).
[15:03:24] [Tick 913] Deadlock/livelock detected (106 wait ticks). Seeking alternate route/nook...
[15:03:24] [Tick 913] Alternate route found to goal (31 steps).
[15:03:24] [Tick 913] Pos=(14, 27), Heading=WEST, State=EN_ROUTE_PICKUP, Action=WAITING, Priority=0.0, Battery=0.0%, Waits=105
[15:03:25] [Tick 914] Low battery (0.0%) routing to charger (14, 28).
[15:03:25] [Tick 914] Deadlock/livelock detected (107 wait ticks). Seeking alternate route/nook...
[15:03:25] [Tick 914] Alternate route found to goal (31 steps).
[15:03:25] [Tick 914] Pos=(14, 27), Heading=WEST, State=EN_ROUTE_PICKUP, Action=WAITING, Priority=0.0, Battery=0.0%, Waits=106
[15:03:25] [Tick 915] Low battery (0.0%) routing to charger (14, 28).
[15:03:25] [Tick 915] Deadlock/livelock detected (108 wait ticks). Seeking alternate route/nook...
[15:03:25] [Tick 915] Alternate route found to goal (31 steps).
[15:03:25] [Tick 915] Pos=(14, 27), Heading=WEST, State=EN_ROUTE_PICKUP, Action=WAITING, Priority=0.0, Battery=0.0%, Waits=107
[15:03:26] [Tick 916] Low battery (0.0%) routing to charger (14, 28).
[15:03:26] [Tick 916] Deadlock/livelock detected (109 wait ticks). Seeking alternate route/nook...
[15:03:26] [Tick 916] Alternate route found to goal (31 steps).
[15:03:26] [Tick 916] Pos=(14, 27), Heading=WEST, State=EN_ROUTE_PICKUP, Action=WAITING, Priority=0.0, Battery=0.0%, Waits=108
[15:03:26] [Tick 917] Low battery (0.0%) routing to charger (14, 28).
[15:03:26] [Tick 917] Deadlock/livelock detected (110 wait ticks). Seeking alternate route/nook...
[15:03:26] [Tick 917] Alternate route found to goal (31 steps).
[15:03:26] [Tick 917] Pos=(14, 27), Heading=WEST, State=EN_ROUTE_PICKUP, Action=WAITING, Priority=0.0, Battery=0.0%, Waits=109
[15:03:27] [Tick 918] Low battery (0.0%) routing to charger (14, 28).
[15:03:27] [Tick 918] Deadlock/livelock detected (111 wait ticks). Seeking alternate route/nook...
[15:03:27] [Tick 918] Alternate route found to goal (31 steps).
[15:03:27] [Tick 918] Pos=(14, 27), Heading=WEST, State=EN_ROUTE_PICKUP, Action=WAITING, Priority=0.0, Battery=0.0%, Waits=110
[15:03:27] [Tick 919] Low battery (0.0%) routing to charger (14, 28).
[15:03:27] [Tick 919] Deadlock/livelock detected (112 wait ticks). Seeking alternate route/nook...
[15:03:27] [Tick 919] Alternate route found to goal (31 steps).
[15:03:27] [Tick 919] Pos=(14, 27), Heading=WEST, State=EN_ROUTE_PICKUP, Action=WAITING, Priority=0.0, Battery=0.0%, Waits=111
[15:03:28] [Tick 920] Low battery (0.0%) routing to charger (14, 28).
[15:03:28] [Tick 920] Deadlock/livelock detected (113 wait ticks). Seeking alternate route/nook...
[15:03:28] [Tick 920] Alternate route found to goal (31 steps).
[15:03:28] [Tick 920] Pos=(14, 27), Heading=WEST, State=EN_ROUTE_PICKUP, Action=WAITING, Priority=0.0, Battery=0.0%, Waits=112
[15:03:28] [Tick 921] Low battery (0.0%) routing to charger (14, 28).
[15:03:28] [Tick 921] Deadlock/livelock detected (114 wait ticks). Seeking alternate route/nook...
[15:03:28] [Tick 921] Alternate route found to goal (31 steps).
[15:03:28] [Tick 921] Pos=(14, 27), Heading=WEST, State=EN_ROUTE_PICKUP, Action=WAITING, Priority=0.0, Battery=0.0%, Waits=113
[15:03:29] [Tick 922] Low battery (0.0%) routing to charger (14, 28).
[15:03:29] [Tick 922] Deadlock/livelock detected (115 wait ticks). Seeking alternate route/nook...
[15:03:29] [Tick 922] Alternate route found to goal (31 steps).
[15:03:29] [Tick 922] Pos=(14, 27), Heading=WEST, State=EN_ROUTE_PICKUP, Action=WAITING, Priority=0.0, Battery=0.0%, Waits=114
[15:03:29] [Tick 923] Low battery (0.0%) routing to charger (14, 28).
[15:03:29] [Tick 923] Deadlock/livelock detected (116 wait ticks). Seeking alternate route/nook...
[15:03:29] [Tick 923] Alternate route found to goal (31 steps).
[15:03:29] [Tick 923] Pos=(14, 27), Heading=WEST, State=EN_ROUTE_PICKUP, Action=WAITING, Priority=0.0, Battery=0.0%, Waits=115
[15:03:30] [Tick 924] Low battery (0.0%) routing to charger (14, 28).
[15:03:30] [Tick 924] Deadlock/livelock detected (117 wait ticks). Seeking alternate route/nook...
[15:03:30] [Tick 924] Alternate route found to goal (31 steps).
[15:03:30] [Tick 924] Pos=(14, 27), Heading=WEST, State=EN_ROUTE_PICKUP, Action=WAITING, Priority=0.0, Battery=0.0%, Waits=116
[15:03:30] [Tick 925] Low battery (0.0%) routing to charger (14, 28).
[15:03:30] [Tick 925] Deadlock/livelock detected (118 wait ticks). Seeking alternate route/nook...
[15:03:30] [Tick 925] Alternate route found to goal (31 steps).
[15:03:30] [Tick 925] Pos=(14, 27), Heading=WEST, State=EN_ROUTE_PICKUP, Action=WAITING, Priority=0.0, Battery=0.0%, Waits=117
[15:03:31] [Tick 926] Low battery (0.0%) routing to charger (14, 28).
[15:03:31] [Tick 926] Deadlock/livelock detected (119 wait ticks). Seeking alternate route/nook...
[15:03:31] [Tick 926] Alternate route found to goal (31 steps).
[15:03:31] [Tick 926] Pos=(14, 27), Heading=WEST, State=EN_ROUTE_PICKUP, Action=WAITING, Priority=0.0, Battery=0.0%, Waits=118
[15:03:31] [Tick 927] Low battery (0.0%) routing to charger (14, 28).
[15:03:31] [Tick 927] Deadlock/livelock detected (120 wait ticks). Seeking alternate route/nook...
[15:03:31] [Tick 927] Alternate route found to goal (31 steps).
[15:03:31] [Tick 927] Pos=(14, 27), Heading=WEST, State=EN_ROUTE_PICKUP, Action=WAITING, Priority=0.0, Battery=0.0%, Waits=119
[15:03:32] [Tick 928] Low battery (0.0%) routing to charger (14, 28).
[15:03:32] [Tick 928] Deadlock/livelock detected (121 wait ticks). Seeking alternate route/nook...
[15:03:32] [Tick 928] Alternate route found to goal (31 steps).
[15:03:32] [Tick 928] Pos=(14, 27), Heading=WEST, State=EN_ROUTE_PICKUP, Action=WAITING, Priority=0.0, Battery=0.0%, Waits=120
[15:03:32] [Tick 929] Low battery (0.0%) routing to charger (14, 28).
[15:03:32] [Tick 929] Deadlock/livelock detected (122 wait ticks). Seeking alternate route/nook...
[15:03:32] [Tick 929] Alternate route found to goal (31 steps).
[15:03:32] [Tick 929] Pos=(14, 27), Heading=WEST, State=EN_ROUTE_PICKUP, Action=WAITING, Priority=0.0, Battery=0.0%, Waits=121
[15:03:33] [Tick 930] Low battery (0.0%) routing to charger (14, 28).
[15:03:33] [Tick 930] Deadlock/livelock detected (123 wait ticks). Seeking alternate route/nook...
[15:03:33] [Tick 930] Alternate route found to goal (31 steps).
[15:03:33] [Tick 930] Pos=(14, 27), Heading=WEST, State=EN_ROUTE_PICKUP, Action=WAITING, Priority=0.0, Battery=0.0%, Waits=122
[15:03:33] [Tick 931] Low battery (0.0%) routing to charger (14, 28).
[15:03:33] [Tick 931] Deadlock/livelock detected (124 wait ticks). Seeking alternate route/nook...
[15:03:33] [Tick 931] Alternate route found to goal (31 steps).
[15:03:33] [Tick 931] Pos=(14, 27), Heading=WEST, State=EN_ROUTE_PICKUP, Action=WAITING, Priority=0.0, Battery=0.0%, Waits=123
[15:03:34] [Tick 932] Low battery (0.0%) routing to charger (14, 28).
[15:03:34] [Tick 932] Deadlock/livelock detected (125 wait ticks). Seeking alternate route/nook...
[15:03:34] [Tick 932] Alternate route found to goal (31 steps).
[15:03:34] [Tick 932] Pos=(14, 27), Heading=WEST, State=EN_ROUTE_PICKUP, Action=WAITING, Priority=0.0, Battery=0.0%, Waits=124
[15:03:34] [Tick 933] Low battery (0.0%) routing to charger (14, 28).
[15:03:34] [Tick 933] Deadlock/livelock detected (126 wait ticks). Seeking alternate route/nook...
[15:03:34] [Tick 933] Alternate route found to goal (31 steps).
[15:03:34] [Tick 933] Pos=(14, 27), Heading=WEST, State=EN_ROUTE_PICKUP, Action=WAITING, Priority=0.0, Battery=0.0%, Waits=125
[15:03:35] [Tick 934] Low battery (0.0%) routing to charger (14, 28).
[15:03:35] [Tick 934] Deadlock/livelock detected (127 wait ticks). Seeking alternate route/nook...
[15:03:35] [Tick 934] Alternate route found to goal (31 steps).
[15:03:35] [Tick 934] Pos=(14, 27), Heading=WEST, State=EN_ROUTE_PICKUP, Action=WAITING, Priority=0.0, Battery=0.0%, Waits=126
[15:03:35] [Tick 935] Low battery (0.0%) routing to charger (14, 28).
[15:03:35] [Tick 935] Deadlock/livelock detected (128 wait ticks). Seeking alternate route/nook...
[15:03:35] [Tick 935] Alternate route found to goal (31 steps).
[15:03:35] [Tick 935] Pos=(14, 27), Heading=WEST, State=EN_ROUTE_PICKUP, Action=WAITING, Priority=0.0, Battery=0.0%, Waits=127
[15:03:36] [Tick 936] Low battery (0.0%) routing to charger (14, 28).
[15:03:36] [Tick 936] Deadlock/livelock detected (129 wait ticks). Seeking alternate route/nook...
[15:03:36] [Tick 936] Alternate route found to goal (31 steps).
[15:03:36] [Tick 936] Pos=(14, 27), Heading=WEST, State=EN_ROUTE_PICKUP, Action=WAITING, Priority=0.0, Battery=0.0%, Waits=128
[15:03:36] [Tick 937] Low battery (0.0%) routing to charger (14, 28).
[15:03:36] [Tick 937] Deadlock/livelock detected (130 wait ticks). Seeking alternate route/nook...
[15:03:36] [Tick 937] Alternate route found to goal (31 steps).
[15:03:36] [Tick 937] Pos=(14, 27), Heading=WEST, State=EN_ROUTE_PICKUP, Action=WAITING, Priority=0.0, Battery=0.0%, Waits=129
[15:03:37] [Tick 938] Low battery (0.0%) routing to charger (14, 28).
[15:03:37] [Tick 938] Deadlock/livelock detected (131 wait ticks). Seeking alternate route/nook...
[15:03:37] [Tick 938] Alternate route found to goal (31 steps).
[15:03:37] [Tick 938] Pos=(14, 27), Heading=WEST, State=EN_ROUTE_PICKUP, Action=WAITING, Priority=0.0, Battery=0.0%, Waits=130
[15:03:37] [Tick 939] Low battery (0.0%) routing to charger (14, 28).
[15:03:37] [Tick 939] Deadlock/livelock detected (132 wait ticks). Seeking alternate route/nook...
[15:03:37] [Tick 939] Alternate route found to goal (31 steps).
[15:03:37] [Tick 939] Pos=(14, 27), Heading=WEST, State=EN_ROUTE_PICKUP, Action=WAITING, Priority=0.0, Battery=0.0%, Waits=131
[15:03:38] [Tick 940] Low battery (0.0%) routing to charger (14, 28).
[15:03:38] [Tick 940] Deadlock/livelock detected (133 wait ticks). Seeking alternate route/nook...
[15:03:38] [Tick 940] Alternate route found to goal (31 steps).
[15:03:38] [Tick 940] Pos=(14, 27), Heading=WEST, State=EN_ROUTE_PICKUP, Action=WAITING, Priority=0.0, Battery=0.0%, Waits=132
[15:03:38] [Tick 941] Low battery (0.0%) routing to charger (14, 28).
[15:03:38] [Tick 941] Deadlock/livelock detected (134 wait ticks). Seeking alternate route/nook...
[15:03:38] [Tick 941] Alternate route found to goal (31 steps).
[15:03:38] [Tick 941] Pos=(14, 27), Heading=WEST, State=EN_ROUTE_PICKUP, Action=WAITING, Priority=0.0, Battery=0.0%, Waits=133
[15:03:39] [Tick 942] Low battery (0.0%) routing to charger (14, 28).
[15:03:39] [Tick 942] Deadlock/livelock detected (135 wait ticks). Seeking alternate route/nook...
[15:03:39] [Tick 942] Alternate route found to goal (31 steps).
[15:03:39] [Tick 942] Pos=(14, 27), Heading=WEST, State=EN_ROUTE_PICKUP, Action=WAITING, Priority=0.0, Battery=0.0%, Waits=134
[15:03:39] [Tick 943] Low battery (0.0%) routing to charger (14, 28).
[15:03:39] [Tick 943] Deadlock/livelock detected (136 wait ticks). Seeking alternate route/nook...
[15:03:39] [Tick 943] Alternate route found to goal (31 steps).
[15:03:39] [Tick 943] Pos=(14, 27), Heading=WEST, State=EN_ROUTE_PICKUP, Action=WAITING, Priority=0.0, Battery=0.0%, Waits=135
[15:03:40] [Tick 944] Low battery (0.0%) routing to charger (14, 28).
[15:03:40] [Tick 944] Deadlock/livelock detected (137 wait ticks). Seeking alternate route/nook...
[15:03:40] [Tick 944] Alternate route found to goal (31 steps).
[15:03:40] [Tick 944] Pos=(14, 27), Heading=WEST, State=EN_ROUTE_PICKUP, Action=WAITING, Priority=0.0, Battery=0.0%, Waits=136
[15:03:40] [Tick 945] Low battery (0.0%) routing to charger (14, 28).
[15:03:40] [Tick 945] Deadlock/livelock detected (138 wait ticks). Seeking alternate route/nook...
[15:03:40] [Tick 945] Alternate route found to goal (31 steps).
[15:03:40] [Tick 945] Pos=(14, 27), Heading=WEST, State=EN_ROUTE_PICKUP, Action=WAITING, Priority=0.0, Battery=0.0%, Waits=137
[15:03:41] [Tick 946] Low battery (0.0%) routing to charger (14, 28).
[15:03:41] [Tick 946] Deadlock/livelock detected (139 wait ticks). Seeking alternate route/nook...
[15:03:41] [Tick 946] Alternate route found to goal (31 steps).
[15:03:41] [Tick 946] Pos=(14, 27), Heading=WEST, State=EN_ROUTE_PICKUP, Action=WAITING, Priority=0.0, Battery=0.0%, Waits=138
[15:03:41] [Tick 947] Low battery (0.0%) routing to charger (14, 28).
[15:03:41] [Tick 947] Deadlock/livelock detected (140 wait ticks). Seeking alternate route/nook...
[15:03:41] [Tick 947] Alternate route found to goal (31 steps).
[15:03:41] [Tick 947] Pos=(14, 27), Heading=WEST, State=EN_ROUTE_PICKUP, Action=WAITING, Priority=0.0, Battery=0.0%, Waits=139
[15:03:42] [Tick 948] Low battery (0.0%) routing to charger (14, 28).
[15:03:42] [Tick 948] Deadlock/livelock detected (141 wait ticks). Seeking alternate route/nook...
[15:03:42] [Tick 948] Alternate route found to goal (31 steps).
[15:03:42] [Tick 948] Pos=(14, 27), Heading=WEST, State=EN_ROUTE_PICKUP, Action=WAITING, Priority=0.0, Battery=0.0%, Waits=140
[15:03:42] [Tick 949] Low battery (0.0%) routing to charger (14, 28).
[15:03:42] [Tick 949] Deadlock/livelock detected (142 wait ticks). Seeking alternate route/nook...
[15:03:42] [Tick 949] Alternate route found to goal (31 steps).
[15:03:42] [Tick 949] Pos=(14, 27), Heading=WEST, State=EN_ROUTE_PICKUP, Action=WAITING, Priority=0.0, Battery=0.0%, Waits=141
[15:03:43] [Tick 950] Low battery (0.0%) routing to charger (14, 28).
[15:03:43] [Tick 950] Deadlock/livelock detected (143 wait ticks). Seeking alternate route/nook...
[15:03:43] [Tick 950] Alternate route found to goal (31 steps).
[15:03:43] [Tick 950] Pos=(14, 27), Heading=WEST, State=EN_ROUTE_PICKUP, Action=WAITING, Priority=0.0, Battery=0.0%, Waits=142
[15:03:43] [Tick 951] Low battery (0.0%) routing to charger (14, 28).
[15:03:43] [Tick 951] Deadlock/livelock detected (144 wait ticks). Seeking alternate route/nook...
[15:03:43] [Tick 951] Alternate route found to goal (31 steps).
[15:03:43] [Tick 951] Pos=(14, 27), Heading=WEST, State=EN_ROUTE_PICKUP, Action=WAITING, Priority=0.0, Battery=0.0%, Waits=143
[15:03:44] [Tick 952] Low battery (0.0%) routing to charger (14, 28).
[15:03:44] [Tick 952] Deadlock/livelock detected (145 wait ticks). Seeking alternate route/nook...
[15:03:44] [Tick 952] Alternate route found to goal (31 steps).
[15:03:44] [Tick 952] Pos=(14, 27), Heading=WEST, State=EN_ROUTE_PICKUP, Action=WAITING, Priority=0.0, Battery=0.0%, Waits=144
[15:03:44] [Tick 953] Low battery (0.0%) routing to charger (14, 28).
[15:03:44] [Tick 953] Deadlock/livelock detected (146 wait ticks). Seeking alternate route/nook...
[15:03:44] [Tick 953] Alternate route found to goal (31 steps).
[15:03:44] [Tick 953] Pos=(14, 27), Heading=WEST, State=EN_ROUTE_PICKUP, Action=WAITING, Priority=0.0, Battery=0.0%, Waits=145
[15:03:45] [Tick 954] Low battery (0.0%) routing to charger (14, 28).
[15:03:45] [Tick 954] Deadlock/livelock detected (147 wait ticks). Seeking alternate route/nook...
[15:03:45] [Tick 954] Alternate route found to goal (31 steps).
[15:03:45] [Tick 954] Pos=(14, 27), Heading=WEST, State=EN_ROUTE_PICKUP, Action=WAITING, Priority=0.0, Battery=0.0%, Waits=146
[15:03:45] [Tick 955] Low battery (0.0%) routing to charger (14, 28).
[15:03:45] [Tick 955] Deadlock/livelock detected (148 wait ticks). Seeking alternate route/nook...
[15:03:45] [Tick 955] Alternate route found to goal (31 steps).
[15:03:45] [Tick 955] Pos=(14, 27), Heading=WEST, State=EN_ROUTE_PICKUP, Action=WAITING, Priority=0.0, Battery=0.0%, Waits=147
[15:03:46] [Tick 956] Low battery (0.0%) routing to charger (14, 28).
[15:03:46] [Tick 956] Deadlock/livelock detected (149 wait ticks). Seeking alternate route/nook...
[15:03:46] [Tick 956] Alternate route found to goal (31 steps).
[15:03:46] [Tick 956] Pos=(14, 27), Heading=WEST, State=EN_ROUTE_PICKUP, Action=WAITING, Priority=0.0, Battery=0.0%, Waits=148
[15:03:46] [Tick 957] Low battery (0.0%) routing to charger (14, 28).
[15:03:46] [Tick 957] Deadlock/livelock detected (150 wait ticks). Seeking alternate route/nook...
[15:03:46] [Tick 957] Alternate route found to goal (31 steps).
[15:03:46] [Tick 957] Pos=(14, 27), Heading=WEST, State=EN_ROUTE_PICKUP, Action=WAITING, Priority=0.0, Battery=0.0%, Waits=149
[15:03:47] [Tick 958] Low battery (0.0%) routing to charger (14, 28).
[15:03:47] [Tick 958] Deadlock/livelock detected (151 wait ticks). Seeking alternate route/nook...
[15:03:47] [Tick 958] Alternate route found to goal (31 steps).
[15:03:47] [Tick 958] Pos=(14, 27), Heading=WEST, State=EN_ROUTE_PICKUP, Action=WAITING, Priority=0.0, Battery=0.0%, Waits=150
[15:03:47] [Tick 959] Low battery (0.0%) routing to charger (14, 28).
[15:03:47] [Tick 959] Deadlock/livelock detected (152 wait ticks). Seeking alternate route/nook...
[15:03:47] [Tick 959] Alternate route found to goal (31 steps).
[15:03:47] [Tick 959] Pos=(14, 27), Heading=WEST, State=EN_ROUTE_PICKUP, Action=WAITING, Priority=0.0, Battery=0.0%, Waits=151
[15:03:48] [Tick 960] Low battery (0.0%) routing to charger (14, 28).
[15:03:48] [Tick 960] Deadlock/livelock detected (153 wait ticks). Seeking alternate route/nook...
[15:03:48] [Tick 960] Alternate route found to goal (31 steps).
[15:03:48] [Tick 960] Pos=(14, 27), Heading=WEST, State=EN_ROUTE_PICKUP, Action=WAITING, Priority=0.0, Battery=0.0%, Waits=152
[15:03:48] [Tick 961] Low battery (0.0%) routing to charger (14, 28).
[15:03:48] [Tick 961] Deadlock/livelock detected (154 wait ticks). Seeking alternate route/nook...
[15:03:48] [Tick 961] Alternate route found to goal (31 steps).
[15:03:48] [Tick 961] Pos=(14, 27), Heading=WEST, State=EN_ROUTE_PICKUP, Action=WAITING, Priority=0.0, Battery=0.0%, Waits=153
[15:03:49] [Tick 962] Low battery (0.0%) routing to charger (14, 28).
[15:03:49] [Tick 962] Deadlock/livelock detected (155 wait ticks). Seeking alternate route/nook...
[15:03:49] [Tick 962] Alternate route found to goal (31 steps).
[15:03:49] [Tick 962] Pos=(14, 27), Heading=WEST, State=EN_ROUTE_PICKUP, Action=WAITING, Priority=0.0, Battery=0.0%, Waits=154
[15:03:49] [Tick 963] Low battery (0.0%) routing to charger (14, 28).
[15:03:49] [Tick 963] Deadlock/livelock detected (156 wait ticks). Seeking alternate route/nook...
[15:03:49] [Tick 963] Alternate route found to goal (31 steps).
[15:03:49] [Tick 963] Pos=(14, 27), Heading=WEST, State=EN_ROUTE_PICKUP, Action=WAITING, Priority=0.0, Battery=0.0%, Waits=155
[15:03:50] [Tick 964] Low battery (0.0%) routing to charger (14, 28).
[15:03:50] [Tick 964] Deadlock/livelock detected (157 wait ticks). Seeking alternate route/nook...
[15:03:50] [Tick 964] Alternate route found to goal (31 steps).
[15:03:50] [Tick 964] Pos=(14, 27), Heading=WEST, State=EN_ROUTE_PICKUP, Action=WAITING, Priority=0.0, Battery=0.0%, Waits=156
[15:03:50] [Tick 965] Low battery (0.0%) routing to charger (14, 28).
[15:03:50] [Tick 965] Deadlock/livelock detected (158 wait ticks). Seeking alternate route/nook...
[15:03:50] [Tick 965] Alternate route found to goal (31 steps).
[15:03:50] [Tick 965] Pos=(14, 27), Heading=WEST, State=EN_ROUTE_PICKUP, Action=WAITING, Priority=0.0, Battery=0.0%, Waits=157
[15:03:51] [Tick 966] Low battery (0.0%) routing to charger (14, 28).
[15:03:51] [Tick 966] Deadlock/livelock detected (159 wait ticks). Seeking alternate route/nook...
[15:03:51] [Tick 966] Alternate route found to goal (31 steps).
[15:03:51] [Tick 966] Pos=(14, 27), Heading=WEST, State=EN_ROUTE_PICKUP, Action=WAITING, Priority=0.0, Battery=0.0%, Waits=158
[15:03:51] [Tick 967] Low battery (0.0%) routing to charger (14, 28).
[15:03:51] [Tick 967] Deadlock/livelock detected (160 wait ticks). Seeking alternate route/nook...
[15:03:51] [Tick 967] Alternate route found to goal (31 steps).
[15:03:51] [Tick 967] Pos=(14, 27), Heading=WEST, State=EN_ROUTE_PICKUP, Action=WAITING, Priority=0.0, Battery=0.0%, Waits=159
[15:03:52] [Tick 968] Low battery (0.0%) routing to charger (14, 28).
[15:03:52] [Tick 968] Deadlock/livelock detected (161 wait ticks). Seeking alternate route/nook...
[15:03:52] [Tick 968] Alternate route found to goal (31 steps).
[15:03:52] [Tick 968] Pos=(14, 27), Heading=WEST, State=EN_ROUTE_PICKUP, Action=WAITING, Priority=0.0, Battery=0.0%, Waits=160
[15:03:52] [Tick 969] Low battery (0.0%) routing to charger (14, 28).
[15:03:52] [Tick 969] Deadlock/livelock detected (162 wait ticks). Seeking alternate route/nook...
[15:03:52] [Tick 969] Alternate route found to goal (31 steps).
[15:03:52] [Tick 969] Pos=(14, 27), Heading=WEST, State=EN_ROUTE_PICKUP, Action=WAITING, Priority=0.0, Battery=0.0%, Waits=161
[15:03:53] [Tick 970] Low battery (0.0%) routing to charger (14, 28).
[15:03:53] [Tick 970] Deadlock/livelock detected (163 wait ticks). Seeking alternate route/nook...
[15:03:53] [Tick 970] Alternate route found to goal (31 steps).
[15:03:53] [Tick 970] Pos=(14, 27), Heading=WEST, State=EN_ROUTE_PICKUP, Action=WAITING, Priority=0.0, Battery=0.0%, Waits=162
[15:03:53] [Tick 971] Low battery (0.0%) routing to charger (14, 28).
[15:03:53] [Tick 971] Deadlock/livelock detected (164 wait ticks). Seeking alternate route/nook...
[15:03:53] [Tick 971] Alternate route found to goal (31 steps).
[15:03:53] [Tick 971] Pos=(14, 27), Heading=WEST, State=EN_ROUTE_PICKUP, Action=WAITING, Priority=0.0, Battery=0.0%, Waits=163
[15:03:54] [Tick 972] Low battery (0.0%) routing to charger (14, 28).
[15:03:54] [Tick 972] Deadlock/livelock detected (165 wait ticks). Seeking alternate route/nook...
[15:03:54] [Tick 972] Alternate route found to goal (31 steps).
[15:03:54] [Tick 972] Pos=(14, 27), Heading=WEST, State=EN_ROUTE_PICKUP, Action=WAITING, Priority=0.0, Battery=0.0%, Waits=164
[15:03:54] [Tick 973] Low battery (0.0%) routing to charger (14, 28).
[15:03:54] [Tick 973] Deadlock/livelock detected (166 wait ticks). Seeking alternate route/nook...
[15:03:54] [Tick 973] Alternate route found to goal (31 steps).
[15:03:54] [Tick 973] Pos=(14, 27), Heading=WEST, State=EN_ROUTE_PICKUP, Action=WAITING, Priority=0.0, Battery=0.0%, Waits=165
[15:03:55] [Tick 974] Low battery (0.0%) routing to charger (14, 28).
[15:03:55] [Tick 974] Deadlock/livelock detected (167 wait ticks). Seeking alternate route/nook...
[15:03:55] [Tick 974] Alternate route found to goal (31 steps).
[15:03:55] [Tick 974] Pos=(14, 27), Heading=WEST, State=EN_ROUTE_PICKUP, Action=WAITING, Priority=0.0, Battery=0.0%, Waits=166
[15:03:55] [Tick 975] Low battery (0.0%) routing to charger (14, 28).
[15:03:55] [Tick 975] Deadlock/livelock detected (168 wait ticks). Seeking alternate route/nook...
[15:03:55] [Tick 975] Alternate route found to goal (31 steps).
[15:03:55] [Tick 975] Pos=(14, 27), Heading=WEST, State=EN_ROUTE_PICKUP, Action=WAITING, Priority=0.0, Battery=0.0%, Waits=167
[15:03:56] [Tick 976] Low battery (0.0%) routing to charger (14, 28).
[15:03:56] [Tick 976] Deadlock/livelock detected (169 wait ticks). Seeking alternate route/nook...
[15:03:56] [Tick 976] Alternate route found to goal (31 steps).
[15:03:56] [Tick 976] Pos=(14, 27), Heading=WEST, State=EN_ROUTE_PICKUP, Action=WAITING, Priority=0.0, Battery=0.0%, Waits=168
[15:03:56] [Tick 977] Low battery (0.0%) routing to charger (14, 28).
[15:03:56] [Tick 977] Deadlock/livelock detected (170 wait ticks). Seeking alternate route/nook...
[15:03:56] [Tick 977] Alternate route found to goal (31 steps).
[15:03:56] [Tick 977] Pos=(14, 27), Heading=WEST, State=EN_ROUTE_PICKUP, Action=WAITING, Priority=0.0, Battery=0.0%, Waits=169
[15:03:57] [Tick 978] Low battery (0.0%) routing to charger (14, 28).
[15:03:57] [Tick 978] Deadlock/livelock detected (171 wait ticks). Seeking alternate route/nook...
[15:03:57] [Tick 978] Alternate route found to goal (31 steps).
[15:03:57] [Tick 978] Pos=(14, 27), Heading=WEST, State=EN_ROUTE_PICKUP, Action=WAITING, Priority=0.0, Battery=0.0%, Waits=170
[15:03:57] [Tick 979] Low battery (0.0%) routing to charger (14, 28).
[15:03:57] [Tick 979] Deadlock/livelock detected (172 wait ticks). Seeking alternate route/nook...
[15:03:57] [Tick 979] Alternate route found to goal (31 steps).
[15:03:57] [Tick 979] Pos=(14, 27), Heading=WEST, State=EN_ROUTE_PICKUP, Action=WAITING, Priority=0.0, Battery=0.0%, Waits=171
[15:03:58] [Tick 980] Low battery (0.0%) routing to charger (14, 28).
[15:03:58] [Tick 980] Deadlock/livelock detected (173 wait ticks). Seeking alternate route/nook...
[15:03:58] [Tick 980] Alternate route found to goal (31 steps).
[15:03:58] [Tick 980] Pos=(14, 27), Heading=WEST, State=EN_ROUTE_PICKUP, Action=WAITING, Priority=0.0, Battery=0.0%, Waits=172
[15:03:58] [Tick 981] Low battery (0.0%) routing to charger (14, 28).
[15:03:58] [Tick 981] Deadlock/livelock detected (174 wait ticks). Seeking alternate route/nook...
[15:03:58] [Tick 981] Alternate route found to goal (31 steps).
[15:03:58] [Tick 981] Pos=(14, 27), Heading=WEST, State=EN_ROUTE_PICKUP, Action=WAITING, Priority=0.0, Battery=0.0%, Waits=173
[15:03:59] [Tick 982] Low battery (0.0%) routing to charger (14, 28).
[15:03:59] [Tick 982] Deadlock/livelock detected (175 wait ticks). Seeking alternate route/nook...
[15:03:59] [Tick 982] Alternate route found to goal (31 steps).
[15:03:59] [Tick 982] Pos=(14, 27), Heading=WEST, State=EN_ROUTE_PICKUP, Action=WAITING, Priority=0.0, Battery=0.0%, Waits=174
[15:03:59] [Tick 983] Low battery (0.0%) routing to charger (14, 28).
[15:03:59] [Tick 983] Deadlock/livelock detected (176 wait ticks). Seeking alternate route/nook...
[15:03:59] [Tick 983] Alternate route found to goal (31 steps).
[15:03:59] [Tick 983] Pos=(14, 27), Heading=WEST, State=EN_ROUTE_PICKUP, Action=WAITING, Priority=0.0, Battery=0.0%, Waits=175
[15:04:00] [Tick 984] Low battery (0.0%) routing to charger (14, 28).
[15:04:00] [Tick 984] Deadlock/livelock detected (177 wait ticks). Seeking alternate route/nook...
[15:04:00] [Tick 984] Alternate route found to goal (31 steps).
[15:04:00] [Tick 984] Pos=(14, 27), Heading=WEST, State=EN_ROUTE_PICKUP, Action=WAITING, Priority=0.0, Battery=0.0%, Waits=176
[15:04:00] [Tick 985] Low battery (0.0%) routing to charger (14, 28).
[15:04:00] [Tick 985] Deadlock/livelock detected (178 wait ticks). Seeking alternate route/nook...
[15:04:00] [Tick 985] Alternate route found to goal (31 steps).
[15:04:00] [Tick 985] Pos=(14, 27), Heading=WEST, State=EN_ROUTE_PICKUP, Action=WAITING, Priority=0.0, Battery=0.0%, Waits=177
[15:04:01] [Tick 986] Low battery (0.0%) routing to charger (14, 28).
[15:04:01] [Tick 986] Deadlock/livelock detected (179 wait ticks). Seeking alternate route/nook...
[15:04:01] [Tick 986] Alternate route found to goal (31 steps).
[15:04:01] [Tick 986] Pos=(14, 27), Heading=WEST, State=EN_ROUTE_PICKUP, Action=WAITING, Priority=0.0, Battery=0.0%, Waits=178
[15:04:01] [Tick 987] Low battery (0.0%) routing to charger (14, 28).
[15:04:01] [Tick 987] Deadlock/livelock detected (180 wait ticks). Seeking alternate route/nook...
